ID;ID_EQUIPO;COSTO;FECHA_INGRESO;FECHA_INICIO_OP;PRECIO_DEPRECIACION;AÑOS_USO;VIDA_UTIL;OBSOLESCENCIA_PCT;NIVEL_OBSOLESCENCIA;MTO_CORRECTIVO
BIO_1;2;2769000;02/07/2015;01/08/2015;138000;10.3;10;87.5;Proximo a obsoleto;2
BIO_2;1;3137000;03/01/2018;06/02/2018;804000;7.8;10;58.7;Envejeciendo;0
BIO_3;3;9571000;14/12/2014;31/01/2015;479000;10.9;10;93.7;Proximo a obsoleto;3
BIO_4;4;69143000;02/09/2013;04/10/2013;3457000;12.2;8;81.2;Proximo a obsoleto;1
BIO_5;6;79482000;02/05/2024;20/06/2024;65324000;1.5;8;14.1;Vigente;0
BIO_6;7;48944000;17/06/2017;08/08/2017;2447000;8.3;8;100.0;Obsoleto;4
BIO_7;8;56180000;11/12/2017;24/01/2018;3343000;7.9;8;99.2;Proximo a obsoleto;4
BIO_8;9;25160000;23/02/2013;18/04/2013;1258000;12.7;8;81.2;Proximo a obsoleto;1
BIO_9;10;50109000;25/06/2022;04/08/2022;30294000;3.3;8;43.7;En uso normal;2
BIO_10;11;67657000;30/10/2017;29/12/2017;3383000;8.0;8;87.5;Proximo a obsoleto;2
BIO_11;11;55570000;30/01/2015;13/03/2015;2778000;10.8;8;75.0;Proximo a obsoleto;0
BIO_12;11;74351000;18/09/2020;06/11/2020;29499000;5.1;8;60.1;Envejeciendo;2
BIO_13;11;93761000;22/04/2023;08/06/2023;65926000;2.5;8;23.4;Vigente;0
BIO_14;12;30740000;08/10/2014;24/11/2014;1537000;11.1;8;87.5;Proximo a obsoleto;2
BIO_15;13;90469000;10/02/2021;30/03/2021;39439000;4.8;8;50.8;Envejeciendo;1
BIO_16;14;42662000;24/07/2014;24/08/2014;2133000;11.3;8;81.2;Proximo a obsoleto;1
BIO_17;15;61803000;29/06/2019;31/07/2019;24109000;6.4;10;54.4;Envejeciendo;1
BIO_18;16;70993000;08/04/2015;20/05/2015;3550000;10.6;10;87.5;Proximo a obsoleto;2
BIO_19;17;39693000;08/03/2021;12/04/2021;22083000;4.7;10;47.5;En uso normal;2
BIO_20;20;21304000;13/09/2017;03/11/2017;4951000;8.1;10;73.1;Envejeciendo;2
BIO_21;18;42058000;02/11/2016;19/12/2016;6098000;9.0;10;73.8;Envejeciendo;1
BIO_22;19;57897000;15/05/2023;26/06/2023;44146000;2.5;10;31.3;En uso normal;2
BIO_23;5;20032000;05/12/2017;25/01/2018;4960000;7.9;10;71.9;Envejeciendo;2
BIO_24;21;1086820000;20/02/2018;17/04/2018;558879000;7.7;15;38.3;En uso normal;0
BIO_25;22;5363000;29/01/2020;11/03/2020;2433000;5.8;10;55.6;Envejeciendo;2
BIO_26;24;194578000;25/09/2017;23/11/2017;70113000;8.1;12;75.5;Proximo a obsoleto;4
BIO_27;23;175107000;08/10/2017;27/11/2017;63097000;8.1;12;69.3;Envejeciendo;3
BIO_28;27;11575000;17/04/2023;21/05/2023;8738000;2.6;10;31.9;En uso normal;2
BIO_29;25;16777000;14/07/2018;05/09/2018;7148000;7.2;12;70.3;Envejeciendo;4
BIO_30;26;17212000;23/11/2018;15/01/2019;7783000;6.9;12;68.2;Envejeciendo;4
BIO_31;152;79920000;16/12/2021;26/01/2022;50158000;3.9;10;35.6;En uso normal;1
BIO_32;32;5555000;06/06/2024;21/07/2024;4806000;1.4;10;10.6;Vigente;0
BIO_33;32;2957000;18/06/2015;22/07/2015;148000;10.4;10;81.2;Proximo a obsoleto;1
BIO_34;32;4167000;21/06/2022;09/08/2022;2849000;3.3;10;25.0;En uso normal;0
BIO_35;33;4405000;24/07/2021;11/09/2021;2626000;4.2;10;50.6;Envejeciendo;3
BIO_36;33;3266000;22/08/2018;08/10/2018;1041000;7.2;10;53.8;Envejeciendo;0
BIO_37;33;2996000;28/07/2015;17/09/2015;150000;10.2;10;100.0;Obsoleto;4
BIO_38;33;3494000;18/08/2020;20/09/2020;1751000;5.2;10;51.9;Envejeciendo;2
BIO_39;29;577000;19/07/2016;01/09/2016;70000;9.2;10;69.4;Envejeciendo;0
BIO_40;31;1112000;24/03/2024;17/05/2024;945000;1.6;10;18.1;Vigente;1
BIO_41;30;618000;22/05/2015;18/07/2015;31000;10.4;10;87.5;Proximo a obsoleto;2
BIO_42;28;1010000;21/05/2024;09/07/2024;874000;1.4;10;16.9;Vigente;1
BIO_43;34;29114000;22/05/2021;15/07/2021;16889000;4.4;10;39.4;En uso normal;1
BIO_44;36;9819000;23/11/2024;21/01/2025;8961000;0.9;10;6.9;Vigente;0
BIO_45;35;7218000;09/04/2020;24/05/2020;3392000;5.6;10;41.9;En uso normal;0
BIO_46;37;4820000;21/02/2021;20/04/2021;2682000;4.7;10;47.5;En uso normal;2
BIO_47;38;408000;20/04/2014;27/05/2014;20000;11.6;10;100.0;Obsoleto;4
BIO_48;38;460000;03/12/2014;25/01/2015;23000;10.9;10;93.8;Proximo a obsoleto;3
BIO_49;38;780000;12/12/2024;04/02/2025;718000;0.8;10;12.5;Vigente;1
BIO_50;42;615000;30/08/2023;29/10/2023;488000;2.2;10;41.3;En uso normal;4
BIO_51;42;549000;12/12/2018;27/01/2019;188000;6.9;10;76.9;Proximo a obsoleto;4
BIO_52;42;489000;02/10/2017;30/11/2017;114000;8.1;10;85.6;Proximo a obsoleto;4
BIO_53;42;537000;29/12/2019;09/02/2020;240000;5.8;10;56.2;Envejeciendo;2
BIO_54;41;797000;10/08/2024;23/09/2024;702000;1.2;10;9.4;Vigente;0
BIO_55;41;579000;15/01/2018;16/02/2018;148000;7.8;10;71.3;Envejeciendo;2
BIO_56;41;575000;01/03/2018;18/04/2018;156000;7.7;10;63.8;Envejeciendo;1
BIO_57;41;395000;05/08/2014;26/09/2014;20000;11.2;10;75.0;Proximo a obsoleto;0
BIO_58;41;413000;07/07/2014;03/09/2014;21000;11.2;10;75.0;Proximo a obsoleto;0
BIO_59;41;435000;04/08/2014;19/09/2014;22000;11.2;10;81.2;Proximo a obsoleto;1
BIO_60;41;772000;21/11/2023;27/12/2023;625000;2.0;10;40.0;En uso normal;4
BIO_61;39;689000;09/08/2023;15/09/2023;542000;2.2;10;35.6;En uso normal;3
BIO_62;45;576000;09/04/2017;12/05/2017;107000;8.6;10;64.4;Envejeciendo;0
BIO_63;45;635000;12/12/2020;24/01/2021;338000;4.9;10;55.6;Envejeciendo;3
BIO_64;54;666000;20/03/2014;10/05/2014;33000;11.6;10;75.0;Proximo a obsoleto;0
BIO_65;40;720000;12/01/2022;06/03/2022;464000;3.8;10;40.6;En uso normal;2
BIO_66;43;593000;30/07/2018;04/09/2018;185000;7.2;10;60.6;Envejeciendo;1
BIO_67;45;825000;24/01/2023;27/02/2023;603000;2.8;10;40.0;En uso normal;3
BIO_68;38;613000;01/04/2019;15/05/2019;230000;6.6;10;55.6;Envejeciendo;1
BIO_69;38;695000;10/12/2022;03/02/2023;508000;2.8;10;46.2;En uso normal;4
BIO_70;38;402000;19/02/2014;10/04/2014;20000;11.7;10;100.0;Obsoleto;4
BIO_71;39;462000;04/02/2015;04/04/2015;23000;10.7;10;81.2;Proximo a obsoleto;1
BIO_72;38;759000;12/02/2022;29/03/2022;489000;3.8;10;46.9;En uso normal;3
BIO_73;57;586000;30/12/2021;26/02/2022;373000;3.8;10;28.7;En uso normal;0
BIO_74;57;642000;02/07/2021;01/08/2021;378000;4.3;10;51.2;Envejeciendo;3
BIO_75;57;556000;17/03/2023;25/04/2023;415000;2.7;10;38.8;En uso normal;3
BIO_76;50;1146000;01/12/2023;04/01/2024;937000;1.9;10;20.6;Vigente;1
BIO_77;53;883000;19/11/2017;18/01/2018;219000;7.9;10;59.4;Envejeciendo;0
BIO_78;49;621000;15/05/2014;07/07/2014;31000;11.4;10;87.5;Proximo a obsoleto;2
BIO_79;52;742000;15/02/2014;04/04/2014;37000;11.7;10;93.8;Proximo a obsoleto;3
BIO_80;52;1110000;29/11/2024;03/01/2025;1013000;0.9;10;6.9;Vigente;0
BIO_81;55;724000;19/10/2014;15/12/2014;36000;11.0;10;81.2;Proximo a obsoleto;1
BIO_82;51;689000;11/07/2014;31/08/2014;34000;11.3;10;81.2;Proximo a obsoleto;1
BIO_83;53;873000;10/09/2015;09/11/2015;44000;10.1;10;100.0;Obsoleto;4
BIO_84;53;666000;22/11/2013;10/01/2014;33000;11.9;10;75.0;Proximo a obsoleto;0
BIO_85;53;1234000;22/09/2024;01/11/2024;1107000;1.1;10;20.6;Vigente;2
BIO_86;47;577000;18/01/2020;24/02/2020;257000;5.8;10;56.3;Envejeciendo;2
BIO_87;48;482000;09/12/2015;29/01/2016;28000;9.9;10;86.9;Proximo a obsoleto;2
BIO_88;48;617000;04/02/2020;03/04/2020;285000;5.7;10;42.5;En uso normal;0
BIO_89;56;1192000;13/04/2023;01/06/2023;909000;2.5;10;43.7;En uso normal;4
BIO_90;56;767000;24/08/2014;10/10/2014;38000;11.2;10;81.2;Proximo a obsoleto;1
BIO_91;56;937000;13/12/2018;16/01/2019;321000;6.9;10;64.4;Envejeciendo;2
BIO_92;58;5967000;25/06/2018;05/08/2018;1812000;7.3;10;67.5;Envejeciendo;2
BIO_93;59;4262000;30/10/2022;25/12/2022;3047000;3.0;10;47.5;En uso normal;4
BIO_94;60;2434000;12/11/2024;12/12/2024;2203000;1.0;10;32.5;En uso normal;4
BIO_95;61;5317000;29/04/2015;28/06/2015;266000;10.5;7;81.2;Proximo a obsoleto;1
BIO_96;61;4967000;04/08/2015;01/10/2015;248000;10.2;7;75.0;Proximo a obsoleto;0
BIO_97;61;9055000;13/05/2023;25/06/2023;5212000;2.5;7;26.8;En uso normal;0
BIO_98;61;9055000;13/05/2023;25/06/2023;5212000;2.5;7;26.8;En uso normal;0
BIO_99;61;9055000;13/05/2023;25/06/2023;5212000;2.5;7;26.8;En uso normal;0
BIO_100;61;9055000;13/05/2023;25/06/2023;5212000;2.5;7;26.8;En uso normal;0
BIO_101;61;9055000;13/05/2023;25/06/2023;5212000;2.5;7;26.8;En uso normal;0
BIO_102;61;9055000;13/05/2023;25/06/2023;5212000;2.5;7;26.8;En uso normal;0
BIO_103;61;9055000;13/05/2023;25/06/2023;5212000;2.5;7;26.8;En uso normal;0
BIO_104;61;9055000;13/05/2023;25/06/2023;5212000;2.5;7;26.8;En uso normal;0
BIO_105;61;9055000;13/05/2023;25/06/2023;5212000;2.5;7;26.8;En uso normal;0
BIO_106;61;9055000;13/05/2023;25/06/2023;5212000;2.5;7;26.8;En uso normal;0
BIO_107;61;9055000;13/05/2023;25/06/2023;5212000;2.5;7;26.8;En uso normal;0
BIO_108;61;9055000;13/05/2023;25/06/2023;5212000;2.5;7;26.8;En uso normal;0
BIO_109;61;9055000;13/05/2023;25/06/2023;5212000;2.5;7;26.8;En uso normal;0
BIO_110;61;9055000;13/05/2023;25/06/2023;5212000;2.5;7;26.8;En uso normal;0
BIO_111;61;9055000;13/05/2023;25/06/2023;5212000;2.5;7;26.8;En uso normal;0
BIO_112;61;9055000;13/05/2023;25/06/2023;5212000;2.5;7;26.8;En uso normal;0
BIO_113;61;9055000;13/05/2023;25/06/2023;5212000;2.5;7;26.8;En uso normal;0
BIO_114;61;9055000;13/05/2023;25/06/2023;5212000;2.5;7;26.8;En uso normal;0
BIO_115;61;9055000;13/05/2023;25/06/2023;5212000;2.5;7;26.8;En uso normal;0
BIO_116;61;9055000;13/05/2023;25/06/2023;5212000;2.5;7;26.8;En uso normal;0
BIO_117;61;9055000;13/05/2023;25/06/2023;5212000;2.5;7;26.8;En uso normal;0
BIO_118;61;9055000;13/05/2023;25/06/2023;5212000;2.5;7;26.8;En uso normal;0
BIO_119;61;9055000;13/05/2023;25/06/2023;5212000;2.5;7;26.8;En uso normal;0
BIO_312;64;7387000;06/08/2020;30/09/2020;2124000;5.2;7;56.2;Envejeciendo;0
BIO_313;64;5127000;09/09/2014;13/10/2014;256000;11.2;7;81.2;Proximo a obsoleto;1
BIO_314;64;7705000;16/03/2021;17/04/2021;2822000;4.7;7;68.8;Envejeciendo;3
BIO_315;67;6651000;07/12/2018;23/01/2019;405000;6.9;7;74.1;Envejeciendo;0
BIO_120;61;9055000;13/05/2023;25/06/2023;5212000;2.5;7;26.8;En uso normal;0
BIO_121;61;9055000;13/05/2023;25/06/2023;5212000;2.5;7;26.8;En uso normal;0
BIO_122;61;9055000;13/05/2023;25/06/2023;5212000;2.5;7;26.8;En uso normal;0
BIO_123;61;9055000;13/05/2023;25/06/2023;5212000;2.5;7;26.8;En uso normal;0
BIO_124;61;9055000;13/05/2023;25/06/2023;5212000;2.5;7;26.8;En uso normal;0
BIO_125;61;9055000;13/05/2023;25/06/2023;5212000;2.5;7;26.8;En uso normal;0
BIO_126;61;9055000;13/05/2023;25/06/2023;5212000;2.5;7;26.8;En uso normal;0
BIO_127;61;9055000;13/05/2023;25/06/2023;5212000;2.5;7;26.8;En uso normal;0
BIO_128;61;9055000;13/05/2023;25/06/2023;5212000;2.5;7;26.8;En uso normal;0
BIO_129;61;9055000;13/05/2023;25/06/2023;5212000;2.5;7;26.8;En uso normal;0
BIO_130;61;9055000;13/05/2023;25/06/2023;5212000;2.5;7;26.8;En uso normal;0
BIO_131;61;9055000;13/05/2023;25/06/2023;5212000;2.5;7;26.8;En uso normal;0
BIO_132;61;9055000;13/05/2023;25/06/2023;5212000;2.5;7;26.8;En uso normal;0
BIO_133;61;9055000;13/05/2023;25/06/2023;5212000;2.5;7;26.8;En uso normal;0
BIO_134;61;9055000;13/05/2023;25/06/2023;5212000;2.5;7;26.8;En uso normal;0
BIO_135;61;9055000;13/05/2023;25/06/2023;5212000;2.5;7;26.8;En uso normal;0
BIO_136;61;9055000;13/05/2023;25/06/2023;5212000;2.5;7;26.8;En uso normal;0
BIO_137;61;9055000;13/05/2023;25/06/2023;5212000;2.5;7;26.8;En uso normal;0
BIO_138;61;9055000;13/05/2023;25/06/2023;5212000;2.5;7;26.8;En uso normal;0
BIO_139;61;9055000;13/05/2023;25/06/2023;5212000;2.5;7;26.8;En uso normal;0
BIO_140;61;9055000;13/05/2023;25/06/2023;5212000;2.5;7;26.8;En uso normal;0
BIO_141;61;9055000;13/05/2023;25/06/2023;5212000;2.5;7;26.8;En uso normal;0
BIO_142;61;9055000;13/05/2023;25/06/2023;5212000;2.5;7;26.8;En uso normal;0
BIO_143;61;9055000;13/05/2023;25/06/2023;5212000;2.5;7;26.8;En uso normal;0
BIO_144;61;9055000;13/05/2023;25/06/2023;5212000;2.5;7;26.8;En uso normal;0
BIO_145;61;9055000;13/05/2023;25/06/2023;5212000;2.5;7;26.8;En uso normal;0
BIO_146;61;9055000;13/05/2023;25/06/2023;5212000;2.5;7;26.8;En uso normal;0
BIO_147;61;9055000;13/05/2023;25/06/2023;5212000;2.5;7;26.8;En uso normal;0
BIO_148;61;9055000;13/05/2023;25/06/2023;5212000;2.5;7;26.8;En uso normal;0
BIO_149;61;9055000;13/05/2023;25/06/2023;5212000;2.5;7;26.8;En uso normal;0
BIO_150;61;9055000;13/05/2023;25/06/2023;5212000;2.5;7;26.8;En uso normal;0
BIO_151;61;9055000;13/05/2023;25/06/2023;5212000;2.5;7;26.8;En uso normal;0
BIO_152;61;9055000;13/05/2023;25/06/2023;5212000;2.5;7;26.8;En uso normal;0
BIO_153;61;9055000;13/05/2023;25/06/2023;5212000;2.5;7;26.8;En uso normal;0
BIO_154;61;9055000;13/05/2023;25/06/2023;5212000;2.5;7;26.8;En uso normal;0
BIO_155;61;9055000;13/05/2023;25/06/2023;5212000;2.5;7;26.8;En uso normal;0
BIO_156;61;9055000;13/05/2023;25/06/2023;5212000;2.5;7;26.8;En uso normal;0
BIO_157;61;9055000;13/05/2023;25/06/2023;5212000;2.5;7;26.8;En uso normal;0
BIO_158;61;9055000;13/05/2023;25/06/2023;5212000;2.5;7;26.8;En uso normal;0
BIO_159;61;9055000;13/05/2023;25/06/2023;5212000;2.5;7;26.8;En uso normal;0
BIO_160;61;9055000;13/05/2023;25/06/2023;5212000;2.5;7;26.8;En uso normal;0
BIO_161;61;9055000;13/05/2023;25/06/2023;5212000;2.5;7;26.8;En uso normal;0
BIO_162;61;9055000;13/05/2023;25/06/2023;5212000;2.5;7;26.8;En uso normal;0
BIO_163;61;9055000;13/05/2023;25/06/2023;5212000;2.5;7;26.8;En uso normal;0
BIO_164;61;9055000;13/05/2023;25/06/2023;5212000;2.5;7;26.8;En uso normal;0
BIO_165;61;9055000;13/05/2023;25/06/2023;5212000;2.5;7;26.8;En uso normal;0
BIO_166;61;9055000;13/05/2023;25/06/2023;5212000;2.5;7;26.8;En uso normal;0
BIO_167;61;9055000;13/05/2023;25/06/2023;5212000;2.5;7;26.8;En uso normal;0
BIO_168;61;9055000;13/05/2023;25/06/2023;5212000;2.5;7;26.8;En uso normal;0
BIO_169;61;9055000;13/05/2023;25/06/2023;5212000;2.5;7;26.8;En uso normal;0
BIO_170;61;9055000;13/05/2023;25/06/2023;5212000;2.5;7;26.8;En uso normal;0
BIO_171;61;9055000;13/05/2023;25/06/2023;5212000;2.5;7;26.8;En uso normal;0
BIO_172;61;9055000;13/05/2023;25/06/2023;5212000;2.5;7;26.8;En uso normal;0
BIO_173;61;9055000;13/05/2023;25/06/2023;5212000;2.5;7;26.8;En uso normal;0
BIO_174;61;9055000;13/05/2023;25/06/2023;5212000;2.5;7;26.8;En uso normal;0
BIO_175;61;9055000;13/05/2023;25/06/2023;5212000;2.5;7;26.8;En uso normal;0
BIO_176;61;9055000;13/05/2023;25/06/2023;5212000;2.5;7;26.8;En uso normal;0
BIO_177;61;9055000;13/05/2023;25/06/2023;5212000;2.5;7;26.8;En uso normal;0
BIO_178;61;9055000;13/05/2023;25/06/2023;5212000;2.5;7;26.8;En uso normal;0
BIO_179;61;9055000;13/05/2023;25/06/2023;5212000;2.5;7;26.8;En uso normal;0
BIO_180;61;9055000;13/05/2023;25/06/2023;5212000;2.5;7;26.8;En uso normal;0
BIO_181;61;9055000;13/05/2023;25/06/2023;5212000;2.5;7;26.8;En uso normal;0
BIO_182;61;9055000;13/05/2023;25/06/2023;5212000;2.5;7;26.8;En uso normal;0
BIO_183;61;9055000;13/05/2023;25/06/2023;5212000;2.5;7;26.8;En uso normal;0
BIO_184;61;9055000;13/05/2023;25/06/2023;5212000;2.5;7;26.8;En uso normal;0
BIO_185;61;9055000;13/05/2023;25/06/2023;5212000;2.5;7;26.8;En uso normal;0
BIO_186;61;9055000;13/05/2023;25/06/2023;5212000;2.5;7;26.8;En uso normal;0
BIO_187;61;9055000;13/05/2023;25/06/2023;5212000;2.5;7;26.8;En uso normal;0
BIO_188;61;9055000;13/05/2023;25/06/2023;5212000;2.5;7;26.8;En uso normal;0
BIO_189;61;9055000;13/05/2023;25/06/2023;5212000;2.5;7;26.8;En uso normal;0
BIO_190;61;9055000;13/05/2023;25/06/2023;5212000;2.5;7;26.8;En uso normal;0
BIO_191;61;9055000;13/05/2023;25/06/2023;5212000;2.5;7;26.8;En uso normal;0
BIO_192;61;9055000;13/05/2023;25/06/2023;5212000;2.5;7;26.8;En uso normal;0
BIO_193;61;9055000;13/05/2023;25/06/2023;5212000;2.5;7;26.8;En uso normal;0
BIO_194;61;9055000;13/05/2023;25/06/2023;5212000;2.5;7;26.8;En uso normal;0
BIO_195;61;9055000;13/05/2023;25/06/2023;5212000;2.5;7;26.8;En uso normal;0
BIO_196;61;9055000;13/05/2023;25/06/2023;5212000;2.5;7;26.8;En uso normal;0
BIO_197;61;9055000;13/05/2023;25/06/2023;5212000;2.5;7;26.8;En uso normal;0
BIO_198;61;9055000;13/05/2023;25/06/2023;5212000;2.5;7;26.8;En uso normal;0
BIO_199;61;9055000;13/05/2023;25/06/2023;5212000;2.5;7;26.8;En uso normal;0
BIO_200;61;9055000;13/05/2023;25/06/2023;5212000;2.5;7;26.8;En uso normal;0
BIO_201;61;9055000;13/05/2023;25/06/2023;5212000;2.5;7;26.8;En uso normal;0
BIO_202;61;9055000;13/05/2023;25/06/2023;5212000;2.5;7;26.8;En uso normal;0
BIO_203;61;9055000;13/05/2023;25/06/2023;5212000;2.5;7;26.8;En uso normal;0
BIO_204;61;9055000;13/05/2023;25/06/2023;5212000;2.5;7;26.8;En uso normal;0
BIO_205;61;9055000;13/05/2023;25/06/2023;5212000;2.5;7;26.8;En uso normal;0
BIO_206;61;9055000;13/05/2023;25/06/2023;5212000;2.5;7;26.8;En uso normal;0
BIO_207;61;9055000;13/05/2023;25/06/2023;5212000;2.5;7;26.8;En uso normal;0
BIO_208;61;9055000;13/05/2023;25/06/2023;5212000;2.5;7;26.8;En uso normal;0
BIO_209;61;9055000;13/05/2023;25/06/2023;5212000;2.5;7;26.8;En uso normal;0
BIO_210;61;9055000;13/05/2023;25/06/2023;5212000;2.5;7;26.8;En uso normal;0
BIO_211;61;9055000;13/05/2023;25/06/2023;5212000;2.5;7;26.8;En uso normal;0
BIO_212;61;9055000;13/05/2023;25/06/2023;5212000;2.5;7;26.8;En uso normal;0
BIO_213;61;9055000;13/05/2023;25/06/2023;5212000;2.5;7;26.8;En uso normal;0
BIO_214;61;9055000;13/05/2023;25/06/2023;5212000;2.5;7;26.8;En uso normal;0
BIO_215;61;9055000;13/05/2023;25/06/2023;5212000;2.5;7;26.8;En uso normal;0
BIO_216;61;9055000;13/05/2023;25/06/2023;5212000;2.5;7;26.8;En uso normal;0
BIO_217;61;9055000;13/05/2023;25/06/2023;5212000;2.5;7;26.8;En uso normal;0
BIO_218;61;9055000;13/05/2023;25/06/2023;5212000;2.5;7;26.8;En uso normal;0
BIO_219;61;9055000;13/05/2023;25/06/2023;5212000;2.5;7;26.8;En uso normal;0
BIO_220;61;9055000;13/05/2023;25/06/2023;5212000;2.5;7;26.8;En uso normal;0
BIO_221;61;9055000;13/05/2023;25/06/2023;5212000;2.5;7;26.8;En uso normal;0
BIO_222;61;9055000;13/05/2023;25/06/2023;5212000;2.5;7;26.8;En uso normal;0
BIO_223;61;9055000;13/05/2023;25/06/2023;5212000;2.5;7;26.8;En uso normal;0
BIO_224;61;9055000;13/05/2023;25/06/2023;5212000;2.5;7;26.8;En uso normal;0
BIO_225;61;9055000;13/05/2023;25/06/2023;5212000;2.5;7;26.8;En uso normal;0
BIO_226;61;9055000;13/05/2023;25/06/2023;5212000;2.5;7;26.8;En uso normal;0
BIO_227;61;9055000;13/05/2023;25/06/2023;5212000;2.5;7;26.8;En uso normal;0
BIO_228;61;9055000;13/05/2023;25/06/2023;5212000;2.5;7;26.8;En uso normal;0
BIO_229;61;9055000;13/05/2023;25/06/2023;5212000;2.5;7;26.8;En uso normal;0
BIO_230;61;9055000;13/05/2023;25/06/2023;5212000;2.5;7;26.8;En uso normal;0
BIO_231;61;9055000;13/05/2023;25/06/2023;5212000;2.5;7;26.8;En uso normal;0
BIO_232;61;9055000;13/05/2023;25/06/2023;5212000;2.5;7;26.8;En uso normal;0
BIO_233;61;9055000;13/05/2023;25/06/2023;5212000;2.5;7;26.8;En uso normal;0
BIO_234;61;9055000;13/05/2023;25/06/2023;5212000;2.5;7;26.8;En uso normal;0
BIO_235;61;9055000;13/05/2023;25/06/2023;5212000;2.5;7;26.8;En uso normal;0
BIO_236;61;9055000;13/05/2023;25/06/2023;5212000;2.5;7;26.8;En uso normal;0
BIO_237;61;9055000;13/05/2023;25/06/2023;5212000;2.5;7;26.8;En uso normal;0
BIO_238;61;9055000;13/05/2023;25/06/2023;5212000;2.5;7;26.8;En uso normal;0
BIO_239;61;9055000;13/05/2023;25/06/2023;5212000;2.5;7;26.8;En uso normal;0
BIO_240;61;9055000;13/05/2023;25/06/2023;5212000;2.5;7;26.8;En uso normal;0
BIO_241;61;9055000;13/05/2023;25/06/2023;5212000;2.5;7;26.8;En uso normal;0
BIO_242;61;9055000;13/05/2023;25/06/2023;5212000;2.5;7;26.8;En uso normal;0
BIO_243;61;9055000;13/05/2023;25/06/2023;5212000;2.5;7;26.8;En uso normal;0
BIO_244;61;9055000;13/05/2023;25/06/2023;5212000;2.5;7;26.8;En uso normal;0
BIO_245;61;9055000;13/05/2023;25/06/2023;5212000;2.5;7;26.8;En uso normal;0
BIO_246;61;9055000;13/05/2023;25/06/2023;5212000;2.5;7;26.8;En uso normal;0
BIO_247;61;9055000;13/05/2023;25/06/2023;5212000;2.5;7;26.8;En uso normal;0
BIO_854;246;1636000;19/03/2019;08/05/2019;613000;6.6;10;49.4;En uso normal;0
BIO_855;245;1664000;24/05/2019;17/07/2019;649000;6.4;10;48.1;En uso normal;0
BIO_856;238;6560000;08/10/2019;13/11/2019;2771000;6.1;7;86.3;Proximo a obsoleto;4
BIO_598;173;434000;30/09/2023;05/11/2023;262000;2.1;5;37.5;En uso normal;1
BIO_340;80;6866000;04/05/2018;21/06/2018;2789000;7.5;12;59.4;Envejeciendo;2
BIO_341;80;5978000;28/11/2016;05/01/2017;1757000;8.9;12;55.7;Envejeciendo;0
BIO_342;80;9254000;11/06/2022;27/07/2022;6748000;3.4;12;21.4;Vigente;0
BIO_248;61;9055000;13/05/2023;25/06/2023;5212000;2.5;7;26.8;En uso normal;0
BIO_249;61;9055000;13/05/2023;25/06/2023;5212000;2.5;7;26.8;En uso normal;0
BIO_250;61;9055000;13/05/2023;25/06/2023;5212000;2.5;7;26.8;En uso normal;0
BIO_251;61;9055000;13/05/2023;25/06/2023;5212000;2.5;7;26.8;En uso normal;0
BIO_252;61;9055000;13/05/2023;25/06/2023;5212000;2.5;7;26.8;En uso normal;0
BIO_253;61;9055000;13/05/2023;25/06/2023;5212000;2.5;7;26.8;En uso normal;0
BIO_254;61;9055000;13/05/2023;25/06/2023;5212000;2.5;7;26.8;En uso normal;0
BIO_255;61;9055000;13/05/2023;25/06/2023;5212000;2.5;7;26.8;En uso normal;0
BIO_256;61;9055000;13/05/2023;25/06/2023;5212000;2.5;7;26.8;En uso normal;0
BIO_257;61;9055000;13/05/2023;25/06/2023;5212000;2.5;7;26.8;En uso normal;0
BIO_258;61;9055000;13/05/2023;25/06/2023;5212000;2.5;7;26.8;En uso normal;0
BIO_259;61;9055000;13/05/2023;25/06/2023;5212000;2.5;7;26.8;En uso normal;0
BIO_260;61;9055000;13/05/2023;25/06/2023;5212000;2.5;7;26.8;En uso normal;0
BIO_261;61;9055000;13/05/2023;25/06/2023;5212000;2.5;7;26.8;En uso normal;0
BIO_262;61;9055000;13/05/2023;25/06/2023;5212000;2.5;7;26.8;En uso normal;0
BIO_263;61;9055000;13/05/2023;25/06/2023;5212000;2.5;7;26.8;En uso normal;0
BIO_264;61;9055000;13/05/2023;25/06/2023;5212000;2.5;7;26.8;En uso normal;0
BIO_265;61;9055000;13/05/2023;25/06/2023;5212000;2.5;7;26.8;En uso normal;0
BIO_266;61;9055000;13/05/2023;25/06/2023;5212000;2.5;7;26.8;En uso normal;0
BIO_267;61;9055000;13/05/2023;25/06/2023;5212000;2.5;7;26.8;En uso normal;0
BIO_268;61;9055000;13/05/2023;25/06/2023;5212000;2.5;7;26.8;En uso normal;0
BIO_269;61;9055000;13/05/2023;25/06/2023;5212000;2.5;7;26.8;En uso normal;0
BIO_270;61;9055000;13/05/2023;25/06/2023;5212000;2.5;7;26.8;En uso normal;0
BIO_271;61;9055000;13/05/2023;25/06/2023;5212000;2.5;7;26.8;En uso normal;0
BIO_272;61;9055000;13/05/2023;25/06/2023;5212000;2.5;7;26.8;En uso normal;0
BIO_273;61;9055000;13/05/2023;25/06/2023;5212000;2.5;7;26.8;En uso normal;0
BIO_274;61;9055000;13/05/2023;25/06/2023;5212000;2.5;7;26.8;En uso normal;0
BIO_275;61;9055000;13/05/2023;25/06/2023;5212000;2.5;7;26.8;En uso normal;0
BIO_276;61;9055000;13/05/2023;25/06/2023;5212000;2.5;7;26.8;En uso normal;0
BIO_277;61;9055000;13/05/2023;25/06/2023;5212000;2.5;7;26.8;En uso normal;0
BIO_278;61;9055000;13/05/2023;25/06/2023;5212000;2.5;7;26.8;En uso normal;0
BIO_279;61;9055000;13/05/2023;25/06/2023;5212000;2.5;7;26.8;En uso normal;0
BIO_280;61;9055000;13/05/2023;25/06/2023;5212000;2.5;7;26.8;En uso normal;0
BIO_281;61;9055000;13/05/2023;25/06/2023;5212000;2.5;7;26.8;En uso normal;0
BIO_282;61;9055000;13/05/2023;25/06/2023;5212000;2.5;7;26.8;En uso normal;0
BIO_283;61;9055000;13/05/2023;25/06/2023;5212000;2.5;7;26.8;En uso normal;0
BIO_284;61;9055000;13/05/2023;25/06/2023;5212000;2.5;7;26.8;En uso normal;0
BIO_285;61;9055000;13/05/2023;25/06/2023;5212000;2.5;7;26.8;En uso normal;0
BIO_286;61;9055000;13/05/2023;25/06/2023;5212000;2.5;7;26.8;En uso normal;0
BIO_287;61;9055000;13/05/2023;25/06/2023;5212000;2.5;7;26.8;En uso normal;0
BIO_288;61;9055000;13/05/2023;25/06/2023;5212000;2.5;7;26.8;En uso normal;0
BIO_289;61;9055000;13/05/2023;25/06/2023;5212000;2.5;7;26.8;En uso normal;0
BIO_290;61;9055000;13/05/2023;25/06/2023;5212000;2.5;7;26.8;En uso normal;0
BIO_291;61;9055000;13/05/2023;25/06/2023;5212000;2.5;7;26.8;En uso normal;0
BIO_292;61;9055000;13/05/2023;25/06/2023;5212000;2.5;7;26.8;En uso normal;0
BIO_293;61;9055000;13/05/2023;25/06/2023;5212000;2.5;7;26.8;En uso normal;0
BIO_294;62;4445000;12/09/2018;26/10/2018;222000;7.2;7;87.5;Proximo a obsoleto;2
BIO_295;63;4519000;18/03/2013;15/05/2013;226000;12.6;7;93.7;Proximo a obsoleto;3
BIO_296;67;5261000;18/07/2016;19/08/2016;263000;9.3;7;93.8;Proximo a obsoleto;3
BIO_297;67;6891000;17/09/2019;06/11/2019;1205000;6.1;7;83.9;Proximo a obsoleto;3
BIO_298;67;8406000;01/04/2023;28/05/2023;5463000;2.6;7;40.2;En uso normal;2
BIO_299;67;7704000;18/08/2021;14/10/2021;3344000;4.2;7;63.4;Envejeciendo;3
BIO_300;67;6401000;28/04/2018;09/06/2018;320000;7.5;7;100.0;Obsoleto;4
BIO_301;67;6213000;21/08/2019;12/10/2019;1011000;6.2;7;78.6;Proximo a obsoleto;2
BIO_302;65;7099000;17/11/2021;25/12/2021;3245000;4.0;7;42.9;En uso normal;0
BIO_303;67;9142000;22/02/2024;18/04/2024;7070000;1.7;7;30.4;En uso normal;2
BIO_304;67;7184000;26/11/2020;02/01/2021;2387000;4.9;7;58.9;Envejeciendo;1
BIO_305;67;5482000;26/01/2016;16/03/2016;274000;9.8;7;75.0;Proximo a obsoleto;0
BIO_306;67;6584000;06/12/2019;30/01/2020;1294000;5.9;7;82.2;Proximo a obsoleto;3
BIO_307;67;7909000;08/03/2021;30/04/2021;2896000;4.7;7;56.3;Envejeciendo;1
BIO_308;67;6306000;15/08/2019;24/09/2019;957000;6.2;7;85.7;Proximo a obsoleto;3
BIO_309;64;6010000;03/07/2017;06/08/2017;300000;8.3;7;100.0;Obsoleto;4
BIO_310;64;8643000;27/11/2024;12/01/2025;7564000;0.9;7;22.3;Vigente;2
BIO_311;64;6087000;07/10/2018;05/12/2018;304000;7.0;7;93.8;Proximo a obsoleto;3
BIO_316;64;7355000;08/04/2021;29/05/2021;2783000;4.6;7;61.6;Envejeciendo;2
BIO_317;65;7647000;02/05/2021;04/06/2021;2977000;4.5;7;54.5;Envejeciendo;1
BIO_318;67;4523000;25/07/2013;12/09/2013;226000;12.2;7;100.0;Obsoleto;4
BIO_319;67;5932000;19/12/2017;07/02/2018;297000;7.8;7;75.0;Proximo a obsoleto;0
BIO_320;66;6487000;12/10/2019;01/12/2019;1205000;6.0;7;83.0;Proximo a obsoleto;3
BIO_321;68;44259000;20/02/2016;22/03/2016;3264000;9.8;10;73.1;Envejeciendo;0
BIO_322;69;65999000;19/01/2024;21/02/2024;54525000;1.8;10;13.7;Vigente;0
BIO_323;70;4772000;17/01/2016;28/02/2016;316000;9.8;10;92.5;Proximo a obsoleto;3
BIO_324;80;10597000;27/05/2022;14/07/2022;7728000;3.4;12;27.6;En uso normal;1
BIO_325;80;5551000;23/03/2015;18/05/2015;902000;10.6;12;84.9;Proximo a obsoleto;3
BIO_326;80;8196000;26/02/2022;27/04/2022;5815000;3.7;12;35.4;En uso normal;2
BIO_327;80;9357000;24/04/2021;30/05/2021;5964000;4.6;12;47.4;En uso normal;3
BIO_328;80;7645000;19/04/2018;15/06/2018;3106000;7.5;12;59.4;Envejeciendo;2
BIO_329;80;8991000;29/03/2021;15/05/2021;5731000;4.6;12;41.1;En uso normal;2
BIO_330;80;8994000;06/12/2021;13/01/2022;6203000;3.9;12;30.7;En uso normal;1
BIO_331;80;9613000;15/03/2023;16/04/2023;7581000;2.7;12;22.9;Vigente;1
BIO_332;80;4987000;24/06/2013;25/07/2013;249000;12.4;12;87.5;Proximo a obsoleto;2
BIO_333;80;6073000;29/10/2015;23/12/2015;1265000;10.0;12;87.5;Proximo a obsoleto;4
BIO_334;80;5387000;17/07/2014;11/09/2014;589000;11.2;12;95.3;Proximo a obsoleto;4
BIO_335;80;7312000;05/11/2017;31/12/2017;2681000;8.0;12;56.3;Envejeciendo;1
BIO_336;77;5952000;23/04/2016;17/06/2016;1476000;9.5;12;84.4;Proximo a obsoleto;4
BIO_337;77;6699000;22/03/2019;18/05/2019;3209000;6.6;12;47.4;En uso normal;1
BIO_338;80;7005000;16/08/2018;10/10/2018;3029000;7.2;12;51.0;Envejeciendo;1
BIO_339;77;5224000;31/07/2013;03/09/2013;261000;12.2;12;75.0;Proximo a obsoleto;0
BIO_343;77;9234000;07/09/2023;21/10/2023;7648000;2.2;12;26.0;En uso normal;2
BIO_344;77;5451000;13/06/2015;27/07/2015;954000;10.4;12;90.1;Proximo a obsoleto;4
BIO_345;77;4866000;22/12/2013;13/02/2014;309000;11.8;12;99.0;Proximo a obsoleto;4
BIO_346;77;9224000;11/04/2023;31/05/2023;7340000;2.6;12;16.1;Vigente;0
BIO_347;77;8007000;29/09/2023;25/11/2023;6689000;2.1;12;31.8;En uso normal;3
BIO_348;81;5357000;04/06/2015;19/07/2015;938000;10.4;12;83.9;Proximo a obsoleto;3
BIO_349;84;5052000;24/10/2014;03/12/2014;653000;11.0;12;93.7;Proximo a obsoleto;4
BIO_350;88;8891000;23/06/2014;27/07/2014;853000;11.4;12;83.9;Proximo a obsoleto;2
BIO_351;81;8280000;17/04/2020;29/05/2020;4622000;5.6;12;59.9;Envejeciendo;4
BIO_352;84;8020000;13/08/2019;26/09/2019;4052000;6.2;12;64.1;Envejeciendo;4
BIO_353;81;9700000;26/08/2022;28/09/2022;7204000;3.2;12;20.3;Vigente;0
BIO_354;81;6696000;28/10/2017;10/12/2017;2455000;8.0;12;68.8;Envejeciendo;3
BIO_355;76;8530000;13/04/2022;23/05/2022;6112000;3.6;12;41.1;En uso normal;3
BIO_356;77;7858000;01/05/2022;23/06/2022;5681000;3.5;12;21.9;Vigente;0
BIO_357;77;8531000;29/07/2022;07/09/2022;6336000;3.2;12;32.8;En uso normal;2
BIO_358;77;5884000;04/06/2016;25/07/2016;1496000;9.4;12;77.6;Proximo a obsoleto;3
BIO_359;77;5828000;18/01/2015;15/03/2015;868000;10.8;12;67.2;Envejeciendo;0
BIO_360;81;8477000;08/09/2022;11/10/2022;6350000;3.2;12;32.3;En uso normal;2
BIO_361;78;5932000;07/05/2014;24/06/2014;531000;11.5;12;96.9;Proximo a obsoleto;4
BIO_362;84;8536000;24/05/2020;14/07/2020;4873000;5.4;12;33.9;En uso normal;0
BIO_363;84;7537000;06/12/2020;01/02/2021;4655000;4.8;12;49.0;En uso normal;3
BIO_364;84;7404000;15/06/2019;03/08/2019;3694000;6.3;12;52.1;Envejeciendo;2
BIO_365;78;6370000;29/04/2015;16/06/2015;1075000;10.5;12;90.6;Proximo a obsoleto;4
BIO_366;88;9837000;21/06/2016;11/08/2016;2571000;9.3;12;77.1;Proximo a obsoleto;3
BIO_367;78;6145000;06/06/2015;17/07/2015;1076000;10.4;12;90.1;Proximo a obsoleto;4
BIO_368;72;6043000;31/07/2015;23/09/2015;1139000;10.2;12;76.6;Proximo a obsoleto;2
BIO_369;71;7246000;27/01/2018;23/03/2018;2800000;7.8;12;67.2;Envejeciendo;3
BIO_370;72;5040000;04/08/2013;22/09/2013;252000;12.2;12;87.5;Proximo a obsoleto;2
BIO_371;88;10795000;17/01/2017;24/02/2017;3249000;8.8;12;67.7;Envejeciendo;2
BIO_372;71;8401000;15/11/2020;15/12/2020;5076000;5.0;12;37.5;En uso normal;1
BIO_373;85;8996000;28/12/2021;29/01/2022;6204000;3.9;12;30.7;En uso normal;1
BIO_374;71;5785000;09/09/2013;11/10/2013;289000;12.2;12;100.0;Obsoleto;4
BIO_375;84;9448000;09/06/2021;22/07/2021;6142000;4.4;12;46.4;En uso normal;3
BIO_376;88;9540000;13/07/2016;23/08/2016;2494000;9.3;12;70.8;Envejeciendo;2
BIO_377;88;9677000;27/11/2014;24/01/2015;1311000;10.9;12;68.2;Envejeciendo;0
BIO_378;88;10313000;13/07/2016;05/09/2016;2761000;9.2;12;82.8;Proximo a obsoleto;4
BIO_379;71;6693000;31/10/2014;08/12/2014;865000;11.0;12;87.5;Proximo a obsoleto;3
BIO_380;81;9000000;23/11/2023;11/01/2024;7632000;1.9;12;30.7;En uso normal;3
BIO_381;75;7110000;16/02/2019;24/03/2019;3311000;6.8;12;67.2;Envejeciendo;4
BIO_382;74;7691000;28/09/2020;10/11/2020;4598000;5.1;12;31.8;En uso normal;0
BIO_383;83;7987000;01/12/2023;16/01/2024;6773000;1.9;12;24.5;Vigente;2
BIO_384;74;6498000;12/12/2017;23/01/2018;2424000;7.9;12;74.5;Envejeciendo;4
BIO_385;84;4750000;04/03/2013;09/04/2013;238000;12.7;12;87.5;Proximo a obsoleto;2
BIO_386;84;6095000;30/01/2016;24/03/2016;1390000;9.8;12;73.4;Envejeciendo;2
BIO_387;84;7811000;11/05/2020;13/06/2020;4410000;5.5;12;34.4;En uso normal;0
BIO_388;74;10440000;29/08/2022;03/10/2022;7820000;3.2;12;26.0;En uso normal;1
BIO_389;77;10329000;11/12/2024;01/02/2025;9650000;0.8;12;11.5;Vigente;1
BIO_390;74;7706000;11/12/2020;12/01/2021;4705000;4.9;12;49.5;En uso normal;3
BIO_391;86;7929000;14/10/2022;13/11/2022;5996000;3.1;12;38.0;En uso normal;3
BIO_392;86;7903000;09/01/2020;26/02/2020;4255000;5.8;12;55.2;Envejeciendo;3
BIO_393;86;7641000;27/01/2022;20/03/2022;5373000;3.8;12;42.2;En uso normal;3
BIO_394;74;6921000;02/08/2015;13/09/2015;1305000;10.2;12;64.1;Envejeciendo;0
BIO_395;86;6591000;08/11/2016;02/01/2017;1937000;8.9;12;80.7;Proximo a obsoleto;4
BIO_396;73;8242000;12/02/2021;16/03/2021;5143000;4.8;12;48.4;En uso normal;3
BIO_397;84;5840000;17/06/2018;30/07/2018;2409000;7.4;12;71.4;Envejeciendo;4
BIO_398;71;11304000;02/10/2024;03/11/2024;10338000;1.1;12;25.5;En uso normal;3
BIO_399;84;7534000;13/08/2020;19/09/2020;4403000;5.2;12;45.3;En uso normal;2
BIO_400;88;9941000;18/09/2014;03/11/2014;1221000;11.1;12;69.3;Envejeciendo;0
BIO_401;74;8898000;09/06/2024;15/07/2024;7898000;1.4;12;21.4;Vigente;2
BIO_402;74;6092000;24/04/2016;31/05/2016;1472000;9.6;12;59.9;Envejeciendo;0
BIO_403;84;6770000;28/09/2018;03/11/2018;2975000;7.1;12;50.5;Envejeciendo;1
BIO_404;88;10202000;06/06/2016;30/07/2016;2594000;9.4;12;58.9;Envejeciendo;0
BIO_405;88;15616000;31/01/2024;15/03/2024;13453000;1.8;12;35.9;En uso normal;4
BIO_406;87;9507000;26/01/2023;18/03/2023;7437000;2.8;12;42.2;En uso normal;4
BIO_407;82;7389000;01/04/2020;28/05/2020;4125000;5.6;12;47.4;En uso normal;2
BIO_408;74;8974000;12/11/2022;14/12/2022;6843000;3.0;12;37.5;En uso normal;3
BIO_409;74;7695000;17/10/2019;11/12/2019;4040000;6.0;12;50.0;Envejeciendo;2
BIO_410;74;5930000;06/04/2014;17/05/2014;494000;11.6;12;97.4;Proximo a obsoleto;4
BIO_411;74;8055000;18/12/2019;31/01/2020;4280000;5.9;12;55.7;Envejeciendo;3
BIO_412;89;4955000;12/04/2014;23/05/2014;248000;11.6;10;87.5;Proximo a obsoleto;2
BIO_413;89;5010000;10/01/2015;28/02/2015;250000;10.8;10;100.0;Obsoleto;4
BIO_414;97;14992000;16/08/2021;29/09/2021;8939000;4.2;10;56.9;Envejeciendo;4
BIO_415;90;9734000;03/12/2013;16/01/2014;487000;11.9;10;100.0;Obsoleto;4
BIO_416;91;11254000;23/03/2017;02/05/2017;2081000;8.6;10;89.4;Proximo a obsoleto;4
BIO_417;92;20233000;31/03/2024;04/05/2024;17196000;1.6;10;11.9;Vigente;0
BIO_418;94;10752000;28/04/2015;22/06/2015;538000;10.5;10;87.5;Proximo a obsoleto;2
BIO_419;93;10999000;22/11/2014;07/01/2015;550000;10.9;10;81.2;Proximo a obsoleto;1
BIO_420;96;12757000;23/07/2018;13/09/2018;3971000;7.2;10;73.1;Envejeciendo;3
BIO_421;98;18870000;03/10/2024;18/11/2024;16934000;1.1;10;33.1;En uso normal;4
BIO_422;95;17235000;01/03/2021;11/04/2021;9589000;4.7;10;47.5;En uso normal;2
BIO_423;99;39252000;03/03/2022;26/04/2022;25567000;3.7;10;40.0;En uso normal;2
BIO_424;100;6204000;05/03/2014;29/04/2014;310000;11.7;10;87.5;Proximo a obsoleto;2
BIO_425;101;20824000;24/05/2020;26/06/2020;9943000;5.5;10;66.3;Envejeciendo;4
BIO_426;102;908000;02/09/2021;11/10/2021;548000;4.2;10;43.8;En uso normal;2
BIO_427;105;15349000;23/06/2020;25/07/2020;7446000;5.4;10;65.6;Envejeciendo;4
BIO_428;105;17546000;05/11/2020;14/12/2020;9212000;5.0;10;56.2;Envejeciendo;3
BIO_429;104;10599000;26/11/2014;04/01/2015;530000;10.9;10;100.0;Obsoleto;4
BIO_430;107;81677000;14/05/2020;09/07/2020;39622000;5.4;10;46.9;En uso normal;1
BIO_431;108;162961000;22/10/2024;23/11/2024;146241000;1.1;10;26.9;En uso normal;3
BIO_432;106;142285000;12/02/2021;14/03/2021;78079000;4.8;10;48.1;En uso normal;2
BIO_433;106;131771000;16/01/2017;17/03/2017;22236000;8.8;10;71.9;Envejeciendo;1
BIO_434;109;11808000;28/11/2023;03/01/2024;9654000;1.9;10;20.6;Vigente;1
BIO_435;110;10542000;23/06/2016;25/07/2016;1108000;9.4;10;83.1;Proximo a obsoleto;2
BIO_436;110;15088000;21/05/2024;14/07/2024;13053000;1.4;10;35.6;En uso normal;4
BIO_437;111;90423000;23/10/2024;23/11/2024;81146000;1.1;10;20.6;Vigente;2
BIO_438;112;26064000;10/12/2015;28/01/2016;1303000;9.9;8;93.8;Proximo a obsoleto;3
BIO_439;112;26824000;22/08/2016;26/09/2016;1341000;9.2;8;100.0;Obsoleto;4
BIO_440;115;36540000;18/09/2016;10/11/2016;1827000;9.1;8;93.8;Proximo a obsoleto;3
BIO_441;113;53664000;20/03/2022;30/04/2022;30277000;3.7;8;40.6;En uso normal;1
BIO_442;113;43600000;24/05/2019;17/07/2019;10360000;6.4;8;78.9;Proximo a obsoleto;3
BIO_443;115;48824000;23/12/2024;29/01/2025;43490000;0.9;8;21.1;Vigente;2
BIO_444;115;54795000;10/07/2023;06/09/2023;40154000;2.2;8;27.3;En uso normal;1
BIO_445;117;46631000;19/11/2022;02/01/2023;30462000;2.9;8;39.8;En uso normal;2
BIO_446;115;51749000;26/07/2021;10/09/2021;25632000;4.2;8;64.8;Envejeciendo;4
BIO_447;116;37780000;20/08/2016;15/10/2016;1889000;9.2;8;81.2;Proximo a obsoleto;1
BIO_448;112;28721000;08/02/2016;05/04/2016;1436000;9.7;8;87.5;Proximo a obsoleto;2
BIO_449;114;52919000;12/10/2023;08/12/2023;40351000;2.0;8;31.2;En uso normal;2
BIO_450;115;31691000;21/04/2015;12/06/2015;1585000;10.5;8;100.0;Obsoleto;4
BIO_451;117;34452000;19/10/2015;27/11/2015;1723000;10.1;8;75.0;Proximo a obsoleto;0
BIO_452;117;39508000;06/08/2016;13/09/2016;1975000;9.2;8;93.8;Proximo a obsoleto;3
BIO_453;115;53886000;07/07/2024;10/08/2024;45375000;1.3;8;31.2;En uso normal;3
BIO_454;119;5534000;24/12/2017;18/02/2018;1418000;7.8;10;77.5;Proximo a obsoleto;3
BIO_455;119;4035000;07/08/2013;19/09/2013;202000;12.2;10;75.0;Proximo a obsoleto;0
BIO_456;118;6743000;05/04/2024;16/05/2024;5731000;1.6;10;18.1;Vigente;1
BIO_457;122;78995000;31/10/2014;11/12/2014;3950000;11.0;10;81.2;Proximo a obsoleto;1
BIO_458;121;101543000;24/02/2020;23/04/2020;46847000;5.7;10;42.5;En uso normal;0
BIO_459;124;97271000;09/07/2020;02/09/2020;48757000;5.2;10;45.6;En uso normal;1
BIO_460;120;60279000;10/11/2013;19/12/2013;3014000;12.0;10;93.7;Proximo a obsoleto;3
BIO_461;123;141503000;11/02/2016;05/04/2016;11511000;9.7;10;91.3;Proximo a obsoleto;3
BIO_462;127;23111000;13/02/2013;12/04/2013;1156000;12.7;8;75.0;Proximo a obsoleto;0
BIO_463;127;29115000;28/09/2018;03/11/2018;4637000;7.1;8;72.6;Envejeciendo;1
BIO_464;128;35599000;02/11/2024;15/12/2024;31372000;1.0;8;9.4;Vigente;0
BIO_465;129;24451000;01/05/2018;09/06/2018;2674000;7.5;8;70.3;Envejeciendo;0
BIO_466;126;24237000;08/05/2018;20/06/2018;2651000;7.5;8;95.3;Proximo a obsoleto;4
BIO_467;126;20504000;30/05/2014;02/07/2014;1025000;11.4;8;93.8;Proximo a obsoleto;3
BIO_468;125;19554000;15/05/2013;04/07/2013;978000;12.4;8;100.0;Obsoleto;4
BIO_469;132;12150000;05/06/2018;27/07/2018;1444000;7.4;8;75.8;Proximo a obsoleto;1
BIO_470;130;15281000;18/08/2022;17/09/2022;9383000;3.2;8;55.5;Envejeciendo;4
BIO_471;136;11169000;25/05/2018;12/07/2018;1328000;7.4;8;88.3;Proximo a obsoleto;3
BIO_472;135;7380000;03/12/2014;18/01/2015;369000;10.9;8;87.5;Proximo a obsoleto;2
BIO_473;131;15818000;19/10/2024;05/12/2024;13940000;1.0;8;34.4;En uso normal;4
BIO_474;131;10519000;16/06/2013;28/07/2013;526000;12.4;8;93.7;Proximo a obsoleto;3
BIO_475;134;17101000;05/09/2021;16/10/2021;8633000;4.2;8;51.6;Envejeciendo;2
BIO_476;134;14812000;04/01/2021;28/02/2021;6316000;4.8;8;45.3;En uso normal;0
BIO_477;133;13274000;30/05/2018;22/07/2018;1578000;7.4;8;69.5;Envejeciendo;0
BIO_478;130;14612000;16/06/2020;20/07/2020;5207000;5.4;8;50.8;Envejeciendo;0
BIO_479;139;47624000;05/08/2020;30/09/2020;23872000;5.2;10;45.6;En uso normal;1
BIO_480;140;113068000;26/09/2023;15/11/2023;90726000;2.1;10;21.9;Vigente;1
BIO_481;141;11177000;10/01/2016;11/02/2016;739000;9.8;10;92.5;Proximo a obsoleto;3
BIO_482;146;14285000;01/08/2019;06/09/2019;5803000;6.2;10;46.9;En uso normal;0
BIO_483;150;11997000;23/06/2017;20/08/2017;2503000;8.3;10;62.5;Envejeciendo;0
BIO_484;146;15720000;16/12/2019;31/01/2020;6879000;5.9;10;63.1;Envejeciendo;3
BIO_485;147;18346000;15/08/2023;22/09/2023;14425000;2.2;10;16.9;Vigente;0
BIO_486;144;12200000;15/04/2017;24/05/2017;2256000;8.6;10;76.9;Proximo a obsoleto;2
BIO_487;145;10960000;27/01/2014;25/03/2014;548000;11.8;10;87.5;Proximo a obsoleto;2
BIO_488;145;11192000;17/10/2015;11/12/2015;560000;10.0;10;87.5;Proximo a obsoleto;2
BIO_489;145;19725000;21/12/2021;12/02/2022;12548000;3.8;10;47.5;En uso normal;3
BIO_490;142;18315000;09/08/2020;13/09/2020;9180000;5.2;10;58.1;Envejeciendo;3
BIO_491;142;21586000;28/02/2024;09/04/2024;18161000;1.7;10;25.0;En uso normal;2
BIO_492;149;12927000;08/11/2014;31/12/2014;646000;11.0;10;93.8;Proximo a obsoleto;3
BIO_493;142;19342000;29/08/2022;17/10/2022;13517000;3.2;10;30.0;En uso normal;1
BIO_494;148;14402000;04/08/2019;13/09/2019;5851000;6.2;10;46.9;En uso normal;0
BIO_495;143;19193000;10/05/2020;30/06/2020;9165000;5.5;10;53.7;Envejeciendo;2
BIO_496;143;21255000;01/01/2023;19/02/2023;15541000;2.8;10;40.0;En uso normal;3
BIO_497;143;17628000;16/12/2022;26/01/2023;12738000;2.9;10;40.6;En uso normal;3
BIO_498;143;16848000;28/11/2020;16/01/2021;8973000;4.9;10;55.6;Envejeciendo;3
BIO_499;143;11216000;15/04/2014;17/05/2014;561000;11.6;10;93.7;Proximo a obsoleto;3
BIO_500;143;19210000;05/07/2024;29/08/2024;16783000;1.3;10;16.2;Vigente;1
BIO_501;143;14556000;15/03/2016;11/05/2016;1309000;9.6;10;90.6;Proximo a obsoleto;3
BIO_502;143;14737000;01/11/2015;03/12/2015;737000;10.0;10;81.2;Proximo a obsoleto;1
BIO_503;143;16106000;20/03/2021;30/04/2021;8961000;4.7;10;53.8;Envejeciendo;3
BIO_504;143;11891000;23/09/2013;11/11/2013;595000;12.1;10;81.2;Proximo a obsoleto;1
BIO_505;143;19316000;03/02/2023;04/04/2023;14416000;2.7;10;32.5;En uso normal;2
BIO_506;137;93130000;16/12/2022;08/02/2023;72265000;2.8;12;17.7;Vigente;0
BIO_507;138;35860000;02/02/2016;19/03/2016;2645000;9.8;10;79.4;Proximo a obsoleto;1
BIO_508;151;7373000;20/01/2020;10/03/2020;1619000;5.8;7;74.1;Envejeciendo;2
BIO_509;153;56151000;19/07/2015;18/08/2015;2808000;10.3;8;81.2;Proximo a obsoleto;1
BIO_510;154;14252000;12/08/2024;23/09/2024;12560000;1.2;10;34.4;En uso normal;4
BIO_511;171;369000;15/11/2018;08/01/2019;18000;6.9;5;87.5;Proximo a obsoleto;2
BIO_512;171;337000;24/10/2017;12/12/2017;17000;8.0;5;87.5;Proximo a obsoleto;2
BIO_513;194;350000;28/06/2017;31/07/2017;18000;8.4;5;81.2;Proximo a obsoleto;1
BIO_514;194;463000;21/02/2023;28/03/2023;221000;2.8;5;60.0;Envejeciendo;3
BIO_515;194;403000;03/03/2020;23/04/2020;20000;5.7;5;87.5;Proximo a obsoleto;2
BIO_516;194;434000;07/07/2019;03/09/2019;22000;6.2;5;87.5;Proximo a obsoleto;2
BIO_517;194;355000;27/11/2016;21/01/2017;18000;8.9;5;87.5;Proximo a obsoleto;2
BIO_518;194;343000;11/01/2018;13/02/2018;17000;7.8;5;81.2;Proximo a obsoleto;1
BIO_519;185;405000;24/04/2018;18/06/2018;20000;7.5;5;93.8;Proximo a obsoleto;3
BIO_520;161;541000;04/02/2021;23/03/2021;53000;4.8;5;96.2;Proximo a obsoleto;4
BIO_521;166;400000;26/06/2023;20/08/2023;223000;2.3;5;60.0;Envejeciendo;4
BIO_522;166;300000;08/12/2014;09/01/2015;15000;10.9;5;87.5;Proximo a obsoleto;2
BIO_523;194;475000;27/09/2023;12/11/2023;287000;2.1;5;50.0;Envejeciendo;3
BIO_524;194;318000;28/08/2014;01/10/2014;16000;11.2;5;87.5;Proximo a obsoleto;2
BIO_525;183;522000;04/02/2023;20/03/2023;249000;2.8;5;66.3;Envejeciendo;4
BIO_526;166;247000;18/11/2015;15/01/2016;12000;9.9;5;100.0;Obsoleto;4
BIO_527;170;283000;30/01/2017;25/03/2017;14000;8.8;5;81.2;Proximo a obsoleto;1
BIO_528;196;542000;12/04/2024;10/06/2024;388000;1.5;5;22.5;Vigente;0
BIO_529;171;523000;15/08/2024;18/09/2024;399000;1.2;5;31.2;En uso normal;2
BIO_530;188;325000;19/08/2016;28/09/2016;16000;9.2;5;81.2;Proximo a obsoleto;1
BIO_531;192;574000;21/08/2024;18/10/2024;446000;1.2;5;30.0;En uso normal;2
BIO_532;192;317000;15/08/2018;20/09/2018;16000;7.2;5;100.0;Obsoleto;4
BIO_533;167;299000;23/10/2015;12/12/2015;15000;10.0;5;87.5;Proximo a obsoleto;2
BIO_534;167;448000;19/12/2024;20/01/2025;370000;0.9;5;38.7;En uso normal;4
BIO_535;167;299000;17/06/2016;22/07/2016;15000;9.4;5;100.0;Obsoleto;4
BIO_536;167;405000;28/07/2020;22/09/2020;20000;5.2;5;100.0;Obsoleto;4
BIO_537;173;245000;21/08/2013;22/09/2013;12000;12.2;5;75.0;Proximo a obsoleto;0
BIO_538;167;345000;09/12/2018;28/01/2019;17000;6.9;5;81.2;Proximo a obsoleto;1
BIO_539;167;499000;06/05/2022;24/06/2022;167000;3.5;5;52.5;Envejeciendo;0
BIO_540;167;359000;01/07/2019;20/08/2019;18000;6.3;5;87.5;Proximo a obsoleto;2
BIO_541;192;412000;30/06/2018;24/08/2018;21000;7.3;5;93.7;Proximo a obsoleto;3
BIO_542;167;426000;05/03/2023;06/04/2023;210000;2.7;5;40.0;En uso normal;0
BIO_543;167;477000;11/11/2022;24/12/2022;205000;3.0;5;63.8;Envejeciendo;3
BIO_544;185;433000;30/07/2017;08/09/2017;22000;8.2;5;100.0;Obsoleto;4
BIO_545;171;304000;05/01/2020;02/03/2020;15000;5.8;5;87.5;Proximo a obsoleto;2
BIO_546;171;394000;11/12/2021;14/01/2022;101000;3.9;5;71.2;Envejeciendo;2
BIO_547;173;319000;20/05/2015;29/06/2015;16000;10.5;5;81.2;Proximo a obsoleto;1
BIO_548;171;295000;01/10/2015;08/11/2015;15000;10.1;5;93.7;Proximo a obsoleto;3
BIO_549;171;331000;29/02/2016;02/04/2016;17000;9.7;5;75.0;Proximo a obsoleto;0
BIO_550;173;402000;13/08/2021;09/10/2021;83000;4.2;5;87.5;Proximo a obsoleto;4
BIO_551;173;362000;27/07/2018;25/09/2018;18000;7.2;5;81.2;Proximo a obsoleto;1
BIO_552;173;397000;06/01/2020;11/02/2020;20000;5.8;5;81.2;Proximo a obsoleto;1
BIO_553;171;569000;18/07/2024;31/08/2024;425000;1.3;5;38.7;En uso normal;3
BIO_554;173;522000;27/02/2024;28/03/2024;348000;1.8;5;26.3;En uso normal;0
BIO_555;173;527000;03/05/2024;16/06/2024;377000;1.5;5;28.7;En uso normal;1
BIO_556;196;410000;30/11/2020;31/12/2020;20000;5.0;5;75.0;Proximo a obsoleto;0
BIO_557;173;485000;07/02/2024;27/03/2024;324000;1.8;5;45.0;En uso normal;3
BIO_558;173;257000;08/03/2013;04/05/2013;13000;12.6;5;75.0;Proximo a obsoleto;0
BIO_559;169;332000;03/01/2016;01/03/2016;17000;9.8;5;87.5;Proximo a obsoleto;2
BIO_560;175;434000;17/01/2022;27/02/2022;118000;3.8;5;57.5;Envejeciendo;0
BIO_561;173;293000;24/02/2014;13/04/2014;15000;11.7;5;100.0;Obsoleto;4
BIO_562;173;517000;17/02/2021;05/04/2021;58000;4.7;5;82.5;Proximo a obsoleto;2
BIO_563;173;465000;31/08/2021;16/10/2021;97000;4.2;5;81.2;Proximo a obsoleto;3
BIO_564;173;368000;11/04/2019;06/06/2019;18000;6.5;5;100.0;Obsoleto;4
BIO_565;173;338000;01/09/2015;05/10/2015;17000;10.2;5;75.0;Proximo a obsoleto;0
BIO_566;174;410000;16/05/2021;10/07/2021;66000;4.4;5;78.7;Proximo a obsoleto;2
BIO_567;173;340000;15/03/2021;08/05/2021;44000;4.6;5;75.0;Proximo a obsoleto;1
BIO_568;173;458000;02/06/2024;14/07/2024;334000;1.4;5;46.3;En uso normal;4
BIO_569;173;231000;07/01/2014;07/02/2014;12000;11.8;5;81.2;Proximo a obsoleto;1
BIO_570;173;464000;17/08/2023;02/10/2023;273000;2.2;5;51.2;Envejeciendo;3
BIO_571;194;540000;25/07/2024;28/08/2024;404000;1.3;5;32.5;En uso normal;2
BIO_572;173;471000;23/02/2020;29/03/2020;24000;5.8;5;93.7;Proximo a obsoleto;3
BIO_573;173;393000;18/09/2019;05/11/2019;20000;6.1;5;87.5;Proximo a obsoleto;2
BIO_574;173;498000;07/06/2024;24/07/2024;364000;1.4;5;40.0;En uso normal;3
BIO_575;173;412000;22/09/2019;06/11/2019;21000;6.1;5;75.0;Proximo a obsoleto;0
BIO_576;173;314000;06/06/2020;27/07/2020;16000;5.4;5;75.0;Proximo a obsoleto;0
BIO_577;192;413000;26/11/2019;20/01/2020;21000;5.9;5;75.0;Proximo a obsoleto;0
BIO_578;163;609000;24/08/2023;01/10/2023;358000;2.2;5;57.5;Envejeciendo;4
BIO_579;163;360000;08/02/2018;02/04/2018;18000;7.7;5;75.0;Proximo a obsoleto;0
BIO_580;163;630000;11/10/2023;15/11/2023;381000;2.1;5;56.2;Envejeciendo;4
BIO_581;196;468000;12/07/2021;15/08/2021;83000;4.3;5;71.2;Envejeciendo;1
BIO_582;189;323000;20/06/2015;26/07/2015;16000;10.4;5;75.0;Proximo a obsoleto;0
BIO_583;189;480000;14/01/2020;26/02/2020;24000;5.8;5;81.2;Proximo a obsoleto;1
BIO_584;196;440000;29/07/2017;10/09/2017;22000;8.2;5;100.0;Obsoleto;4
BIO_585;196;518000;31/07/2023;26/09/2023;297000;2.2;5;33.7;En uso normal;0
BIO_586;189;584000;20/08/2024;25/09/2024;445000;1.2;5;43.8;En uso normal;4
BIO_587;189;513000;24/09/2023;09/11/2023;310000;2.1;5;50.0;Envejeciendo;3
BIO_588;189;327000;19/11/2016;02/01/2017;16000;8.9;5;100.0;Obsoleto;4
BIO_589;190;488000;12/12/2020;01/02/2021;40000;4.8;5;85.0;Proximo a obsoleto;2
BIO_590;165;362000;11/11/2023;17/12/2023;224000;2.0;5;36.3;En uso normal;1
BIO_591;189;428000;12/09/2019;19/10/2019;21000;6.2;5;87.5;Proximo a obsoleto;2
BIO_592;196;341000;26/08/2017;17/10/2017;17000;8.2;5;93.8;Proximo a obsoleto;3
BIO_593;173;504000;06/10/2023;16/11/2023;305000;2.1;5;56.2;Envejeciendo;4
BIO_594;167;393000;16/06/2019;19/07/2019;20000;6.4;5;100.0;Obsoleto;4
BIO_595;165;389000;08/07/2021;04/09/2021;75000;4.2;5;82.5;Proximo a obsoleto;3
BIO_596;159;303000;14/04/2016;23/05/2016;15000;9.6;5;75.0;Proximo a obsoleto;0
BIO_597;165;228000;10/10/2014;20/11/2014;11000;11.1;5;93.8;Proximo a obsoleto;3
BIO_599;196;385000;31/01/2019;31/03/2019;19000;6.8;5;100.0;Obsoleto;4
BIO_600;167;332000;30/01/2016;03/03/2016;17000;9.8;5;100.0;Obsoleto;4
BIO_601;189;432000;15/05/2018;21/06/2018;22000;7.5;5;75.0;Proximo a obsoleto;0
BIO_602;159;326000;23/01/2018;14/03/2018;16000;7.8;5;81.2;Proximo a obsoleto;1
BIO_603;191;366000;01/04/2015;14/05/2015;18000;10.6;5;87.5;Proximo a obsoleto;2
BIO_604;167;342000;04/04/2015;25/05/2015;17000;10.6;5;81.2;Proximo a obsoleto;1
BIO_605;187;372000;17/07/2016;29/08/2016;19000;9.3;5;93.7;Proximo a obsoleto;3
BIO_606;187;450000;22/06/2017;15/08/2017;22000;8.3;5;87.5;Proximo a obsoleto;2
BIO_607;177;413000;28/05/2019;17/07/2019;21000;6.4;5;75.0;Proximo a obsoleto;0
BIO_608;177;370000;18/03/2018;04/05/2018;18000;7.6;5;75.0;Proximo a obsoleto;0
BIO_609;178;439000;17/05/2022;14/07/2022;154000;3.4;5;57.5;Envejeciendo;1
BIO_610;180;579000;27/11/2021;21/01/2022;148000;3.9;5;77.5;Proximo a obsoleto;3
BIO_611;171;406000;30/06/2019;27/08/2019;20000;6.3;5;75.0;Proximo a obsoleto;0
BIO_612;171;378000;11/09/2019;29/10/2019;19000;6.2;5;100.0;Obsoleto;4
BIO_613;171;415000;07/07/2020;15/08/2020;21000;5.3;5;93.7;Proximo a obsoleto;3
BIO_614;167;452000;05/10/2024;19/11/2024;359000;1.1;5;22.5;Vigente;1
BIO_615;168;598000;02/07/2023;09/08/2023;333000;2.3;5;41.2;En uso normal;1
BIO_616;168;409000;01/06/2020;06/07/2020;20000;5.4;5;93.8;Proximo a obsoleto;3
BIO_617;168;342000;06/03/2017;05/04/2017;17000;8.7;5;87.5;Proximo a obsoleto;2
BIO_618;155;363000;02/05/2017;06/06/2017;18000;8.5;5;100.0;Obsoleto;4
BIO_619;156;475000;05/08/2022;20/09/2022;182000;3.2;5;61.2;Envejeciendo;2
BIO_620;159;437000;28/12/2021;17/02/2022;119000;3.8;5;57.5;Envejeciendo;0
BIO_621;194;312000;26/02/2016;11/04/2016;16000;9.7;5;87.5;Proximo a obsoleto;2
BIO_622;194;297000;25/02/2013;04/04/2013;15000;12.7;5;93.7;Proximo a obsoleto;3
BIO_623;194;605000;08/01/2023;03/03/2023;289000;2.8;5;53.7;Envejeciendo;2
BIO_624;194;457000;10/10/2019;27/11/2019;23000;6.1;5;100.0;Obsoleto;4
BIO_625;194;441000;13/11/2018;02/01/2019;22000;6.9;5;87.5;Proximo a obsoleto;2
BIO_626;187;302000;24/05/2014;14/07/2014;15000;11.4;5;75.0;Proximo a obsoleto;0
BIO_627;185;383000;19/11/2019;24/12/2019;19000;6.0;5;93.8;Proximo a obsoleto;3
BIO_628;171;376000;23/12/2019;13/02/2020;19000;5.8;5;75.0;Proximo a obsoleto;0
BIO_629;171;430000;30/03/2021;18/05/2021;56000;4.6;5;75.0;Proximo a obsoleto;1
BIO_630;185;374000;31/12/2015;14/02/2016;19000;9.8;5;81.2;Proximo a obsoleto;1
BIO_631;185;397000;19/05/2021;01/07/2021;64000;4.4;5;91.2;Proximo a obsoleto;4
BIO_632;185;437000;25/11/2017;18/01/2018;22000;7.9;5;81.2;Proximo a obsoleto;1
BIO_633;185;313000;02/11/2014;18/12/2014;16000;11.0;5;93.7;Proximo a obsoleto;3
BIO_634;185;458000;11/02/2021;15/03/2021;45000;4.8;5;96.2;Proximo a obsoleto;4
BIO_635;186;286000;21/05/2014;16/07/2014;14000;11.4;5;100.0;Obsoleto;4
BIO_636;171;283000;15/07/2017;01/09/2017;14000;8.2;5;100.0;Obsoleto;4
BIO_637;186;387000;09/09/2016;19/10/2016;19000;9.2;5;100.0;Obsoleto;4
BIO_638;194;321000;11/08/2015;01/10/2015;16000;10.2;5;81.2;Proximo a obsoleto;1
BIO_639;187;468000;19/12/2023;20/01/2024;297000;1.9;5;53.8;Envejeciendo;4
BIO_640;195;262000;01/04/2014;15/05/2014;13000;11.6;5;81.2;Proximo a obsoleto;1
BIO_641;182;516000;27/04/2022;10/06/2022;173000;3.5;5;77.5;Proximo a obsoleto;4
BIO_642;185;627000;16/05/2023;06/07/2023;339000;2.4;5;48.8;En uso normal;2
BIO_643;179;490000;18/11/2021;26/12/2021;118000;4.0;5;60.0;Envejeciendo;0
BIO_644;185;270000;22/08/2014;22/09/2014;14000;11.2;5;93.7;Proximo a obsoleto;3
BIO_645;185;310000;07/06/2014;24/07/2014;16000;11.4;5;75.0;Proximo a obsoleto;0
BIO_646;194;495000;04/08/2023;04/09/2023;283000;2.2;5;46.3;En uso normal;2
BIO_647;185;276000;14/01/2017;09/03/2017;14000;8.8;5;81.2;Proximo a obsoleto;1
BIO_648;171;425000;26/05/2021;23/07/2021;68000;4.4;5;85.0;Proximo a obsoleto;3
BIO_649;162;492000;20/06/2021;01/08/2021;87000;4.3;5;65.0;Envejeciendo;0
BIO_650;193;341000;26/12/2015;14/02/2016;17000;9.8;5;87.5;Proximo a obsoleto;2
BIO_651;189;449000;02/01/2017;18/02/2017;22000;8.8;5;93.8;Proximo a obsoleto;3
BIO_652;189;375000;10/11/2015;02/01/2016;19000;9.9;5;81.2;Proximo a obsoleto;1
BIO_653;196;276000;06/07/2013;14/08/2013;14000;12.3;5;93.7;Proximo a obsoleto;3
BIO_654;196;427000;07/07/2022;23/08/2022;157000;3.3;5;68.7;Envejeciendo;3
BIO_655;173;452000;21/07/2018;03/09/2018;23000;7.2;5;87.5;Proximo a obsoleto;2
BIO_656;196;405000;09/03/2019;14/04/2019;20000;6.7;5;75.0;Proximo a obsoleto;0
BIO_657;196;481000;28/05/2022;16/07/2022;168000;3.4;5;51.3;Envejeciendo;0
BIO_658;189;378000;16/08/2017;17/09/2017;19000;8.2;5;75.0;Proximo a obsoleto;0
BIO_659;196;290000;03/10/2013;16/11/2013;14000;12.1;5;100.0;Obsoleto;4
BIO_660;183;416000;28/06/2018;20/08/2018;21000;7.3;5;75.0;Proximo a obsoleto;0
BIO_661;176;503000;05/11/2022;12/12/2022;216000;3.0;5;70.0;Envejeciendo;4
BIO_662;165;221000;08/04/2014;12/05/2014;11000;11.6;5;100.0;Obsoleto;4
BIO_663;196;379000;03/04/2018;29/05/2018;19000;7.6;5;100.0;Obsoleto;4
BIO_664;196;404000;11/03/2020;17/04/2020;20000;5.7;5;87.5;Proximo a obsoleto;2
BIO_665;196;501000;10/09/2024;17/10/2024;390000;1.2;5;36.2;En uso normal;3
BIO_666;160;385000;05/03/2019;05/04/2019;19000;6.7;5;100.0;Obsoleto;4
BIO_667;189;348000;05/12/2016;24/01/2017;17000;8.9;5;93.8;Proximo a obsoleto;3
BIO_668;196;621000;13/02/2024;15/03/2024;415000;1.8;5;38.7;En uso normal;2
BIO_669;192;396000;06/10/2024;15/11/2024;315000;1.1;5;35.0;En uso normal;3
BIO_670;192;375000;07/05/2016;15/06/2016;19000;9.5;5;93.7;Proximo a obsoleto;3
BIO_671;187;604000;16/08/2023;22/09/2023;346000;2.2;5;40.0;En uso normal;1
BIO_672;171;253000;28/03/2016;22/05/2016;13000;9.6;5;93.7;Proximo a obsoleto;3
BIO_673;196;464000;04/04/2022;03/06/2022;155000;3.5;5;71.3;Envejeciendo;3
BIO_674;181;577000;20/11/2024;24/12/2024;467000;1.0;5;33.8;En uso normal;3
BIO_675;171;308000;20/09/2018;26/10/2018;15000;7.2;5;87.5;Proximo a obsoleto;2
BIO_676;189;495000;02/02/2023;31/03/2023;236000;2.8;5;53.8;Envejeciendo;2
BIO_677;171;301000;10/04/2017;11/05/2017;15000;8.6;5;87.5;Proximo a obsoleto;2
BIO_678;189;352000;20/11/2013;16/01/2014;18000;11.9;5;75.0;Proximo a obsoleto;0
BIO_679;157;370000;13/11/2017;28/12/2017;18000;8.0;5;81.2;Proximo a obsoleto;1
BIO_680;189;480000;20/10/2019;19/12/2019;24000;6.0;5;75.0;Proximo a obsoleto;0
BIO_681;196;385000;06/04/2017;05/06/2017;19000;8.5;5;75.0;Proximo a obsoleto;0
BIO_682;189;356000;11/06/2018;02/08/2018;18000;7.3;5;100.0;Obsoleto;4
BIO_683;173;405000;24/11/2021;22/01/2022;103000;3.9;5;65.0;Envejeciendo;1
BIO_684;171;423000;19/03/2020;12/05/2020;21000;5.6;5;87.5;Proximo a obsoleto;2
BIO_685;171;422000;17/06/2023;03/08/2023;235000;2.3;5;47.5;En uso normal;2
BIO_686;177;453000;13/11/2018;24/12/2018;23000;7.0;5;100.0;Obsoleto;4
BIO_687;177;552000;15/06/2023;18/07/2023;298000;2.4;5;55.0;Envejeciendo;3
BIO_688;187;364000;23/07/2017;02/09/2017;18000;8.2;5;87.5;Proximo a obsoleto;2
BIO_689;177;358000;10/01/2014;27/02/2014;18000;11.8;5;81.2;Proximo a obsoleto;1
BIO_690;192;297000;13/05/2013;20/06/2013;15000;12.5;5;100.0;Obsoleto;4
BIO_691;192;463000;14/05/2022;22/06/2022;155000;3.5;5;58.8;Envejeciendo;1
BIO_692;192;477000;26/05/2020;02/07/2020;24000;5.4;5;93.7;Proximo a obsoleto;3
BIO_693;192;339000;07/07/2018;21/08/2018;17000;7.3;5;100.0;Obsoleto;4
BIO_694;192;404000;10/10/2018;03/12/2018;20000;7.0;5;93.8;Proximo a obsoleto;3
BIO_695;192;539000;04/05/2023;08/06/2023;283000;2.5;5;50.0;Envejeciendo;2
BIO_696;172;310000;21/02/2016;14/04/2016;16000;9.7;5;100.0;Obsoleto;4
BIO_697;183;412000;16/02/2017;16/04/2017;21000;8.7;5;100.0;Obsoleto;4
BIO_698;171;446000;02/10/2024;02/11/2024;354000;1.1;5;16.3;Vigente;0
BIO_699;195;310000;22/02/2013;06/04/2013;16000;12.7;5;81.2;Proximo a obsoleto;1
BIO_700;164;230000;11/07/2014;01/09/2014;12000;11.2;5;81.2;Proximo a obsoleto;1
BIO_701;184;359000;27/11/2017;12/01/2018;18000;7.9;5;93.7;Proximo a obsoleto;3
BIO_702;158;314000;11/05/2014;29/06/2014;16000;11.5;5;100.0;Obsoleto;4
BIO_703;184;499000;11/12/2023;10/01/2024;317000;1.9;5;28.8;En uso normal;0
BIO_704;184;435000;24/03/2022;23/04/2022;132000;3.7;5;55.0;Envejeciendo;0
BIO_705;172;321000;01/03/2019;17/04/2019;16000;6.7;5;87.5;Proximo a obsoleto;2
BIO_706;172;540000;07/04/2024;02/06/2024;386000;1.5;5;41.3;En uso normal;3
BIO_707;172;263000;27/05/2015;25/07/2015;13000;10.4;5;75.0;Proximo a obsoleto;0
BIO_708;172;376000;04/05/2016;10/06/2016;19000;9.5;5;81.2;Proximo a obsoleto;1
BIO_709;184;451000;22/10/2024;29/11/2024;358000;1.1;5;28.8;En uso normal;2
BIO_710;192;530000;26/11/2021;28/12/2021;127000;4.0;5;72.5;Envejeciendo;2
BIO_711;172;491000;19/04/2023;06/06/2023;258000;2.5;5;43.7;En uso normal;1
BIO_712;171;377000;24/09/2019;14/11/2019;19000;6.1;5;75.0;Proximo a obsoleto;0
BIO_713;187;318000;05/02/2015;19/03/2015;16000;10.8;5;93.7;Proximo a obsoleto;3
BIO_714;169;500000;05/09/2023;06/10/2023;294000;2.2;5;32.5;En uso normal;0
BIO_715;198;394000;04/11/2016;06/12/2016;57000;9.0;10;86.3;Proximo a obsoleto;3
BIO_716;198;543000;06/06/2020;24/07/2020;263000;5.4;10;40.6;En uso normal;0
BIO_717;197;334000;15/12/2013;21/01/2014;17000;11.9;10;81.2;Proximo a obsoleto;1
BIO_718;209;167000;30/01/2019;02/03/2019;8000;6.8;5;75.0;Proximo a obsoleto;0
BIO_719;215;110000;27/09/2013;01/11/2013;6000;12.1;5;87.4;Proximo a obsoleto;2
BIO_720;215;145000;25/08/2017;12/10/2017;7000;8.2;5;81.2;Proximo a obsoleto;1
BIO_721;215;127000;23/09/2014;01/11/2014;6000;11.1;5;81.2;Proximo a obsoleto;1
BIO_722;215;146000;23/09/2021;13/11/2021;33000;4.1;5;86.2;Proximo a obsoleto;4
BIO_723;200;119000;11/08/2021;04/10/2021;25000;4.2;5;68.7;Envejeciendo;1
BIO_724;215;239000;26/03/2024;18/05/2024;167000;1.6;5;36.3;En uso normal;2
BIO_725;215;132000;12/03/2015;24/04/2015;7000;10.7;5;81.2;Proximo a obsoleto;1
BIO_726;215;170000;22/08/2020;10/10/2020;8000;5.2;5;100.0;Obsoleto;4
BIO_727;215;174000;27/04/2020;27/05/2020;9000;5.6;5;87.5;Proximo a obsoleto;2
BIO_728;222;239000;03/01/2024;09/02/2024;156000;1.8;5;40.0;En uso normal;2
BIO_729;204;116000;08/09/2022;13/10/2022;46000;3.2;5;72.5;Envejeciendo;4
BIO_730;200;86000;04/12/2014;27/01/2015;4000;10.9;5;100.0;Obsoleto;4
BIO_731;200;122000;12/07/2018;02/09/2018;6000;7.2;5;75.0;Proximo a obsoleto;0
BIO_732;200;112000;05/01/2019;08/02/2019;6000;6.8;5;93.7;Proximo a obsoleto;3
BIO_733;211;193000;27/09/2021;06/11/2021;43000;4.1;5;73.8;Envejeciendo;2
BIO_734;203;65000;20/01/2015;19/02/2015;3000;10.8;5;87.5;Proximo a obsoleto;2
BIO_735;199;160000;27/01/2021;22/03/2021;16000;4.8;5;83.7;Proximo a obsoleto;2
BIO_736;200;106000;22/12/2015;23/01/2016;5000;9.9;5;81.2;Proximo a obsoleto;1
BIO_737;200;165000;25/01/2023;13/03/2023;79000;2.8;5;66.2;Envejeciendo;4
BIO_738;200;169000;25/02/2022;30/03/2022;49000;3.8;5;56.2;Envejeciendo;0
BIO_739;204;133000;09/12/2020;25/01/2021;9000;4.9;5;73.7;Envejeciendo;0
BIO_740;200;160000;22/08/2021;21/09/2021;31000;4.2;5;76.2;Proximo a obsoleto;2
BIO_741;200;111000;12/09/2021;05/11/2021;25000;4.1;5;61.2;Envejeciendo;0
BIO_742;207;169000;08/09/2024;13/10/2024;131000;1.2;5;36.3;En uso normal;3
BIO_743;207;116000;12/02/2016;21/03/2016;6000;9.8;5;87.5;Proximo a obsoleto;2
BIO_744;222;230000;23/01/2024;26/02/2024;150000;1.8;5;27.5;En uso normal;0
BIO_745;222;217000;01/10/2022;08/11/2022;90000;3.1;5;65.0;Envejeciendo;3
BIO_746;222;198000;11/11/2023;05/01/2024;126000;1.9;5;28.7;En uso normal;0
BIO_747;210;158000;24/08/2018;23/10/2018;8000;7.2;5;81.2;Proximo a obsoleto;1
BIO_748;216;133000;21/05/2017;04/07/2017;7000;8.4;5;75.0;Proximo a obsoleto;0
BIO_749;222;159000;01/11/2019;01/12/2019;8000;6.0;5;93.7;Proximo a obsoleto;3
BIO_750;205;139000;10/07/2021;03/09/2021;27000;4.2;5;76.2;Proximo a obsoleto;2
BIO_751;218;154000;05/07/2020;17/08/2020;8000;5.3;5;100.0;Obsoleto;4
BIO_752;204;87000;28/09/2019;07/11/2019;4000;6.1;5;100.0;Obsoleto;4
BIO_753;212;183000;30/09/2023;09/11/2023;111000;2.1;5;37.5;En uso normal;1
BIO_754;204;124000;28/02/2020;07/04/2020;6000;5.7;5;93.8;Proximo a obsoleto;3
BIO_755;219;140000;23/04/2020;04/06/2020;7000;5.5;5;87.5;Proximo a obsoleto;2
BIO_756;206;220000;10/03/2021;12/04/2021;25000;4.7;5;95.0;Proximo a obsoleto;4
BIO_757;204;98000;13/01/2017;05/03/2017;5000;8.8;5;100.0;Obsoleto;4
BIO_758;221;221000;10/05/2023;09/07/2023;119000;2.4;5;42.5;En uso normal;1
BIO_759;221;154000;15/07/2019;09/09/2019;8000;6.2;5;75.0;Proximo a obsoleto;0
BIO_760;221;249000;14/03/2024;17/04/2024;170000;1.7;5;37.5;En uso normal;2
BIO_761;221;150000;01/09/2018;22/10/2018;8000;7.2;5;81.2;Proximo a obsoleto;1
BIO_762;221;195000;16/06/2021;18/07/2021;31000;4.4;5;85.0;Proximo a obsoleto;3
BIO_763;221;252000;28/12/2021;13/02/2022;69000;3.8;5;82.5;Proximo a obsoleto;4
BIO_764;221;119000;29/10/2013;23/12/2013;6000;12.0;5;87.5;Proximo a obsoleto;2
BIO_765;221;154000;15/06/2015;08/08/2015;8000;10.3;5;81.2;Proximo a obsoleto;1
BIO_766;221;132000;24/09/2016;13/11/2016;7000;9.1;5;100.0;Obsoleto;4
BIO_767;220;192000;18/12/2021;16/02/2022;52000;3.8;5;70.0;Envejeciendo;2
BIO_768;218;157000;18/05/2015;17/06/2015;8000;10.5;5;75.0;Proximo a obsoleto;0
BIO_769;210;135000;24/12/2017;08/02/2018;7000;7.8;5;100.0;Obsoleto;4
BIO_770;214;238000;31/12/2022;10/02/2023;110000;2.8;5;61.2;Envejeciendo;3
BIO_771;210;238000;23/03/2024;26/04/2024;162000;1.7;5;37.5;En uso normal;2
BIO_772;210;193000;30/10/2023;02/12/2023;120000;2.0;5;42.5;En uso normal;2
BIO_773;210;132000;05/12/2014;07/01/2015;7000;10.9;5;81.2;Proximo a obsoleto;1
BIO_774;204;116000;31/12/2019;09/02/2020;6000;5.8;5;93.7;Proximo a obsoleto;3
BIO_775;218;236000;08/09/2024;23/10/2024;184000;1.2;5;30.0;En uso normal;2
BIO_776;210;105000;11/03/2015;24/04/2015;5000;10.7;5;93.8;Proximo a obsoleto;3
BIO_777;210;112000;05/07/2014;13/08/2014;6000;11.3;5;74.9;Envejeciendo;0
BIO_778;210;112000;05/07/2013;31/08/2013;6000;12.3;5;87.4;Proximo a obsoleto;2
BIO_779;222;143000;08/09/2016;06/11/2016;7000;9.1;5;81.2;Proximo a obsoleto;1
BIO_780;222;155000;04/08/2016;13/09/2016;8000;9.2;5;100.0;Obsoleto;4
BIO_781;204;134000;14/05/2023;20/06/2023;70000;2.5;5;56.3;Envejeciendo;3
BIO_782;204;78000;07/03/2017;26/04/2017;4000;8.7;5;93.7;Proximo a obsoleto;3
BIO_783;210;121000;28/08/2013;20/10/2013;6000;12.2;5;100.0;Obsoleto;4
BIO_784;210;222000;31/01/2023;20/03/2023;106000;2.8;5;60.0;Envejeciendo;3
BIO_785;215;123000;06/02/2013;30/03/2013;6000;12.8;5;81.2;Proximo a obsoleto;1
BIO_786;215;185000;31/03/2019;24/05/2019;9000;6.6;5;75.0;Proximo a obsoleto;0
BIO_787;215;160000;12/03/2017;22/04/2017;8000;8.7;5;87.5;Proximo a obsoleto;2
BIO_788;209;218000;07/04/2023;10/05/2023;111000;2.6;5;51.2;Envejeciendo;2
BIO_789;201;138000;02/11/2024;01/01/2025;114000;0.9;5;26.2;En uso normal;2
BIO_790;222;154000;21/10/2021;08/12/2021;37000;4.0;5;60.0;Envejeciendo;0
BIO_791;202;116000;23/11/2020;19/01/2021;8000;4.9;5;92.5;Proximo a obsoleto;3
BIO_792;204;107000;03/09/2019;01/11/2019;5000;6.1;5;100.0;Obsoleto;4
BIO_793;213;142000;03/01/2016;12/02/2016;7000;9.8;5;75.0;Proximo a obsoleto;0
BIO_794;213;139000;07/11/2019;10/12/2019;7000;6.0;5;81.2;Proximo a obsoleto;1
BIO_795;222;125000;04/03/2016;19/04/2016;6000;9.7;5;93.8;Proximo a obsoleto;3
BIO_796;208;141000;04/02/2016;23/03/2016;7000;9.8;5;93.8;Proximo a obsoleto;3
BIO_797;222;152000;02/03/2017;16/04/2017;8000;8.7;5;100.0;Obsoleto;4
BIO_798;213;149000;28/09/2016;12/11/2016;7000;9.1;5;87.5;Proximo a obsoleto;2
BIO_799;204;93000;13/03/2017;22/04/2017;5000;8.7;5;93.7;Proximo a obsoleto;3
BIO_800;222;193000;20/01/2021;21/03/2021;19000;4.8;5;71.2;Envejeciendo;0
BIO_801;210;153000;24/01/2016;29/02/2016;8000;9.8;5;93.7;Proximo a obsoleto;3
BIO_802;209;206000;07/02/2024;21/03/2024;138000;1.8;5;45.0;En uso normal;3
BIO_803;209;198000;16/12/2022;30/01/2023;88000;2.9;5;50.0;Envejeciendo;1
BIO_804;209;109000;10/09/2013;04/11/2013;5000;12.1;5;81.2;Proximo a obsoleto;1
BIO_805;220;114000;25/09/2013;02/11/2013;6000;12.1;5;81.2;Proximo a obsoleto;1
BIO_806;209;132000;09/10/2016;02/12/2016;7000;9.0;5;93.7;Proximo a obsoleto;3
BIO_807;209;225000;16/06/2024;19/07/2024;164000;1.4;5;46.3;En uso normal;4
BIO_808;209;154000;04/01/2019;27/02/2019;8000;6.8;5;100.0;Obsoleto;4
BIO_809;210;133000;07/12/2013;30/01/2014;7000;11.9;5;93.7;Proximo a obsoleto;3
BIO_810;202;111000;15/07/2022;17/08/2022;41000;3.3;5;56.2;Envejeciendo;1
BIO_811;202;72000;22/09/2013;05/11/2013;4000;12.1;5;87.4;Proximo a obsoleto;2
BIO_812;212;116000;14/12/2014;27/01/2015;6000;10.9;5;75.0;Proximo a obsoleto;0
BIO_813;217;171000;16/09/2017;10/11/2017;9000;8.1;5;100.0;Obsoleto;4
BIO_814;217;200000;09/08/2022;13/09/2022;76000;3.2;5;73.8;Envejeciendo;4
BIO_815;217;164000;20/08/2017;15/10/2017;8000;8.2;5;81.2;Proximo a obsoleto;1
BIO_816;217;143000;13/11/2020;30/12/2020;7000;5.0;5;87.5;Proximo a obsoleto;2
BIO_817;217;179000;05/04/2020;27/05/2020;9000;5.6;5;87.5;Proximo a obsoleto;2
BIO_818;217;171000;31/12/2018;01/03/2019;9000;6.8;5;100.0;Obsoleto;4
BIO_819;217;139000;16/01/2016;16/03/2016;7000;9.8;5;93.7;Proximo a obsoleto;3
BIO_820;213;185000;22/03/2019;18/05/2019;9000;6.6;5;81.2;Proximo a obsoleto;1
BIO_821;210;145000;08/08/2018;11/09/2018;7000;7.2;5;87.5;Proximo a obsoleto;2
BIO_822;210;215000;23/10/2021;07/12/2021;52000;4.0;5;66.2;Envejeciendo;1
BIO_823;210;249000;17/04/2022;29/05/2022;80000;3.6;5;72.5;Envejeciendo;3
BIO_824;210;124000;02/02/2015;16/03/2015;6000;10.8;5;100.0;Obsoleto;4
BIO_825;210;174000;12/04/2021;26/05/2021;23000;4.6;5;87.5;Proximo a obsoleto;3
BIO_826;214;136000;21/01/2013;19/03/2013;7000;12.8;5;75.0;Proximo a obsoleto;0
BIO_827;220;229000;13/01/2021;11/03/2021;22000;4.8;5;71.3;Envejeciendo;0
BIO_828;223;217000;27/12/2024;07/02/2025;183000;0.8;5;18.7;Vigente;1
BIO_829;224;4473000;02/10/2017;16/11/2017;1040000;8.1;10;73.1;Envejeciendo;2
BIO_830;225;5068000;13/05/2019;22/06/2019;1939000;6.5;10;73.7;Envejeciendo;4
BIO_831;224;5984000;20/11/2023;14/01/2024;4893000;1.9;10;26.9;En uso normal;2
BIO_832;226;6208000;12/01/2014;14/02/2014;310000;11.8;10;93.8;Proximo a obsoleto;3
BIO_833;227;9145000;15/10/2015;13/12/2015;457000;10.0;10;81.2;Proximo a obsoleto;1
BIO_834;229;14875000;29/03/2023;28/04/2023;11102000;2.7;10;38.8;En uso normal;3
BIO_835;228;9916000;17/12/2015;13/02/2016;656000;9.8;10;86.2;Proximo a obsoleto;2
BIO_836;230;8486000;23/02/2019;27/03/2019;3044000;6.8;10;63.1;Envejeciendo;2
BIO_837;464;3311000;07/11/2014;18/12/2014;166000;11.0;10;81.2;Proximo a obsoleto;1
BIO_838;235;302000;21/11/2021;10/01/2022;77000;3.9;5;71.3;Envejeciendo;2
BIO_839;235;391000;18/08/2022;07/10/2022;156000;3.2;5;47.5;En uso normal;0
BIO_840;235;206000;09/01/2013;14/02/2013;10000;12.8;5;93.8;Proximo a obsoleto;3
BIO_841;235;235000;24/12/2015;10/02/2016;12000;9.8;5;81.2;Proximo a obsoleto;1
BIO_842;235;380000;25/12/2022;24/01/2023;169000;2.9;5;43.8;En uso normal;0
BIO_843;232;210000;15/09/2015;11/11/2015;10000;10.1;5;93.8;Proximo a obsoleto;3
BIO_844;232;391000;19/09/2023;21/10/2023;230000;2.2;5;38.8;En uso normal;1
BIO_845;233;240000;02/01/2015;24/02/2015;12000;10.8;5;75.0;Proximo a obsoleto;0
BIO_846;231;332000;11/01/2020;21/02/2020;17000;5.8;5;87.5;Proximo a obsoleto;2
BIO_847;233;345000;02/08/2021;25/09/2021;66000;4.2;5;70.0;Envejeciendo;1
BIO_848;234;278000;15/07/2014;30/08/2014;14000;11.3;5;100.0;Obsoleto;4
BIO_849;232;234000;06/09/2016;20/10/2016;12000;9.2;5;87.5;Proximo a obsoleto;2
BIO_850;232;237000;25/05/2016;23/07/2016;12000;9.4;5;93.7;Proximo a obsoleto;3
BIO_851;245;1263000;15/11/2017;17/12/2017;303000;8.0;10;60.0;Envejeciendo;0
BIO_852;245;1131000;06/10/2015;23/11/2015;57000;10.1;10;93.7;Proximo a obsoleto;3
BIO_853;245;1689000;19/08/2022;28/09/2022;1168000;3.2;10;30.6;En uso normal;1
BIO_857;238;8587000;06/06/2024;12/07/2024;7429000;1.4;7;33.0;En uso normal;3
BIO_858;238;5330000;24/03/2014;18/05/2014;266000;11.6;7;81.2;Proximo a obsoleto;1
BIO_859;238;7383000;28/08/2021;30/09/2021;4402000;4.2;7;49.1;En uso normal;1
BIO_860;238;5397000;05/08/2014;20/09/2014;270000;11.2;7;75.0;Proximo a obsoleto;0
BIO_861;239;7405000;06/02/2020;11/03/2020;3360000;5.8;7;76.7;Proximo a obsoleto;3
BIO_862;239;7195000;10/06/2022;21/07/2022;4857000;3.4;7;59.4;Envejeciendo;4
BIO_863;239;6486000;16/11/2016;09/01/2017;990000;8.9;7;92.1;Proximo a obsoleto;3
BIO_864;239;5875000;21/08/2014;20/09/2014;294000;11.2;7;100.0;Obsoleto;4
BIO_865;239;4608000;23/04/2013;31/05/2013;230000;12.6;7;81.2;Proximo a obsoleto;1
BIO_866;237;4977000;11/05/2014;10/07/2014;249000;11.4;7;93.7;Proximo a obsoleto;3
BIO_867;239;7031000;05/06/2019;25/07/2019;2743000;6.4;7;89.6;Proximo a obsoleto;4
BIO_868;239;8407000;27/04/2022;09/06/2022;5612000;3.5;7;54.0;Envejeciendo;3
BIO_869;239;6076000;04/06/2016;12/07/2016;639000;9.4;7;74.1;Envejeciendo;0
BIO_870;239;5963000;10/10/2014;25/11/2014;298000;11.1;7;81.2;Proximo a obsoleto;1
BIO_871;236;5690000;26/06/2016;12/08/2016;647000;9.3;7;86.5;Proximo a obsoleto;2
BIO_872;239;4809000;26/06/2014;04/08/2014;240000;11.3;7;93.8;Proximo a obsoleto;3
BIO_873;239;5769000;09/05/2018;09/06/2018;1659000;7.5;7;77.5;Proximo a obsoleto;1
BIO_874;239;7709000;30/09/2022;02/11/2022;5453000;3.1;7;49.8;En uso normal;3
BIO_875;244;5123000;27/03/2014;05/05/2014;256000;11.6;7;81.2;Proximo a obsoleto;1
BIO_876;239;5542000;14/04/2013;05/06/2013;277000;12.5;7;81.2;Proximo a obsoleto;1
BIO_877;239;4645000;03/04/2013;08/05/2013;232000;12.6;7;93.8;Proximo a obsoleto;3
BIO_878;236;9364000;24/09/2024;09/11/2024;8403000;1.1;7;23.4;Vigente;2
BIO_879;240;7714000;05/05/2021;08/06/2021;4416000;4.5;7;57.8;Envejeciendo;2
BIO_880;240;5963000;26/08/2015;19/10/2015;298000;10.2;7;75.0;Proximo a obsoleto;0
BIO_881;243;9843000;19/08/2022;26/09/2022;6804000;3.2;7;57.7;Envejeciendo;4
BIO_882;248;6210000;25/11/2018;16/01/2019;2128000;6.9;7;94.7;Proximo a obsoleto;4
BIO_883;239;4936000;24/09/2014;08/11/2014;247000;11.1;7;93.7;Proximo a obsoleto;3
BIO_884;236;8369000;29/01/2021;01/03/2021;4592000;4.8;7;66.6;Envejeciendo;3
BIO_885;247;6087000;29/09/2016;09/11/2016;836000;9.1;7;79.9;Proximo a obsoleto;1
BIO_886;247;6249000;23/04/2015;20/06/2015;312000;10.5;7;100.0;Obsoleto;4
BIO_887;247;5699000;03/08/2015;09/09/2015;285000;10.2;7;100.0;Obsoleto;4
BIO_888;247;4707000;27/12/2013;22/02/2014;235000;11.8;7;75.0;Proximo a obsoleto;0
BIO_889;243;5379000;12/01/2014;26/02/2014;269000;11.8;7;87.5;Proximo a obsoleto;2
BIO_890;239;6284000;14/05/2016;18/06/2016;613000;9.5;7;74.2;Envejeciendo;0
BIO_891;239;8725000;29/05/2022;05/07/2022;5890000;3.4;7;46.9;En uso normal;2
BIO_892;239;8520000;03/05/2022;01/07/2022;5752000;3.4;7;46.9;En uso normal;2
BIO_893;239;5575000;01/10/2014;18/11/2014;279000;11.1;7;87.5;Proximo a obsoleto;2
BIO_894;239;10060000;05/04/2024;26/05/2024;8550000;1.6;7;15.9;Vigente;0
BIO_895;239;7202000;03/01/2018;27/02/2018;1845000;7.8;7;96.7;Proximo a obsoleto;4
BIO_896;236;8125000;29/12/2021;30/01/2022;5099000;3.9;7;58.2;Envejeciendo;3
BIO_897;242;6782000;02/05/2019;25/06/2019;2594000;6.5;7;78.0;Proximo a obsoleto;2
BIO_898;238;5197000;09/12/2014;25/01/2015;260000;10.9;7;93.7;Proximo a obsoleto;3
BIO_899;238;8470000;11/04/2021;17/05/2021;4785000;4.6;7;58.7;Envejeciendo;2
BIO_900;238;6425000;26/10/2019;18/12/2019;2763000;6.0;7;85.4;Proximo a obsoleto;4
BIO_901;238;8935000;29/05/2023;09/07/2023;6881000;2.4;7;49.3;En uso normal;4
BIO_902;236;5925000;20/05/2017;12/07/2017;1186000;8.4;7;97.6;Proximo a obsoleto;4
BIO_903;243;6500000;02/07/2018;05/08/2018;1974000;7.3;7;71.0;Envejeciendo;0
BIO_904;243;5342000;15/07/2013;21/08/2013;267000;12.3;7;100.0;Obsoleto;4
BIO_905;243;4920000;20/03/2013;19/05/2013;246000;12.6;7;87.5;Proximo a obsoleto;2
BIO_906;241;7753000;10/06/2021;06/08/2021;4564000;4.3;7;56.1;Envejeciendo;2
BIO_907;238;5452000;08/08/2017;23/09/2017;1179000;8.2;7;78.6;Proximo a obsoleto;1
BIO_908;251;1271000;14/01/2024;14/03/2024;848000;1.8;5;26.3;En uso normal;0
BIO_909;251;943000;12/04/2019;14/05/2019;47000;6.6;5;75.0;Proximo a obsoleto;0
BIO_910;251;1407000;28/08/2024;10/10/2024;1094000;1.2;5;30.0;En uso normal;2
BIO_911;251;653000;27/11/2014;14/01/2015;33000;10.9;5;75.0;Proximo a obsoleto;0
BIO_912;249;722000;30/12/2015;18/02/2016;36000;9.8;5;93.8;Proximo a obsoleto;3
BIO_913;250;683000;26/05/2014;08/07/2014;34000;11.4;5;81.2;Proximo a obsoleto;1
BIO_914;253;1009000;18/07/2019;25/08/2019;50000;6.3;5;87.5;Proximo a obsoleto;2
BIO_915;253;943000;26/04/2020;05/06/2020;47000;5.5;5;93.8;Proximo a obsoleto;3
BIO_916;252;864000;29/03/2018;30/04/2018;43000;7.7;5;81.2;Proximo a obsoleto;1
BIO_917;251;744000;12/06/2015;16/07/2015;37000;10.4;5;75.0;Proximo a obsoleto;0
BIO_918;254;4787000;31/01/2023;16/03/2023;3536000;2.8;10;33.1;En uso normal;2
BIO_919;254;2853000;17/09/2015;03/11/2015;143000;10.1;10;87.5;Proximo a obsoleto;2
BIO_920;254;3376000;28/08/2017;11/10/2017;756000;8.2;10;73.8;Envejeciendo;2
BIO_921;254;3827000;11/12/2018;06/02/2019;1344000;6.8;10;51.2;Envejeciendo;0
BIO_922;255;1540000;15/07/2016;08/09/2016;187000;9.2;10;81.9;Proximo a obsoleto;2
BIO_923;256;5362000;28/10/2017;23/12/2017;1287000;8.0;10;72.5;Envejeciendo;2
BIO_924;256;4536000;18/01/2015;11/03/2015;227000;10.8;10;81.2;Proximo a obsoleto;1
BIO_925;257;12418000;21/11/2021;06/01/2022;7794000;3.9;10;29.4;En uso normal;0
BIO_926;258;9285000;02/11/2018;28/12/2018;3110000;7.0;10;58.8;Envejeciendo;1
BIO_927;259;18704000;26/01/2022;24/03/2022;12041000;3.8;10;46.9;En uso normal;3
BIO_928;260;20334000;09/08/2018;11/09/2018;6329000;7.2;10;73.1;Envejeciendo;3
BIO_929;261;10589000;20/02/2016;24/03/2016;781000;9.8;10;73.1;Envejeciendo;0
BIO_930;263;9923000;26/12/2017;29/01/2018;2457000;7.9;10;65.6;Envejeciendo;1
BIO_931;262;12034000;08/05/2021;28/06/2021;6889000;4.5;10;33.8;En uso normal;0
BIO_932;265;40147000;22/10/2018;20/12/2018;13449000;7.0;10;52.5;Envejeciendo;0
BIO_933;266;22216000;13/06/2014;19/07/2014;1111000;11.4;10;93.7;Proximo a obsoleto;3
BIO_934;265;24145000;22/11/2015;24/12/2015;1207000;10.0;10;87.5;Proximo a obsoleto;2
BIO_935;266;24539000;16/12/2013;14/02/2014;1227000;11.8;10;93.7;Proximo a obsoleto;3
BIO_936;264;18969000;08/10/2016;06/12/2016;2751000;9.0;10;92.5;Proximo a obsoleto;4
BIO_937;267;34696000;10/11/2021;25/12/2021;21512000;4.0;10;30.0;En uso normal;0
BIO_938;267;42319000;28/07/2022;01/09/2022;29253000;3.2;10;36.9;En uso normal;2
BIO_939;269;332000;14/03/2017;21/04/2017;59000;8.7;10;77.5;Proximo a obsoleto;2
BIO_940;270;482000;02/05/2016;02/06/2016;47000;9.5;10;96.2;Proximo a obsoleto;4
BIO_941;272;509000;07/07/2018;26/08/2018;155000;7.3;10;67.5;Envejeciendo;2
BIO_942;271;766000;30/03/2022;27/05/2022;505000;3.6;10;51.9;Envejeciendo;4
BIO_943;271;472000;15/05/2014;16/06/2014;24000;11.5;10;87.5;Proximo a obsoleto;2
BIO_944;271;501000;30/01/2016;13/03/2016;37000;9.8;10;79.4;Proximo a obsoleto;1
BIO_945;268;562000;17/10/2024;23/11/2024;504000;1.1;10;33.1;En uso normal;4
BIO_946;273;27830000;31/07/2021;24/09/2021;16594000;4.2;10;44.4;En uso normal;2
BIO_947;273;30024000;15/11/2023;26/12/2023;24319000;2.0;10;40.0;En uso normal;4
BIO_948;274;2244000;19/03/2020;30/04/2020;517000;5.7;7;73.2;Envejeciendo;2
BIO_949;276;1810000;02/08/2013;11/09/2013;90000;12.2;7;100.0;Obsoleto;4
BIO_950;277;1852000;29/08/2013;26/10/2013;93000;12.2;7;87.5;Proximo a obsoleto;2
BIO_951;277;3191000;01/08/2023;16/09/2023;2217000;2.2;7;36.6;En uso normal;2
BIO_952;280;2500000;22/03/2018;26/04/2018;125000;7.7;7;75.0;Proximo a obsoleto;0
BIO_953;279;2188000;30/05/2018;07/07/2018;109000;7.4;7;100.0;Obsoleto;4
BIO_954;280;2148000;04/04/2014;28/05/2014;107000;11.6;7;81.2;Proximo a obsoleto;1
BIO_955;277;2877000;17/09/2021;28/10/2021;1249000;4.2;7;50.9;Envejeciendo;1
BIO_956;277;2649000;22/04/2018;09/06/2018;132000;7.5;7;87.5;Proximo a obsoleto;2
BIO_957;277;2976000;18/01/2021;18/03/2021;1058000;4.8;7;75.9;Proximo a obsoleto;4
BIO_958;276;2832000;20/11/2020;19/01/2021;941000;4.9;7;77.7;Proximo a obsoleto;4
BIO_959;276;2263000;10/03/2016;27/04/2016;113000;9.7;7;81.2;Proximo a obsoleto;1
BIO_960;275;3107000;16/01/2024;03/03/2024;2369000;1.8;7;31.3;En uso normal;2
BIO_961;280;3627000;01/01/2024;01/02/2024;2726000;1.8;7;19.6;Vigente;0
BIO_962;278;2690000;21/03/2018;09/05/2018;134000;7.6;7;81.2;Proximo a obsoleto;1
BIO_963;281;101965000;22/10/2024;06/12/2024;92278000;1.0;10;7.5;Vigente;0
BIO_964;282;1756000;09/07/2017;02/09/2017;380000;8.2;10;68.1;Envejeciendo;1
BIO_965;283;6240000;24/12/2016;21/02/2017;1006000;8.8;10;78.7;Proximo a obsoleto;2
BIO_966;284;205000;29/06/2013;02/08/2013;10000;12.3;10;100.0;Obsoleto;4
BIO_967;286;3338000;06/03/2016;29/04/2016;272000;9.7;10;72.5;Envejeciendo;0
BIO_968;286;5403000;09/03/2021;08/05/2021;3052000;4.6;10;34.4;En uso normal;0
BIO_969;286;4707000;15/11/2021;02/01/2022;2954000;3.9;10;29.4;En uso normal;0
BIO_970;286;3722000;09/10/2019;18/11/2019;1572000;6.1;10;51.9;Envejeciendo;1
BIO_971;286;5057000;19/10/2022;13/12/2022;3616000;3.0;10;41.2;En uso normal;3
BIO_972;287;3370000;13/02/2020;19/03/2020;1529000;5.8;10;68.1;Envejeciendo;4
BIO_973;287;4032000;02/01/2021;08/02/2021;2182000;4.8;10;61.2;Envejeciendo;4
BIO_974;285;3581000;27/06/2021;05/08/2021;2108000;4.3;10;45.0;En uso normal;2
BIO_975;289;133103000;26/12/2016;17/02/2017;21450000;8.8;10;66.2;Envejeciendo;0
BIO_976;290;80488000;23/09/2013;28/10/2013;4024000;12.2;10;100.0;Obsoleto;4
BIO_977;292;115378000;15/12/2017;03/02/2018;29554000;7.8;10;83.7;Proximo a obsoleto;4
BIO_978;292;145096000;17/02/2024;22/03/2024;120974000;1.8;10;25.6;En uso normal;2
BIO_979;292;110814000;04/05/2018;14/06/2018;31859000;7.5;10;68.8;Envejeciendo;2
BIO_980;291;106625000;28/12/2014;22/02/2015;5331000;10.8;10;87.5;Proximo a obsoleto;2
BIO_981;293;110860000;04/04/2013;12/05/2013;5543000;12.6;10;81.2;Proximo a obsoleto;1
BIO_982;293;114325000;10/07/2014;20/08/2014;5716000;11.3;10;87.5;Proximo a obsoleto;2
BIO_983;294;39125000;11/01/2013;11/02/2013;1956000;12.8;10;93.8;Proximo a obsoleto;3
BIO_984;294;71371000;31/05/2022;05/07/2022;48183000;3.4;10;44.4;En uso normal;3
BIO_985;295;106181000;30/06/2021;10/08/2021;62503000;4.3;10;57.5;Envejeciendo;4
BIO_986;295;67936000;11/04/2015;06/06/2015;3397000;10.5;10;93.7;Proximo a obsoleto;3
BIO_987;295;88913000;25/08/2016;08/10/2016;11456000;9.2;10;68.8;Envejeciendo;0
BIO_988;295;101162000;13/08/2019;12/09/2019;41097000;6.2;10;59.4;Envejeciendo;2
BIO_989;295;73551000;08/05/2015;09/06/2015;3678000;10.5;10;87.5;Proximo a obsoleto;2
BIO_990;295;106440000;03/06/2021;08/07/2021;61746000;4.4;10;33.1;En uso normal;0
BIO_991;295;76123000;02/02/2015;14/03/2015;3806000;10.8;10;100.0;Obsoleto;4
BIO_992;295;55753000;11/09/2013;24/10/2013;2788000;12.2;10;81.2;Proximo a obsoleto;1
BIO_993;295;77798000;10/07/2016;10/08/2016;8842000;9.3;10;70.0;Envejeciendo;0
BIO_994;295;79539000;11/08/2017;16/09/2017;17200000;8.2;10;80.6;Proximo a obsoleto;3
BIO_995;295;82031000;14/12/2018;03/02/2019;28805000;6.8;10;63.7;Envejeciendo;2
BIO_996;295;87172000;30/04/2018;02/06/2018;25062000;7.5;10;56.2;Envejeciendo;0
BIO_997;295;144692000;05/01/2024;08/02/2024;119537000;1.8;10;13.7;Vigente;0
BIO_998;295;70055000;01/02/2013;16/03/2013;3503000;12.8;10;75.0;Proximo a obsoleto;0
BIO_999;295;113886000;10/10/2023;15/11/2023;91382000;2.1;10;15.6;Vigente;0
BIO_1000;288;243432000;23/08/2017;27/09/2017;84440000;8.2;12;64.1;Envejeciendo;2
BIO_1001;300;47205000;16/08/2023;12/10/2023;33303000;2.2;7;23.2;Vigente;0
BIO_1002;298;54779000;01/12/2021;15/01/2022;25637000;3.9;7;60.7;Envejeciendo;3
BIO_1003;298;43030000;11/12/2018;12/01/2019;2619000;6.9;7;99.1;Proximo a obsoleto;4
BIO_1004;296;28378000;23/02/2017;05/04/2017;1419000;8.7;7;93.7;Proximo a obsoleto;3
BIO_1005;297;31599000;09/03/2017;22/04/2017;1580000;8.7;7;75.0;Proximo a obsoleto;0
BIO_1006;299;41310000;12/11/2022;26/12/2022;24491000;3.0;7;44.6;En uso normal;2
BIO_1007;301;16015000;10/01/2019;27/02/2019;5624000;6.8;10;51.2;Envejeciendo;0
BIO_1008;308;22391000;04/03/2015;05/04/2015;1120000;10.7;10;87.5;Proximo a obsoleto;2
BIO_1009;302;28941000;15/04/2022;08/06/2022;20922000;3.5;12;46.9;En uso normal;4
BIO_1010;307;64138000;15/05/2014;10/07/2014;6152000;11.4;12;90.1;Proximo a obsoleto;3
BIO_1011;305;118055000;23/05/2022;22/07/2022;86092000;3.4;12;46.4;En uso normal;4
BIO_1012;306;85932000;15/04/2018;30/05/2018;34366000;7.6;12;59.9;Envejeciendo;2
BIO_1013;304;140977000;09/11/2021;06/01/2022;97227000;3.9;12;24.5;Vigente;0
BIO_1014;303;136060000;04/08/2024;28/09/2024;122596000;1.2;12;32.8;En uso normal;4
BIO_1015;303;97070000;13/09/2015;12/11/2015;19608000;10.1;12;81.8;Proximo a obsoleto;3
BIO_1016;309;19120000;01/10/2016;06/11/2016;2627000;9.1;10;74.4;Envejeciendo;1
BIO_1017;321;599000;16/12/2013;28/01/2014;30000;11.9;10;75.0;Proximo a obsoleto;0
BIO_1018;322;1026000;07/10/2022;12/11/2022;726000;3.1;10;29.4;En uso normal;1
BIO_1019;312;824000;14/10/2018;23/11/2018;270000;7.1;10;53.1;Envejeciendo;0
BIO_1020;311;1041000;15/09/2021;01/11/2021;638000;4.1;10;49.4;En uso normal;3
BIO_1021;310;990000;25/04/2020;21/06/2020;473000;5.5;10;53.7;Envejeciendo;2
BIO_1022;314;1080000;12/04/2023;10/06/2023;824000;2.5;10;18.7;Vigente;0
BIO_1023;313;1197000;20/09/2024;14/11/2024;1074000;1.1;10;26.9;En uso normal;3
BIO_1024;313;1251000;19/04/2022;23/05/2022;826000;3.6;10;33.1;En uso normal;1
BIO_1025;315;808000;01/04/2015;30/05/2015;40000;10.6;10;75.0;Proximo a obsoleto;0
BIO_1026;316;735000;08/04/2015;02/06/2015;37000;10.5;10;87.5;Proximo a obsoleto;2
BIO_1027;316;953000;17/09/2020;14/11/2020;493000;5.1;10;56.9;Envejeciendo;3
BIO_1028;318;1017000;04/08/2021;23/09/2021;606000;4.2;10;50.6;Envejeciendo;3
BIO_1029;317;1187000;12/08/2023;12/09/2023;933000;2.2;10;23.1;Vigente;1
BIO_1030;317;980000;15/01/2022;18/02/2022;623000;3.8;10;53.8;Envejeciendo;4
BIO_1031;317;1046000;04/01/2022;04/02/2022;665000;3.8;10;47.5;En uso normal;3
BIO_1032;319;733000;01/05/2018;01/06/2018;211000;7.5;10;75.0;Proximo a obsoleto;3
BIO_1033;320;1039000;10/05/2021;09/06/2021;595000;4.5;10;46.2;En uso normal;2
BIO_1034;323;943000;19/10/2019;27/11/2019;398000;6.1;10;58.1;Envejeciendo;2
BIO_1035;324;682000;16/03/2015;12/05/2015;34000;10.6;10;81.2;Proximo a obsoleto;1
BIO_1036;327;19027000;28/09/2019;20/11/2019;8037000;6.1;10;64.4;Envejeciendo;3
BIO_1037;325;20194000;17/01/2019;11/03/2019;7245000;6.8;10;69.4;Envejeciendo;3
BIO_1038;325;17484000;20/03/2017;03/05/2017;3233000;8.6;10;70.6;Envejeciendo;1
BIO_1039;326;29708000;13/11/2023;06/01/2024;24289000;1.9;10;39.4;En uso normal;4
BIO_1040;325;18999000;06/04/2014;22/05/2014;950000;11.6;10;81.2;Proximo a obsoleto;1
BIO_1041;328;169584000;24/12/2019;14/02/2020;91314000;5.8;12;61.5;Envejeciendo;4
BIO_1042;329;120875000;17/01/2016;11/03/2016;27575000;9.8;12;85.9;Proximo a obsoleto;4
BIO_1043;331;22889000;26/08/2013;30/09/2013;1144000;12.2;10;81.2;Proximo a obsoleto;1
BIO_1044;330;16700000;18/04/2014;25/05/2014;835000;11.6;10;75.0;Proximo a obsoleto;0
BIO_1045;332;13877000;19/02/2014;19/04/2014;694000;11.7;8;87.5;Proximo a obsoleto;2
BIO_1046;333;12001000;23/02/2019;05/04/2019;2495000;6.7;8;81.3;Proximo a obsoleto;3
BIO_1047;337;17889000;26/11/2021;15/01/2022;9562000;3.9;8;36.7;En uso normal;0
BIO_1048;336;12937000;05/06/2018;16/07/2018;1538000;7.4;8;88.3;Proximo a obsoleto;3
BIO_1049;335;15822000;03/01/2023;07/02/2023;10505000;2.8;8;45.3;En uso normal;3
BIO_1050;334;18470000;05/11/2020;16/12/2020;7503000;5.0;8;53.1;Envejeciendo;1
BIO_1051;344;12651000;11/01/2015;19/02/2015;633000;10.8;8;75.0;Proximo a obsoleto;0
BIO_1052;344;12961000;11/02/2014;18/03/2014;648000;11.8;8;100.0;Obsoleto;4
BIO_1053;345;15555000;19/12/2017;07/02/2018;1092000;7.8;8;79.7;Proximo a obsoleto;1
BIO_1054;349;17163000;14/01/2019;05/03/2019;3406000;6.8;8;82.0;Proximo a obsoleto;3
BIO_1055;339;11330000;14/06/2013;10/08/2013;566000;12.3;8;75.0;Proximo a obsoleto;0
BIO_1056;345;12602000;20/12/2015;08/02/2016;630000;9.8;8;81.2;Proximo a obsoleto;1
BIO_1057;344;15829000;08/01/2018;15/02/2018;1111000;7.8;8;98.4;Proximo a obsoleto;4
BIO_1058;344;18390000;06/03/2019;18/04/2019;3824000;6.7;8;81.3;Proximo a obsoleto;3
BIO_1059;345;22149000;19/04/2023;27/05/2023;15363000;2.6;8;30.5;En uso normal;1
BIO_1060;354;19940000;12/10/2019;02/12/2019;5733000;6.0;8;81.2;Proximo a obsoleto;4
BIO_1061;351;22780000;19/04/2015;19/05/2015;1139000;10.6;8;100.0;Obsoleto;4
BIO_1062;357;14424000;05/05/2019;13/06/2019;3290000;6.5;8;60.9;Envejeciendo;0
BIO_1063;354;16767000;07/06/2014;17/07/2014;838000;11.4;8;87.5;Proximo a obsoleto;2
BIO_1064;353;17689000;19/03/2019;26/04/2019;3678000;6.7;8;75.0;Proximo a obsoleto;2
BIO_1065;341;13707000;13/05/2016;28/06/2016;685000;9.5;8;81.2;Proximo a obsoleto;1
BIO_1066;354;22282000;24/01/2022;16/03/2022;12360000;3.8;8;47.7;En uso normal;2
BIO_1067;350;10625000;28/07/2013;16/09/2013;531000;12.2;8;93.8;Proximo a obsoleto;3
BIO_1068;354;21186000;27/10/2018;25/12/2018;3575000;7.0;8;84.4;Proximo a obsoleto;3
BIO_1069;344;18184000;16/09/2021;08/11/2021;9374000;4.1;8;38.3;En uso normal;0
BIO_1070;352;20351000;12/09/2020;04/11/2020;8074000;5.1;8;53.9;Envejeciendo;1
BIO_1071;351;34069000;03/09/2023;01/11/2023;25654000;2.1;8;32.0;En uso normal;2
BIO_1072;355;21333000;26/09/2019;22/11/2019;5931000;6.1;8;63.3;Envejeciendo;1
BIO_1073;355;20675000;04/08/2019;06/09/2019;5330000;6.2;8;77.3;Proximo a obsoleto;3
BIO_1074;354;17396000;20/10/2018;12/12/2018;2936000;7.0;8;90.6;Proximo a obsoleto;4
BIO_1075;349;19242000;12/07/2020;31/08/2020;7063000;5.3;8;50.0;Envejeciendo;0
BIO_1076;344;17118000;20/12/2020;26/01/2021;7117000;4.9;8;58.6;Envejeciendo;2
BIO_1077;347;15602000;07/06/2020;18/07/2020;5560000;5.4;8;63.3;Envejeciendo;2
BIO_1078;343;20499000;28/05/2023;24/07/2023;14608000;2.4;8;22.7;Vigente;0
BIO_1079;338;14072000;16/03/2014;12/05/2014;704000;11.6;8;100.0;Obsoleto;4
BIO_1080;338;22670000;05/08/2023;02/10/2023;16828000;2.2;8;26.6;En uso normal;1
BIO_1081;342;12946000;09/09/2015;05/11/2015;647000;10.1;8;93.8;Proximo a obsoleto;3
BIO_1082;338;16343000;11/09/2019;24/10/2019;4369000;6.2;8;57.8;Envejeciendo;0
BIO_1083;338;13753000;31/01/2016;07/03/2016;688000;9.8;8;87.5;Proximo a obsoleto;2
BIO_1084;341;24752000;07/04/2023;11/05/2023;17169000;2.6;8;36.7;En uso normal;2
BIO_1085;342;12947000;25/10/2014;09/12/2014;647000;11.0;8;87.5;Proximo a obsoleto;2
BIO_1086;338;18435000;12/01/2020;02/03/2020;5847000;5.8;8;53.9;Envejeciendo;0
BIO_1087;338;22975000;21/02/2023;31/03/2023;15472000;2.8;8;32.0;En uso normal;1
BIO_1088;354;17583000;21/07/2016;04/09/2016;879000;9.2;8;75.0;Proximo a obsoleto;0
BIO_1089;338;19609000;23/09/2022;12/11/2022;12437000;3.1;8;47.7;En uso normal;3
BIO_1090;354;24090000;16/08/2022;15/10/2022;15022000;3.2;8;48.4;En uso normal;3
BIO_1091;356;14403000;08/02/2013;11/03/2013;720000;12.8;8;100.0;Obsoleto;4
BIO_1092;345;18835000;15/05/2021;14/07/2021;8949000;4.4;8;41.4;En uso normal;0
BIO_1093;347;23809000;29/11/2024;04/01/2025;21208000;0.9;8;8.6;Vigente;0
BIO_1094;356;19466000;01/08/2018;07/09/2018;2707000;7.2;8;80.5;Proximo a obsoleto;2
BIO_1095;348;14098000;23/11/2015;26/12/2015;705000;10.0;8;93.7;Proximo a obsoleto;3
BIO_1096;348;16704000;13/11/2019;18/12/2019;4802000;6.0;8;56.3;Envejeciendo;0
BIO_1097;347;16919000;09/09/2019;08/11/2019;4703000;6.1;8;69.5;Envejeciendo;2
BIO_1098;347;18903000;02/09/2024;21/10/2024;16277000;1.2;8;35.9;En uso normal;4
BIO_1099;351;34627000;23/09/2022;20/11/2022;21962000;3.1;8;35.2;En uso normal;1
BIO_1100;344;21814000;30/12/2023;09/02/2024;17074000;1.8;8;23.4;Vigente;1
BIO_1101;349;21623000;18/01/2022;17/02/2022;11789000;3.8;8;42.2;En uso normal;1
BIO_1102;338;10231000;11/12/2015;16/01/2016;512000;9.9;8;75.0;Proximo a obsoleto;0
BIO_1103;338;16475000;16/10/2016;18/11/2016;824000;9.1;8;87.5;Proximo a obsoleto;2
BIO_1104;344;18680000;01/06/2021;29/07/2021;8875000;4.4;8;53.9;Envejeciendo;2
BIO_1105;338;13677000;03/02/2014;24/03/2014;684000;11.8;8;75.0;Proximo a obsoleto;0
BIO_1106;349;10866000;11/06/2013;12/07/2013;543000;12.4;8;75.0;Proximo a obsoleto;0
BIO_1107;349;21006000;19/12/2022;30/01/2023;13722000;2.9;8;27.4;En uso normal;0
BIO_1108;338;14524000;02/09/2018;17/10/2018;2158000;7.2;8;73.4;Envejeciendo;1
BIO_1109;351;18143000;18/03/2013;26/04/2013;907000;12.7;8;93.8;Proximo a obsoleto;3
BIO_1110;347;25945000;02/09/2024;10/10/2024;22340000;1.2;8;35.9;En uso normal;4
BIO_1111;347;19719000;25/05/2022;20/07/2022;11711000;3.4;8;32.0;En uso normal;0
BIO_1112;356;16560000;23/08/2015;01/10/2015;828000;10.2;8;75.0;Proximo a obsoleto;0
BIO_1113;348;24066000;01/03/2024;06/04/2024;19293000;1.7;8;40.6;En uso normal;4
BIO_1114;348;16490000;25/11/2018;20/01/2019;2939000;6.9;8;89.9;Proximo a obsoleto;4
BIO_1115;348;19118000;11/01/2021;04/03/2021;8334000;4.8;8;63.3;Envejeciendo;3
BIO_1116;348;14528000;06/08/2016;06/09/2016;726000;9.2;8;100.0;Obsoleto;4
BIO_1117;344;17840000;29/08/2017;20/10/2017;892000;8.2;8;93.8;Proximo a obsoleto;3
BIO_1118;344;15788000;06/04/2018;06/05/2018;1577000;7.6;8;71.1;Envejeciendo;0
BIO_1119;344;13531000;24/06/2015;19/08/2015;677000;10.3;8;100.0;Obsoleto;4
BIO_1120;344;15303000;06/05/2016;05/07/2016;765000;9.4;8;75.0;Proximo a obsoleto;0
BIO_1121;344;13675000;07/09/2014;30/10/2014;684000;11.2;8;75.0;Proximo a obsoleto;0
BIO_1122;344;17367000;09/03/2018;22/04/2018;1549000;7.7;8;84.4;Proximo a obsoleto;2
BIO_1123;344;22311000;01/06/2023;02/07/2023;15899000;2.4;8;22.7;Vigente;0
BIO_1124;344;10768000;20/11/2013;16/01/2014;538000;11.9;8;87.5;Proximo a obsoleto;2
BIO_1125;346;20151000;06/01/2020;18/02/2020;6200000;5.8;8;54.7;Envejeciendo;0
BIO_1126;346;11411000;11/01/2014;10/02/2014;571000;11.8;8;81.2;Proximo a obsoleto;1
BIO_1127;347;18253000;16/05/2020;26/06/2020;6332000;5.5;8;70.3;Envejeciendo;3
BIO_1128;347;12514000;01/02/2015;14/03/2015;626000;10.8;8;87.5;Proximo a obsoleto;2
BIO_1129;341;13249000;22/07/2015;02/09/2015;662000;10.2;8;93.8;Proximo a obsoleto;3
BIO_1130;347;17255000;05/02/2019;02/04/2019;3588000;6.7;8;81.3;Proximo a obsoleto;3
BIO_1131;348;20539000;17/06/2022;06/08/2022;12417000;3.3;8;37.5;En uso normal;1
BIO_1132;348;13767000;22/12/2015;12/02/2016;688000;9.8;8;75.0;Proximo a obsoleto;0
BIO_1133;354;18378000;30/04/2015;12/06/2015;919000;10.5;8;100.0;Obsoleto;4
BIO_1134;340;20751000;30/10/2022;04/12/2022;13358000;3.0;8;53.1;Envejeciendo;4
BIO_1135;340;18522000;16/01/2021;06/03/2021;8074000;4.8;8;44.5;En uso normal;0
BIO_1136;340;22863000;02/11/2023;31/12/2023;17433000;2.0;8;37.5;En uso normal;3
BIO_1137;344;21930000;24/03/2022;07/05/2022;12607000;3.6;8;33.6;En uso normal;0
BIO_1138;344;14303000;14/11/2018;03/01/2019;2550000;6.9;8;77.3;Proximo a obsoleto;2
BIO_1139;344;23575000;09/10/2024;02/12/2024;20775000;1.0;8;34.4;En uso normal;4
BIO_1140;344;18821000;03/08/2020;18/09/2020;7087000;5.2;8;74.2;Envejeciendo;4
BIO_1141;354;23892000;16/09/2022;06/11/2022;15154000;3.1;8;35.1;En uso normal;1
BIO_1142;340;19783000;03/10/2020;23/11/2020;7849000;5.1;8;66.4;Envejeciendo;3
BIO_1143;344;12413000;24/03/2014;23/04/2014;621000;11.7;8;81.2;Proximo a obsoleto;1
BIO_1144;340;21439000;12/07/2023;07/09/2023;15711000;2.2;8;39.8;En uso normal;3
BIO_1145;344;12389000;06/09/2014;30/10/2014;619000;11.2;8;93.8;Proximo a obsoleto;3
BIO_1146;351;25586000;28/05/2018;07/07/2018;3042000;7.4;8;82.0;Proximo a obsoleto;2
BIO_1147;351;33070000;15/05/2024;21/06/2024;27179000;1.5;8;39.1;En uso normal;4
BIO_1148;351;28545000;17/01/2022;14/03/2022;15834000;3.8;8;41.4;En uso normal;1
BIO_1149;351;38560000;19/04/2023;02/06/2023;27112000;2.5;8;48.4;En uso normal;4
BIO_1150;351;18870000;23/12/2014;18/02/2015;944000;10.8;8;93.7;Proximo a obsoleto;3
BIO_1151;351;26436000;03/02/2020;07/03/2020;8385000;5.8;8;72.7;Envejeciendo;3
BIO_1152;351;17760000;21/04/2015;02/06/2015;888000;10.5;8;93.8;Proximo a obsoleto;3
BIO_1153;351;18119000;02/01/2013;27/02/2013;906000;12.8;8;75.0;Proximo a obsoleto;0
BIO_1154;351;32413000;27/05/2024;13/07/2024;26947000;1.4;8;19.5;Vigente;1
BIO_1155;351;32485000;24/08/2020;04/10/2020;12541000;5.2;8;48.4;En uso normal;0
BIO_1156;351;36960000;12/03/2023;21/04/2023;25241000;2.7;8;50.0;Envejeciendo;4
BIO_1157;351;28760000;24/02/2021;17/04/2021;12811000;4.7;8;62.5;Envejeciendo;3
BIO_1158;351;25322000;10/03/2015;03/05/2015;1266000;10.6;8;81.2;Proximo a obsoleto;1
BIO_1159;351;30968000;28/08/2020;08/10/2020;11956000;5.2;8;60.9;Envejeciendo;2
BIO_1160;351;35307000;16/09/2024;27/10/2024;30402000;1.2;8;10.9;Vigente;0
BIO_1161;351;18196000;06/09/2016;21/10/2016;910000;9.2;8;81.2;Proximo a obsoleto;1
BIO_1162;351;25388000;27/05/2015;04/07/2015;1269000;10.4;8;100.0;Obsoleto;4
BIO_1163;351;21428000;17/03/2017;19/04/2017;1071000;8.7;8;93.8;Proximo a obsoleto;3
BIO_1164;358;16589000;03/04/2023;29/05/2023;12523000;2.6;10;25.6;En uso normal;1
BIO_1165;359;456000;02/06/2015;26/07/2015;23000;10.4;5;93.7;Proximo a obsoleto;3
BIO_1166;360;814000;07/10/2015;30/11/2015;41000;10.1;10;93.7;Proximo a obsoleto;3
BIO_1167;361;1299000;23/04/2024;27/05/2024;1104000;1.6;10;30.6;En uso normal;3
BIO_1168;361;1240000;23/11/2024;15/01/2025;1132000;0.9;10;6.9;Vigente;0
BIO_1169;362;774000;16/09/2022;11/11/2022;548000;3.1;10;48.1;En uso normal;4
BIO_1170;363;16024000;27/05/2024;20/07/2024;13862000;1.4;10;16.9;Vigente;1
BIO_1171;364;13975000;23/11/2016;15/01/2017;2133000;8.9;10;73.1;Envejeciendo;1
BIO_1172;365;38632000;09/09/2021;30/10/2021;23328000;4.2;10;56.3;Envejeciendo;4
BIO_1173;375;6050000;22/04/2024;19/06/2024;5188000;1.5;10;30.0;En uso normal;3
BIO_1174;382;4208000;27/07/2018;03/09/2018;1310000;7.2;10;73.1;Envejeciendo;3
BIO_1175;370;4213000;07/08/2019;20/09/2019;1712000;6.2;10;53.1;Envejeciendo;1
BIO_1176;378;5220000;05/04/2022;24/05/2022;3445000;3.6;10;51.9;Envejeciendo;4
BIO_1177;374;4108000;16/01/2020;08/03/2020;1864000;5.8;10;68.1;Envejeciendo;4
BIO_1178;388;3958000;04/07/2017;09/08/2017;826000;8.3;10;87.5;Proximo a obsoleto;4
BIO_1179;368;4376000;29/09/2020;27/11/2020;2264000;5.1;10;44.4;En uso normal;1
BIO_1180;367;5470000;20/04/2024;06/06/2024;4691000;1.5;10;23.7;Vigente;2
BIO_1181;367;4820000;25/11/2020;11/01/2021;2567000;4.9;10;55.6;Envejeciendo;3
BIO_1182;369;5934000;13/05/2022;03/07/2022;4006000;3.4;10;50.6;Envejeciendo;4
BIO_1183;371;5732000;23/06/2022;17/08/2022;3919000;3.3;10;25.0;En uso normal;0
BIO_1184;373;3105000;23/05/2015;22/06/2015;155000;10.5;10;93.8;Proximo a obsoleto;3
BIO_1185;376;3085000;11/03/2014;01/05/2014;154000;11.6;10;75.0;Proximo a obsoleto;0
BIO_1186;379;4548000;28/12/2018;20/02/2019;1597000;6.8;10;57.5;Envejeciendo;1
BIO_1187;380;3897000;15/08/2018;18/09/2018;1213000;7.2;10;54.4;Envejeciendo;0
BIO_1188;377;3918000;30/07/2017;22/09/2017;847000;8.2;10;86.9;Proximo a obsoleto;4
BIO_1189;386;5259000;17/01/2021;14/03/2021;2886000;4.8;10;54.4;Envejeciendo;3
BIO_1190;366;3902000;12/01/2018;06/03/2018;1029000;7.8;10;83.1;Proximo a obsoleto;4
BIO_1191;372;4265000;01/05/2018;16/06/2018;1226000;7.5;10;68.8;Envejeciendo;2
BIO_1192;383;4500000;23/07/2021;03/09/2021;2683000;4.2;10;50.6;Envejeciendo;3
BIO_1193;385;3189000;17/03/2014;16/04/2014;159000;11.7;10;87.5;Proximo a obsoleto;2
BIO_1194;387;5476000;09/12/2022;03/02/2023;4004000;2.8;10;27.5;En uso normal;1
BIO_1195;381;3481000;29/05/2017;22/07/2017;697000;8.4;10;69.4;Envejeciendo;1
BIO_1196;384;5859000;25/01/2023;01/03/2023;4328000;2.8;10;20.6;Vigente;0
BIO_1197;391;5011000;24/11/2016;16/01/2017;765000;8.9;10;91.9;Proximo a obsoleto;4
BIO_1198;391;7013000;18/06/2021;19/07/2021;4068000;4.4;10;51.9;Envejeciendo;3
BIO_1199;391;5740000;05/12/2018;08/01/2019;1967000;6.9;10;58.1;Envejeciendo;1
BIO_1200;391;6255000;21/09/2018;21/10/2018;1994000;7.2;10;66.3;Envejeciendo;2
BIO_1201;391;5069000;22/06/2016;23/07/2016;533000;9.4;10;76.9;Proximo a obsoleto;1
BIO_1202;391;4313000;21/02/2014;16/04/2014;216000;11.7;10;100.0;Obsoleto;4
BIO_1203;391;6036000;04/10/2019;18/11/2019;2550000;6.1;10;70.6;Envejeciendo;4
BIO_1204;391;7008000;12/01/2021;13/02/2021;3792000;4.8;10;48.7;En uso normal;2
BIO_1205;391;5341000;07/12/2017;05/02/2018;1368000;7.8;10;65.0;Envejeciendo;1
BIO_1206;391;4481000;13/07/2014;06/09/2014;224000;11.2;10;100.0;Obsoleto;4
BIO_1207;389;6720000;01/05/2022;17/06/2022;4486000;3.5;10;51.2;Envejeciendo;4
BIO_1208;390;4484000;24/01/2015;06/03/2015;224000;10.8;10;81.2;Proximo a obsoleto;1
BIO_1209;392;5625000;11/06/2020;21/07/2020;2729000;5.4;10;53.1;Envejeciendo;2
BIO_1210;393;4245000;25/11/2017;24/01/2018;1051000;7.9;10;84.4;Proximo a obsoleto;4
BIO_1211;393;4757000;27/08/2023;13/10/2023;3776000;2.2;10;16.3;Vigente;0
BIO_1212;394;24091000;05/10/2020;18/11/2020;12465000;5.1;10;44.4;En uso normal;1
BIO_1213;395;3372000;21/06/2018;20/08/2018;1024000;7.3;10;55.0;Envejeciendo;0
BIO_1214;396;49485000;22/07/2021;19/09/2021;29505000;4.2;10;31.9;En uso normal;0
BIO_1215;397;22164000;03/10/2018;19/11/2018;7256000;7.1;10;65.6;Envejeciendo;2
BIO_1216;397;35414000;05/08/2024;30/09/2024;31209000;1.2;10;21.9;Vigente;2
BIO_1217;398;20814000;30/05/2024;13/07/2024;18006000;1.4;10;29.4;En uso normal;3
BIO_1218;400;58823000;26/08/2019;23/10/2019;24344000;6.2;10;52.5;Envejeciendo;1
BIO_1219;399;71854000;11/07/2024;12/08/2024;62775000;1.3;10;10.0;Vigente;0
BIO_1241;407;1294000;04/04/2022;01/06/2022;864000;3.5;10;51.2;Envejeciendo;4
BIO_1242;408;10800000;11/08/2016;15/09/2016;1310000;9.2;10;75.6;Proximo a obsoleto;1
BIO_1243;457;282000;02/09/2018;08/10/2018;90000;7.2;5;70.8;Envejeciendo;0
BIO_1220;401;874000;17/12/2024;16/01/2025;721000;0.9;5;13.8;Vigente;0
BIO_1221;401;421000;13/10/2017;09/12/2017;21000;8.0;5;93.8;Proximo a obsoleto;3
BIO_1222;401;493000;12/08/2017;28/09/2017;25000;8.2;5;93.7;Proximo a obsoleto;3
BIO_1223;401;480000;13/06/2016;13/07/2016;24000;9.4;5;93.8;Proximo a obsoleto;3
BIO_1224;401;394000;07/11/2013;09/12/2013;20000;12.0;5;75.0;Proximo a obsoleto;0
BIO_1225;401;443000;29/12/2016;22/02/2017;22000;8.8;5;87.5;Proximo a obsoleto;2
BIO_1226;401;396000;01/08/2014;18/09/2014;20000;11.2;5;81.2;Proximo a obsoleto;1
BIO_1227;401;643000;22/02/2022;05/04/2022;195000;3.7;5;73.8;Envejeciendo;3
BIO_1228;401;631000;18/09/2022;28/10/2022;251000;3.2;5;47.5;En uso normal;0
BIO_1229;401;467000;28/08/2015;14/10/2015;23000;10.2;5;75.0;Proximo a obsoleto;0
BIO_1230;401;490000;03/06/2014;27/07/2014;24000;11.4;5;100.0;Obsoleto;4
BIO_1231;401;379000;18/08/2014;28/09/2014;19000;11.2;5;100.0;Obsoleto;4
BIO_1232;406;515000;03/07/2019;27/08/2019;26000;6.3;5;87.5;Proximo a obsoleto;2
BIO_1233;401;398000;10/12/2014;18/01/2015;20000;10.9;5;93.7;Proximo a obsoleto;3
BIO_1234;404;591000;11/11/2021;06/01/2022;151000;3.9;5;58.8;Envejeciendo;0
BIO_1235;401;415000;04/07/2016;20/08/2016;21000;9.3;5;81.2;Proximo a obsoleto;1
BIO_1236;401;703000;09/10/2021;03/12/2021;169000;4.0;5;85.0;Proximo a obsoleto;4
BIO_1237;401;527000;26/03/2016;04/05/2016;26000;9.6;5;87.5;Proximo a obsoleto;2
BIO_1238;401;426000;04/03/2016;06/04/2016;21000;9.7;5;75.0;Proximo a obsoleto;0
BIO_1239;403;603000;03/11/2021;20/12/2021;145000;4.0;5;85.0;Proximo a obsoleto;4
BIO_1240;405;486000;02/11/2019;08/12/2019;24000;6.0;5;87.5;Proximo a obsoleto;2
BIO_1244;410;213000;22/03/2014;18/05/2014;11000;11.6;5;100.0;Obsoleto;4
BIO_1245;409;221000;23/08/2014;01/10/2014;11000;11.2;5;75.0;Proximo a obsoleto;0
BIO_1246;409;220000;16/03/2015;21/04/2015;11000;10.7;5;100.0;Obsoleto;4
BIO_1247;413;337000;03/06/2020;14/07/2020;17000;5.4;5;81.2;Proximo a obsoleto;1
BIO_1248;414;276000;06/04/2018;09/05/2018;14000;7.6;5;87.5;Proximo a obsoleto;2
BIO_1249;417;285000;26/07/2014;22/09/2014;14000;11.2;5;81.2;Proximo a obsoleto;1
BIO_1250;418;398000;25/11/2023;08/01/2024;253000;1.9;5;41.3;En uso normal;2
BIO_1251;412;328000;10/11/2019;01/01/2020;16000;5.9;5;100.0;Obsoleto;4
BIO_1252;418;454000;05/03/2021;29/04/2021;51000;4.7;5;82.5;Proximo a obsoleto;2
BIO_1253;416;251000;13/10/2016;12/11/2016;13000;9.1;5;87.5;Proximo a obsoleto;2
BIO_1254;419;344000;20/12/2017;10/02/2018;17000;7.8;5;93.8;Proximo a obsoleto;3
BIO_1255;412;400000;23/01/2021;26/02/2021;33000;4.8;5;85.0;Proximo a obsoleto;2
BIO_1256;412;352000;20/05/2023;03/07/2023;190000;2.4;5;48.8;En uso normal;2
BIO_1257;412;370000;08/11/2019;23/12/2019;18000;6.0;5;100.0;Obsoleto;4
BIO_1258;415;277000;10/12/2016;29/01/2017;14000;8.9;5;100.0;Obsoleto;4
BIO_1259;415;295000;18/04/2019;14/06/2019;15000;6.5;5;81.2;Proximo a obsoleto;1
BIO_1260;411;281000;29/05/2017;06/07/2017;14000;8.4;5;75.0;Proximo a obsoleto;0
BIO_1261;411;250000;10/09/2014;07/11/2014;12000;11.1;5;75.0;Proximo a obsoleto;0
BIO_1262;415;428000;17/05/2024;06/07/2024;313000;1.4;5;21.2;Vigente;0
BIO_1263;415;398000;01/02/2022;27/03/2022;114000;3.8;5;81.3;Proximo a obsoleto;4
BIO_1264;415;203000;28/10/2013;14/12/2013;10000;12.0;5;87.5;Proximo a obsoleto;2
BIO_1265;415;407000;04/08/2023;23/09/2023;233000;2.2;5;40.0;En uso normal;1
BIO_1266;415;306000;21/10/2021;27/11/2021;69000;4.1;5;86.2;Proximo a obsoleto;4
BIO_1267;434;332000;12/07/2019;15/08/2019;17000;6.3;5;93.7;Proximo a obsoleto;3
BIO_1268;430;409000;13/06/2024;15/07/2024;299000;1.4;5;40.0;En uso normal;3
BIO_1269;436;393000;06/04/2024;06/05/2024;275000;1.6;5;30.0;En uso normal;1
BIO_1270;437;299000;20/09/2016;13/11/2016;15000;9.1;5;100.0;Obsoleto;4
BIO_1271;437;444000;04/01/2023;08/02/2023;205000;2.8;5;48.7;En uso normal;1
BIO_1272;428;299000;12/04/2016;04/06/2016;15000;9.5;5;93.7;Proximo a obsoleto;3
BIO_1273;432;211000;28/11/2013;04/01/2014;11000;11.9;5;93.7;Proximo a obsoleto;3
BIO_1274;436;229000;30/05/2014;07/07/2014;11000;11.4;5;87.5;Proximo a obsoleto;2
BIO_1275;437;251000;17/12/2013;06/02/2014;13000;11.8;5;81.2;Proximo a obsoleto;1
BIO_1276;433;383000;07/02/2021;21/03/2021;37000;4.8;5;90.0;Proximo a obsoleto;3
BIO_1277;452;326000;16/01/2014;16/02/2014;16000;11.8;5;87.5;Proximo a obsoleto;2
BIO_1278;456;519000;11/09/2024;31/10/2024;404000;1.2;5;30.0;En uso normal;2
BIO_1279;447;359000;28/11/2018;15/01/2019;18000;6.9;5;100.0;Obsoleto;4
BIO_1280;443;258000;25/11/2016;06/01/2017;13000;8.9;5;93.7;Proximo a obsoleto;3
BIO_1281;443;240000;30/09/2014;15/11/2014;12000;11.1;5;87.5;Proximo a obsoleto;2
BIO_1282;443;278000;31/12/2017;15/02/2018;14000;7.8;5;93.7;Proximo a obsoleto;3
BIO_1283;439;360000;27/09/2020;11/11/2020;18000;5.1;5;93.8;Proximo a obsoleto;3
BIO_1284;439;245000;24/02/2013;11/04/2013;12000;12.7;5;81.2;Proximo a obsoleto;1
BIO_1285;439;245000;18/09/2016;25/10/2016;12000;9.2;5;75.0;Proximo a obsoleto;0
BIO_1286;439;275000;20/04/2019;26/05/2019;14000;6.6;5;81.2;Proximo a obsoleto;1
BIO_1287;439;217000;13/07/2016;23/08/2016;11000;9.3;5;100.0;Obsoleto;4
BIO_1288;445;264000;28/08/2015;18/10/2015;13000;10.2;5;81.2;Proximo a obsoleto;1
BIO_1289;439;299000;29/05/2020;21/07/2020;15000;5.4;5;75.0;Proximo a obsoleto;0
BIO_1290;426;333000;28/09/2023;12/11/2023;201000;2.1;5;37.5;En uso normal;1
BIO_1291;425;293000;13/08/2016;02/10/2016;15000;9.2;5;93.7;Proximo a obsoleto;3
BIO_1292;425;396000;20/06/2018;21/07/2018;20000;7.4;5;81.2;Proximo a obsoleto;1
BIO_1293;443;266000;12/08/2016;15/09/2016;13000;9.2;5;100.0;Obsoleto;4
BIO_1294;443;289000;18/04/2016;19/05/2016;14000;9.6;5;81.2;Proximo a obsoleto;1
BIO_1295;425;301000;14/01/2017;01/03/2017;15000;8.8;5;93.8;Proximo a obsoleto;3
BIO_1296;441;221000;02/06/2013;30/07/2013;11000;12.4;5;87.5;Proximo a obsoleto;2
BIO_1297;427;326000;10/11/2017;24/12/2017;16000;8.0;5;100.0;Obsoleto;4
BIO_1298;423;412000;21/10/2023;25/11/2023;249000;2.1;5;37.5;En uso normal;1
BIO_1299;446;456000;20/03/2022;08/05/2022;146000;3.6;5;60.0;Envejeciendo;1
BIO_1300;427;308000;29/01/2017;19/03/2017;15000;8.8;5;100.0;Obsoleto;4
BIO_1301;429;263000;05/10/2016;27/11/2016;13000;9.1;5;87.5;Proximo a obsoleto;2
BIO_1302;450;306000;18/07/2014;24/08/2014;15000;11.3;5;93.8;Proximo a obsoleto;3
BIO_1303;452;276000;20/12/2015;22/01/2016;14000;9.9;5;75.0;Proximo a obsoleto;0
BIO_1304;437;392000;22/09/2024;18/11/2024;312000;1.1;5;41.2;En uso normal;4
BIO_1305;437;398000;01/06/2022;27/07/2022;139000;3.4;5;57.5;Envejeciendo;1
BIO_1306;449;269000;28/02/2015;04/04/2015;13000;10.7;5;93.8;Proximo a obsoleto;3
BIO_1307;433;237000;16/11/2013;13/01/2014;12000;11.9;5;100.0;Obsoleto;4
BIO_1308;454;280000;21/08/2015;22/09/2015;14000;10.2;5;93.8;Proximo a obsoleto;3
BIO_1309;454;311000;04/12/2015;31/01/2016;16000;9.9;5;100.0;Obsoleto;4
BIO_1310;425;248000;10/01/2013;09/03/2013;12000;12.8;5;93.8;Proximo a obsoleto;3
BIO_1311;427;399000;09/06/2022;20/07/2022;140000;3.4;5;51.2;Envejeciendo;0
BIO_1312;451;513000;19/11/2024;01/01/2025;423000;0.9;5;20.0;Vigente;1
BIO_1313;454;510000;25/10/2023;19/12/2023;316000;2.0;5;48.8;En uso normal;3
BIO_1314;454;296000;12/03/2015;24/04/2015;15000;10.7;5;81.2;Proximo a obsoleto;1
BIO_1315;425;424000;14/09/2023;07/11/2023;256000;2.1;5;37.5;En uso normal;1
BIO_1316;431;292000;10/05/2019;28/06/2019;15000;6.5;5;100.0;Obsoleto;4
BIO_1317;448;314000;13/10/2018;18/11/2018;16000;7.1;5;75.0;Proximo a obsoleto;0
BIO_1318;442;217000;28/02/2013;17/04/2013;11000;12.7;5;100.0;Obsoleto;4
BIO_1319;437;399000;28/08/2024;27/09/2024;304000;1.2;5;37.5;En uso normal;3
BIO_1320;442;277000;10/08/2017;01/10/2017;14000;8.2;5;87.5;Proximo a obsoleto;2
BIO_1321;442;358000;15/02/2021;20/03/2021;35000;4.8;5;77.5;Proximo a obsoleto;1
BIO_1322;442;315000;09/09/2018;17/10/2018;16000;7.2;5;100.0;Obsoleto;4
BIO_1323;442;354000;15/03/2021;03/05/2021;46000;4.6;5;81.2;Proximo a obsoleto;2
BIO_1324;440;374000;30/11/2021;23/01/2022;95000;3.9;5;65.0;Envejeciendo;1
BIO_1325;437;403000;28/10/2023;02/12/2023;250000;2.0;5;42.5;En uso normal;2
BIO_1326;434;340000;07/11/2023;15/12/2023;211000;2.0;5;42.5;En uso normal;2
BIO_1327;439;305000;21/09/2020;14/11/2020;15000;5.1;5;93.8;Proximo a obsoleto;3
BIO_1328;439;262000;06/02/2016;03/04/2016;13000;9.7;5;75.0;Proximo a obsoleto;0
BIO_1329;447;309000;26/02/2018;11/04/2018;15000;7.7;5;81.2;Proximo a obsoleto;1
BIO_1330;424;317000;23/10/2017;08/12/2017;16000;8.0;5;93.7;Proximo a obsoleto;3
BIO_1331;422;411000;04/08/2020;28/09/2020;21000;5.2;5;100.0;Obsoleto;4
BIO_1332;447;313000;03/03/2014;07/04/2014;16000;11.7;5;93.7;Proximo a obsoleto;3
BIO_1333;437;219000;13/02/2013;09/04/2013;11000;12.7;5;75.0;Proximo a obsoleto;0
BIO_1334;425;324000;05/04/2016;20/05/2016;16000;9.6;5;100.0;Obsoleto;4
BIO_1335;437;240000;24/12/2014;25/01/2015;12000;10.9;5;87.5;Proximo a obsoleto;2
BIO_1336;437;344000;26/04/2021;28/05/2021;45000;4.6;5;93.7;Proximo a obsoleto;4
BIO_1337;437;334000;15/08/2021;13/10/2021;69000;4.2;5;81.3;Proximo a obsoleto;3
BIO_1338;437;412000;08/09/2024;17/10/2024;320000;1.2;5;42.5;En uso normal;4
BIO_1339;437;256000;06/12/2016;25/01/2017;13000;8.9;5;93.7;Proximo a obsoleto;3
BIO_1340;437;227000;29/03/2013;04/05/2013;11000;12.6;5;100.0;Obsoleto;4
BIO_1341;437;287000;15/05/2017;15/06/2017;14000;8.5;5;100.0;Obsoleto;4
BIO_1342;437;425000;27/07/2024;17/09/2024;324000;1.2;5;25.0;En uso normal;1
BIO_1343;437;278000;20/10/2016;10/12/2016;14000;9.0;5;75.0;Proximo a obsoleto;0
BIO_1344;420;394000;14/05/2018;03/07/2018;20000;7.4;5;75.0;Proximo a obsoleto;0
BIO_1345;425;275000;13/12/2014;20/01/2015;14000;10.9;5;93.7;Proximo a obsoleto;3
BIO_1346;455;357000;12/11/2021;24/12/2021;86000;4.0;5;85.0;Proximo a obsoleto;4
BIO_1347;420;372000;12/08/2024;11/09/2024;284000;1.2;5;18.7;Vigente;0
BIO_1348;435;367000;20/05/2019;12/07/2019;18000;6.4;5;100.0;Obsoleto;4
BIO_1349;444;290000;22/10/2020;02/12/2020;14000;5.0;5;87.5;Proximo a obsoleto;2
BIO_1350;444;276000;13/05/2017;26/06/2017;14000;8.5;5;93.7;Proximo a obsoleto;3
BIO_1351;444;197000;08/02/2013;18/03/2013;10000;12.8;5;81.2;Proximo a obsoleto;1
BIO_1352;444;348000;10/05/2024;12/06/2024;249000;1.5;5;47.5;En uso normal;4
BIO_1353;421;527000;14/04/2024;23/05/2024;369000;1.6;5;36.2;En uso normal;2
BIO_1354;442;457000;06/07/2024;04/09/2024;348000;1.2;5;31.3;En uso normal;2
BIO_1355;427;298000;12/08/2018;03/10/2018;15000;7.2;5;93.7;Proximo a obsoleto;3
BIO_1356;425;314000;06/11/2023;30/12/2023;195000;2.0;5;36.2;En uso normal;1
BIO_1357;439;318000;14/08/2020;13/10/2020;16000;5.2;5;93.7;Proximo a obsoleto;3
BIO_1358;452;465000;03/05/2023;30/06/2023;244000;2.5;5;62.5;Envejeciendo;4
BIO_1359;437;341000;24/10/2023;26/11/2023;206000;2.1;5;43.8;En uso normal;2
BIO_1360;438;363000;01/08/2021;20/09/2021;70000;4.2;5;70.0;Envejeciendo;1
BIO_1361;453;334000;27/02/2018;23/04/2018;17000;7.7;5;87.5;Proximo a obsoleto;2
BIO_1362;436;356000;02/12/2020;17/01/2021;23000;4.9;5;98.8;Proximo a obsoleto;4
BIO_1363;436;303000;28/11/2018;04/01/2019;15000;6.9;5;87.5;Proximo a obsoleto;2
BIO_1364;436;322000;13/12/2021;02/02/2022;88000;3.8;5;70.0;Envejeciendo;2
BIO_1365;458;1901959000;02/01/2017;16/02/2017;838320000;8.8;15;50.4;Envejeciendo;1
BIO_1366;459;26264000;26/11/2017;23/01/2018;6503000;7.9;10;84.4;Proximo a obsoleto;4
BIO_1367;461;2655000;06/02/2017;07/04/2017;468000;8.7;10;71.3;Envejeciendo;1
BIO_1368;460;2511000;24/06/2017;31/07/2017;502000;8.4;10;69.4;Envejeciendo;1
BIO_1369;462;115465000;21/08/2017;27/09/2017;24969000;8.2;10;68.1;Envejeciendo;1
BIO_1370;463;79490000;26/12/2020;29/01/2021;42336000;4.9;10;36.9;En uso normal;0
BIO_1371;463;59472000;05/10/2014;25/11/2014;2974000;11.1;10;93.7;Proximo a obsoleto;3
BIO_1372;466;54502000;24/02/2013;19/04/2013;2725000;12.7;10;100.0;Obsoleto;4
BIO_1373;465;10078000;26/10/2023;06/12/2023;8163000;2.0;10;40.0;En uso normal;4
BIO_1374;465;10450000;17/01/2024;15/03/2024;8713000;1.8;10;38.1;En uso normal;4
BIO_1375;465;10022000;01/03/2019;15/04/2019;3672000;6.7;10;56.3;Envejeciendo;1
BIO_1376;465;11799000;19/06/2024;27/07/2024;10207000;1.4;10;29.4;En uso normal;3
BIO_1377;471;2520000;17/11/2015;18/12/2015;126000;10.0;7;100.0;Obsoleto;4
BIO_1378;476;4598000;24/09/2023;23/11/2023;3300000;2.1;7;47.3;En uso normal;4
BIO_1379;467;4281000;09/04/2024;20/05/2024;3363000;1.6;7;35.7;En uso normal;3
BIO_1380;474;3235000;02/12/2016;15/01/2017;162000;8.9;7;75.0;Proximo a obsoleto;0
BIO_1381;473;4744000;16/08/2024;29/09/2024;3939000;1.2;7;25.9;En uso normal;2
BIO_1382;475;2278000;10/03/2013;09/04/2013;114000;12.7;7;81.2;Proximo a obsoleto;1
BIO_1383;468;3123000;06/04/2015;16/05/2015;156000;10.6;7;87.5;Proximo a obsoleto;2
BIO_1384;474;3018000;29/10/2018;03/12/2018;151000;7.0;7;100.0;Obsoleto;4
BIO_1385;472;3360000;27/04/2018;04/06/2018;168000;7.5;7;93.8;Proximo a obsoleto;3
BIO_1386;470;3649000;11/09/2020;22/10/2020;1089000;5.2;7;61.6;Envejeciendo;1
BIO_1387;470;4422000;05/07/2022;10/08/2022;2424000;3.3;7;54.5;Envejeciendo;3
BIO_1388;470;4250000;08/05/2021;18/06/2021;1654000;4.5;7;67.0;Envejeciendo;3
BIO_1389;470;4256000;10/02/2023;17/03/2023;2668000;2.8;7;54.5;Envejeciendo;4
BIO_1390;470;2981000;16/02/2018;13/04/2018;149000;7.7;7;75.0;Proximo a obsoleto;0
BIO_1391;469;3486000;21/01/2019;17/03/2019;293000;6.8;7;78.6;Proximo a obsoleto;1
BIO_1392;474;3787000;11/09/2022;07/11/2022;2204000;3.1;7;51.8;Envejeciendo;3
BIO_1393;474;3278000;09/04/2016;03/06/2016;164000;9.5;7;81.2;Proximo a obsoleto;1
BIO_1394;477;292000;21/03/2013;25/04/2013;15000;12.7;10;93.7;Proximo a obsoleto;3
BIO_1395;477;334000;07/01/2016;05/03/2016;25000;9.8;10;98.1;Proximo a obsoleto;4
BIO_1396;477;442000;31/01/2020;26/03/2020;201000;5.8;10;61.9;Envejeciendo;3
BIO_1397;477;345000;18/08/2018;04/10/2018;110000;7.2;10;78.8;Proximo a obsoleto;4
BIO_1398;477;425000;08/12/2021;10/01/2022;267000;3.9;10;35.6;En uso normal;1
BIO_1399;478;1093000;01/11/2017;27/12/2017;262000;8.0;10;72.5;Envejeciendo;2
BIO_1400;498;313000;28/02/2015;13/04/2015;16000;10.7;5;87.5;Proximo a obsoleto;2
BIO_1401;486;403000;05/02/2021;18/03/2021;39000;4.8;5;83.8;Proximo a obsoleto;2
BIO_1402;486;308000;12/06/2013;25/07/2013;15000;12.4;5;75.0;Proximo a obsoleto;0
BIO_1403;486;417000;18/06/2017;05/08/2017;21000;8.3;5;81.2;Proximo a obsoleto;1
BIO_1404;484;516000;19/12/2020;28/01/2021;34000;4.9;5;92.5;Proximo a obsoleto;3
BIO_1405;501;359000;05/10/2014;16/11/2014;18000;11.1;5;87.5;Proximo a obsoleto;2
BIO_1406;479;285000;01/04/2016;28/05/2016;14000;9.6;5;81.2;Proximo a obsoleto;1
BIO_1407;481;328000;26/07/2020;07/09/2020;16000;5.2;5;93.8;Proximo a obsoleto;3
BIO_1408;501;378000;11/10/2014;15/11/2014;19000;11.1;5;87.5;Proximo a obsoleto;2
BIO_1409;486;418000;13/01/2020;22/02/2020;21000;5.8;5;87.5;Proximo a obsoleto;2
BIO_1410;486;398000;01/01/2019;19/02/2019;20000;6.8;5;93.7;Proximo a obsoleto;3
BIO_1411;486;567000;24/12/2022;16/02/2023;262000;2.8;5;55.0;Envejeciendo;2
BIO_1412;494;613000;07/09/2024;06/11/2024;487000;1.1;5;35.0;En uso normal;3
BIO_1413;499;380000;02/10/2016;06/11/2016;19000;9.1;5;75.0;Proximo a obsoleto;0
BIO_1414;499;510000;07/04/2018;28/05/2018;26000;7.6;5;87.5;Proximo a obsoleto;2
BIO_1415;503;296000;18/10/2014;23/11/2014;15000;11.1;5;81.2;Proximo a obsoleto;1
BIO_1416;503;378000;24/04/2015;27/05/2015;19000;10.6;5;75.0;Proximo a obsoleto;0
BIO_1417;503;323000;17/03/2014;16/04/2014;16000;11.7;5;93.8;Proximo a obsoleto;3
BIO_1418;501;331000;13/11/2014;16/12/2014;17000;11.0;5;87.5;Proximo a obsoleto;2
BIO_1419;501;426000;26/06/2016;28/07/2016;21000;9.4;5;93.8;Proximo a obsoleto;3
BIO_1420;501;430000;22/02/2018;31/03/2018;22000;7.8;5;87.5;Proximo a obsoleto;2
BIO_1421;485;315000;02/11/2015;06/12/2015;16000;10.0;5;81.2;Proximo a obsoleto;1
BIO_1422;485;297000;15/10/2013;05/12/2013;15000;12.0;5;87.5;Proximo a obsoleto;2
BIO_1423;501;518000;06/09/2023;20/10/2023;304000;2.2;5;45.0;En uso normal;2
BIO_1424;501;460000;24/12/2022;27/01/2023;205000;2.9;5;50.0;Envejeciendo;1
BIO_1425;501;474000;30/03/2023;19/05/2023;242000;2.6;5;57.5;Envejeciendo;3
BIO_1426;501;439000;21/12/2024;29/01/2025;362000;0.9;5;26.3;En uso normal;2
BIO_1427;501;505000;04/02/2018;31/03/2018;25000;7.8;5;75.0;Proximo a obsoleto;0
BIO_1428;501;372000;28/11/2019;08/01/2020;19000;5.9;5;93.7;Proximo a obsoleto;3
BIO_1429;502;351000;29/06/2016;07/08/2016;18000;9.3;5;75.0;Proximo a obsoleto;0
BIO_1430;505;483000;27/09/2024;22/11/2024;384000;1.1;5;22.5;Vigente;1
BIO_1431;502;445000;08/06/2019;23/07/2019;22000;6.4;5;75.0;Proximo a obsoleto;0
BIO_1432;502;631000;13/01/2024;13/03/2024;421000;1.8;5;45.0;En uso normal;3
BIO_1433;482;247000;16/03/2013;09/05/2013;12000;12.6;5;93.8;Proximo a obsoleto;3
BIO_1434;495;376000;10/03/2018;04/05/2018;19000;7.6;5;75.0;Proximo a obsoleto;0
BIO_1435;495;473000;19/05/2021;24/06/2021;69000;4.5;5;86.2;Proximo a obsoleto;3
BIO_1436;483;391000;21/10/2022;02/12/2022;168000;3.0;5;51.3;Envejeciendo;1
BIO_1437;502;468000;28/09/2021;23/11/2021;105000;4.1;5;80.0;Proximo a obsoleto;3
BIO_1438;496;483000;25/11/2018;27/12/2018;24000;7.0;5;93.8;Proximo a obsoleto;3
BIO_1439;491;429000;17/05/2018;02/07/2018;21000;7.4;5;87.5;Proximo a obsoleto;2
BIO_1440;497;625000;06/12/2024;30/01/2025;516000;0.9;5;26.3;En uso normal;2
BIO_1441;496;412000;21/03/2017;17/05/2017;21000;8.6;5;75.0;Proximo a obsoleto;0
BIO_1442;480;357000;25/01/2016;04/03/2016;18000;9.8;5;75.0;Proximo a obsoleto;0
BIO_1443;480;481000;20/03/2023;08/05/2023;245000;2.6;5;57.5;Envejeciendo;3
BIO_1444;480;422000;14/01/2024;19/02/2024;275000;1.8;5;40.0;En uso normal;2
BIO_1445;489;328000;31/05/2016;01/07/2016;16000;9.4;5;75.0;Proximo a obsoleto;0
BIO_1446;489;272000;18/04/2015;27/05/2015;14000;10.6;5;87.5;Proximo a obsoleto;2
BIO_1447;500;479000;01/11/2022;24/12/2022;206000;3.0;5;45.0;En uso normal;0
BIO_1448;489;316000;09/01/2015;12/02/2015;16000;10.8;5;75.0;Proximo a obsoleto;0
BIO_1449;510;343000;15/11/2017;25/12/2017;17000;8.0;5;93.8;Proximo a obsoleto;3
BIO_1450;509;451000;06/03/2024;16/04/2024;308000;1.7;5;43.8;En uso normal;3
BIO_1451;509;369000;29/05/2020;30/06/2020;18000;5.5;5;81.2;Proximo a obsoleto;1
BIO_1452;508;382000;24/12/2018;16/02/2019;19000;6.8;5;93.8;Proximo a obsoleto;3
BIO_1453;510;436000;19/07/2023;23/08/2023;243000;2.3;5;41.2;En uso normal;1
BIO_1454;507;495000;23/07/2021;17/09/2021;95000;4.2;5;63.8;Envejeciendo;0
BIO_1455;511;385000;02/08/2018;13/09/2018;19000;7.2;5;93.8;Proximo a obsoleto;3
BIO_1456;512;224000;02/10/2013;07/11/2013;11000;12.1;5;93.8;Proximo a obsoleto;3
BIO_1457;525;240000;09/09/2024;30/10/2024;187000;1.2;5;23.7;Vigente;1
BIO_1458;534;231000;23/09/2021;13/11/2021;52000;4.1;5;73.7;Envejeciendo;2
BIO_1459;534;188000;23/07/2016;11/09/2016;9000;9.2;5;75.0;Proximo a obsoleto;0
BIO_1460;534;283000;07/09/2024;10/10/2024;220000;1.2;5;30.0;En uso normal;2
BIO_1461;529;165000;14/09/2019;20/10/2019;8000;6.2;5;87.5;Proximo a obsoleto;2
BIO_1462;524;130000;20/11/2017;23/12/2017;6000;8.0;5;81.2;Proximo a obsoleto;1
BIO_1463;543;243000;27/09/2022;06/11/2022;101000;3.1;5;46.2;En uso normal;0
BIO_1464;525;153000;12/03/2019;29/04/2019;8000;6.7;5;75.0;Proximo a obsoleto;0
BIO_1465;516;130000;15/06/2018;15/07/2018;6000;7.4;5;75.0;Proximo a obsoleto;0
BIO_1466;514;279000;30/08/2023;21/10/2023;164000;2.2;5;57.5;Envejeciendo;4
BIO_1467;534;260000;01/05/2021;24/06/2021;38000;4.5;5;67.5;Envejeciendo;0
BIO_1468;526;146000;15/07/2016;29/08/2016;7000;9.3;5;75.0;Proximo a obsoleto;0
BIO_1469;529;156000;04/08/2020;02/10/2020;8000;5.2;5;75.0;Proximo a obsoleto;0
BIO_1470;529;185000;22/12/2020;10/02/2021;15000;4.8;5;78.8;Proximo a obsoleto;1
BIO_1471;529;148000;30/05/2015;03/07/2015;7000;10.4;5;93.8;Proximo a obsoleto;3
BIO_1472;529;166000;08/02/2020;26/03/2020;8000;5.8;5;87.5;Proximo a obsoleto;2
BIO_1473;513;183000;30/04/2017;30/05/2017;9000;8.6;5;93.8;Proximo a obsoleto;3
BIO_1474;525;140000;09/01/2016;16/02/2016;7000;9.8;5;75.0;Proximo a obsoleto;0
BIO_1475;529;183000;25/10/2022;11/12/2022;79000;3.0;5;57.5;Envejeciendo;2
BIO_1476;529;225000;29/12/2023;03/02/2024;147000;1.8;5;52.5;Envejeciendo;4
BIO_1477;529;175000;19/10/2020;28/11/2020;9000;5.1;5;93.7;Proximo a obsoleto;3
BIO_1478;527;146000;06/08/2016;07/09/2016;7000;9.2;5;100.0;Obsoleto;4
BIO_1479;528;192000;30/01/2023;10/03/2023;92000;2.8;5;53.7;Envejeciendo;2
BIO_1480;529;179000;27/03/2021;10/05/2021;23000;4.6;5;68.8;Envejeciendo;0
BIO_1481;529;240000;07/05/2024;18/06/2024;172000;1.5;5;28.7;En uso normal;1
BIO_1482;529;181000;02/03/2021;25/04/2021;20000;4.7;5;95.0;Proximo a obsoleto;4
BIO_1483;529;208000;12/03/2020;04/05/2020;10000;5.6;5;75.0;Proximo a obsoleto;0
BIO_1484;529;180000;10/09/2021;16/10/2021;37000;4.2;5;87.5;Proximo a obsoleto;4
BIO_1485;525;229000;28/02/2024;22/04/2024;156000;1.7;5;50.0;Envejeciendo;4
BIO_1486;525;182000;09/05/2019;18/06/2019;9000;6.5;5;93.8;Proximo a obsoleto;3
BIO_1487;529;152000;23/03/2020;25/04/2020;8000;5.7;5;75.0;Proximo a obsoleto;0
BIO_1488;529;103000;01/07/2014;01/08/2014;5000;11.3;5;81.2;Proximo a obsoleto;1
BIO_1489;529;99000;14/09/2013;20/10/2013;5000;12.2;5;75.0;Proximo a obsoleto;0
BIO_1490;529;167000;19/04/2017;22/05/2017;8000;8.6;5;75.0;Proximo a obsoleto;0
BIO_1491;525;177000;19/09/2021;09/11/2021;40000;4.1;5;80.0;Proximo a obsoleto;3
BIO_1492;539;235000;28/09/2018;29/10/2018;12000;7.2;5;87.5;Proximo a obsoleto;2
BIO_1493;533;118000;04/08/2014;03/09/2014;6000;11.2;5;81.2;Proximo a obsoleto;1
BIO_1494;533;228000;09/01/2024;08/03/2024;152000;1.8;5;26.3;En uso normal;0
BIO_1495;531;144000;13/05/2014;23/06/2014;7000;11.5;5;100.0;Obsoleto;4
BIO_1496;532;225000;12/04/2021;06/06/2021;33000;4.5;5;67.5;Envejeciendo;0
BIO_1497;533;190000;18/12/2018;02/02/2019;10000;6.8;5;75.0;Proximo a obsoleto;0
BIO_1498;539;222000;26/10/2019;27/11/2019;11000;6.1;5;81.2;Proximo a obsoleto;1
BIO_1499;539;173000;07/03/2015;09/04/2015;9000;10.7;5;81.2;Proximo a obsoleto;1
BIO_1500;539;236000;23/08/2021;28/09/2021;45000;4.2;5;70.0;Envejeciendo;1
BIO_1501;533;170000;31/07/2018;17/09/2018;8000;7.2;5;81.2;Proximo a obsoleto;1
BIO_1502;530;188000;25/04/2022;17/06/2022;63000;3.5;5;52.5;Envejeciendo;0
BIO_1503;530;172000;11/01/2021;03/03/2021;17000;4.8;5;90.0;Proximo a obsoleto;3
BIO_1504;534;236000;31/07/2022;27/09/2022;90000;3.2;5;48.8;En uso normal;0
BIO_1505;534;173000;17/01/2017;05/03/2017;9000;8.8;5;93.7;Proximo a obsoleto;3
BIO_1506;534;201000;27/07/2020;16/09/2020;10000;5.2;5;81.2;Proximo a obsoleto;1
BIO_1507;534;253000;09/12/2022;06/02/2023;117000;2.8;5;55.0;Envejeciendo;2
BIO_1508;529;194000;13/04/2020;09/06/2020;10000;5.5;5;87.5;Proximo a obsoleto;2
BIO_1509;529;201000;29/08/2022;24/10/2022;80000;3.2;5;60.0;Envejeciendo;2
BIO_1510;529;181000;26/05/2018;13/07/2018;9000;7.4;5;100.0;Obsoleto;4
BIO_1511;529;166000;31/05/2021;24/07/2021;27000;4.4;5;91.2;Proximo a obsoleto;4
BIO_1512;529;184000;28/01/2021;29/03/2021;18000;4.8;5;90.0;Proximo a obsoleto;3
BIO_1513;522;174000;27/11/2021;27/12/2021;42000;4.0;5;60.0;Envejeciendo;0
BIO_1514;522;95000;14/05/2013;29/06/2013;5000;12.5;5;81.2;Proximo a obsoleto;1
BIO_1515;529;117000;23/02/2013;03/04/2013;6000;12.7;5;81.2;Proximo a obsoleto;1
BIO_1516;522;175000;24/01/2020;23/02/2020;9000;5.8;5;87.5;Proximo a obsoleto;2
BIO_1517;522;257000;20/06/2024;06/08/2024;192000;1.3;5;45.0;En uso normal;4
BIO_1518;522;149000;21/06/2016;24/07/2016;7000;9.4;5;75.0;Proximo a obsoleto;0
BIO_1519;522;159000;23/12/2020;26/01/2021;10000;4.9;5;80.0;Proximo a obsoleto;1
BIO_1520;522;222000;27/03/2021;24/05/2021;29000;4.6;5;93.7;Proximo a obsoleto;4
BIO_1521;522;177000;24/03/2018;01/05/2018;9000;7.6;5;87.5;Proximo a obsoleto;2
BIO_1522;522;199000;20/12/2021;06/02/2022;54000;3.8;5;63.8;Envejeciendo;1
BIO_1523;525;173000;13/04/2020;07/06/2020;9000;5.5;5;93.7;Proximo a obsoleto;3
BIO_1524;525;191000;14/12/2023;08/02/2024;125000;1.8;5;52.5;Envejeciendo;4
BIO_1525;526;161000;27/09/2019;28/10/2019;8000;6.2;5;100.0;Obsoleto;4
BIO_1526;529;138000;05/10/2014;28/11/2014;7000;11.1;5;75.0;Proximo a obsoleto;0
BIO_1527;538;250000;21/10/2020;18/12/2020;12000;5.0;5;93.8;Proximo a obsoleto;3
BIO_1528;536;181000;15/09/2015;11/11/2015;9000;10.1;5;81.2;Proximo a obsoleto;1
BIO_1529;536;133000;04/04/2013;24/05/2013;7000;12.6;5;93.7;Proximo a obsoleto;3
BIO_1530;529;148000;02/11/2019;18/12/2019;7000;6.0;5;75.0;Proximo a obsoleto;0
BIO_1531;536;169000;10/05/2016;19/06/2016;8000;9.5;5;100.0;Obsoleto;4
BIO_1532;515;107000;14/12/2017;17/01/2018;5000;7.9;5;75.0;Proximo a obsoleto;0
BIO_1533;539;230000;24/10/2021;07/12/2021;55000;4.0;5;85.0;Proximo a obsoleto;4
BIO_1534;534;262000;27/04/2024;29/05/2024;183000;1.6;5;30.0;En uso normal;1
BIO_1535;535;189000;02/07/2019;26/08/2019;9000;6.3;5;93.8;Proximo a obsoleto;3
BIO_1536;525;111000;19/12/2015;28/01/2016;6000;9.9;5;74.9;Envejeciendo;0
BIO_1537;529;131000;08/02/2014;27/03/2014;7000;11.8;5;93.7;Proximo a obsoleto;3
BIO_1538;534;140000;28/11/2014;09/01/2015;7000;10.9;5;100.0;Obsoleto;4
BIO_1539;529;117000;05/12/2015;28/01/2016;6000;9.9;5;81.2;Proximo a obsoleto;1
BIO_1540;541;126000;11/06/2017;26/07/2017;6000;8.4;5;93.8;Proximo a obsoleto;3
BIO_1541;539;176000;26/05/2017;12/07/2017;9000;8.4;5;100.0;Obsoleto;4
BIO_1542;539;220000;11/07/2018;17/08/2018;11000;7.3;5;75.0;Proximo a obsoleto;0
BIO_1543;533;232000;25/08/2022;04/10/2022;92000;3.2;5;72.5;Envejeciendo;4
BIO_1544;521;126000;11/07/2015;31/08/2015;6000;10.3;5;93.8;Proximo a obsoleto;3
BIO_1545;534;209000;12/03/2021;22/04/2021;24000;4.7;5;76.2;Proximo a obsoleto;1
BIO_1546;534;220000;23/09/2020;11/11/2020;11000;5.1;5;75.0;Proximo a obsoleto;0
BIO_1547;542;158000;18/10/2016;28/11/2016;8000;9.1;5;100.0;Obsoleto;4
BIO_1548;534;171000;09/04/2016;23/05/2016;9000;9.6;5;75.0;Proximo a obsoleto;0
BIO_1549;534;190000;24/06/2017;14/08/2017;10000;8.3;5;87.5;Proximo a obsoleto;2
BIO_1550;519;122000;04/12/2014;06/01/2015;6000;10.9;5;75.0;Proximo a obsoleto;0
BIO_1551;534;165000;24/04/2016;20/06/2016;8000;9.5;5;87.5;Proximo a obsoleto;2
BIO_1552;529;173000;13/09/2020;04/11/2020;9000;5.1;5;75.0;Proximo a obsoleto;0
BIO_1553;517;168000;04/02/2023;21/03/2023;80000;2.8;5;41.3;En uso normal;0
BIO_1554;517;119000;09/09/2017;01/11/2017;6000;8.1;5;100.0;Obsoleto;4
BIO_1555;518;127000;28/07/2017;13/09/2017;6000;8.2;5;100.0;Obsoleto;4
BIO_1556;517;191000;01/11/2023;20/12/2023;118000;2.0;5;36.3;En uso normal;1
BIO_1557;517;112000;31/05/2013;12/07/2013;6000;12.4;5;99.9;Proximo a obsoleto;4
BIO_1558;517;180000;25/10/2024;25/11/2024;143000;1.1;5;28.7;En uso normal;2
BIO_1559;517;125000;08/05/2014;16/06/2014;6000;11.5;5;81.2;Proximo a obsoleto;1
BIO_1560;529;162000;01/02/2019;04/03/2019;8000;6.8;5;93.8;Proximo a obsoleto;3
BIO_1561;537;139000;10/03/2013;11/04/2013;7000;12.7;5;93.7;Proximo a obsoleto;3
BIO_1562;529;154000;01/02/2019;24/03/2019;8000;6.8;5;87.5;Proximo a obsoleto;2
BIO_1563;520;89000;06/06/2013;15/07/2013;4000;12.4;5;93.8;Proximo a obsoleto;3
BIO_1564;522;204000;16/07/2021;31/08/2021;36000;4.3;5;65.0;Envejeciendo;0
BIO_1565;522;226000;15/11/2023;11/01/2024;144000;1.9;5;53.7;Envejeciendo;4
BIO_1566;534;144000;23/12/2014;27/01/2015;7000;10.9;5;81.2;Proximo a obsoleto;1
BIO_1567;529;212000;10/04/2023;27/05/2023;108000;2.6;5;38.7;En uso normal;0
BIO_1568;529;166000;20/07/2018;17/09/2018;8000;7.2;5;100.0;Obsoleto;4
BIO_1569;529;149000;25/06/2020;09/08/2020;7000;5.3;5;93.8;Proximo a obsoleto;3
BIO_1570;529;111000;31/05/2013;11/07/2013;6000;12.4;5;87.4;Proximo a obsoleto;2
BIO_1571;529;180000;13/10/2019;19/11/2019;9000;6.1;5;100.0;Obsoleto;4
BIO_1572;529;109000;23/05/2014;12/07/2014;5000;11.4;5;87.5;Proximo a obsoleto;2
BIO_1573;529;121000;30/08/2013;29/10/2013;6000;12.2;5;100.0;Obsoleto;4
BIO_1574;523;136000;22/01/2018;25/02/2018;7000;7.8;5;87.5;Proximo a obsoleto;2
BIO_1575;534;174000;30/01/2016;02/03/2016;9000;9.8;5;93.7;Proximo a obsoleto;3
BIO_1576;534;186000;07/02/2018;22/03/2018;9000;7.8;5;81.2;Proximo a obsoleto;1
BIO_1577;529;117000;05/06/2016;18/07/2016;6000;9.4;5;87.5;Proximo a obsoleto;2
BIO_1578;534;235000;21/05/2020;04/07/2020;12000;5.4;5;100.0;Obsoleto;4
BIO_1579;536;163000;21/08/2017;10/10/2017;8000;8.2;5;81.2;Proximo a obsoleto;1
BIO_1580;529;136000;16/07/2017;11/09/2017;7000;8.2;5;81.2;Proximo a obsoleto;1
BIO_1581;523;228000;01/10/2024;29/11/2024;181000;1.1;5;22.5;Vigente;1
BIO_1582;523;156000;04/04/2016;24/05/2016;8000;9.6;5;100.0;Obsoleto;4
BIO_1583;526;159000;14/02/2020;17/03/2020;8000;5.8;5;100.0;Obsoleto;4
BIO_1584;529;133000;28/08/2015;02/10/2015;7000;10.2;5;87.5;Proximo a obsoleto;2
BIO_1585;544;65000;30/08/2013;23/10/2013;3000;12.2;5;87.5;Proximo a obsoleto;2
BIO_1586;561;206000;23/03/2022;01/05/2022;136000;3.6;10;45.6;En uso normal;3
BIO_1587;560;132000;29/05/2016;22/07/2016;14000;9.4;10;76.9;Proximo a obsoleto;1
BIO_1588;562;114000;14/12/2015;18/01/2016;7000;9.9;10;74.3;Envejeciendo;0
BIO_1589;553;90000;07/03/2018;25/04/2018;4000;7.7;5;81.2;Proximo a obsoleto;1
BIO_1590;554;100000;02/08/2013;12/09/2013;5000;12.2;5;75.0;Proximo a obsoleto;0
BIO_1591;554;106000;04/01/2016;19/02/2016;5000;9.8;5;100.0;Obsoleto;4
BIO_1592;552;83000;22/05/2021;26/06/2021;12000;4.5;5;86.3;Proximo a obsoleto;3
BIO_1593;546;196000;18/08/2023;21/09/2023;112000;2.2;5;40.0;En uso normal;1
BIO_1594;546;153000;28/01/2018;28/02/2018;8000;7.8;5;93.7;Proximo a obsoleto;3
BIO_1595;553;79000;20/01/2019;21/03/2019;4000;6.8;5;93.7;Proximo a obsoleto;3
BIO_1596;545;119000;20/07/2017;12/09/2017;6000;8.2;5;81.2;Proximo a obsoleto;1
BIO_1597;550;93000;21/12/2016;18/02/2017;5000;8.8;5;93.7;Proximo a obsoleto;3
BIO_1598;548;191000;15/04/2020;11/06/2020;10000;5.5;5;93.7;Proximo a obsoleto;3
BIO_1599;554;169000;04/08/2022;15/09/2022;65000;3.2;5;48.7;En uso normal;0
BIO_1600;554;139000;08/01/2020;19/02/2020;7000;5.8;5;100.0;Obsoleto;4
BIO_1601;554;186000;05/09/2024;08/10/2024;145000;1.2;5;36.2;En uso normal;3
BIO_1602;554;113000;14/12/2013;10/02/2014;6000;11.8;5;81.2;Proximo a obsoleto;1
BIO_1603;549;68000;18/11/2013;04/01/2014;3000;11.9;5;93.8;Proximo a obsoleto;3
BIO_1604;545;122000;05/04/2017;14/05/2017;6000;8.6;5;93.8;Proximo a obsoleto;3
BIO_1605;545;142000;31/10/2019;24/12/2019;7000;6.0;5;87.5;Proximo a obsoleto;2
BIO_1606;552;79000;25/09/2016;07/11/2016;4000;9.1;5;87.5;Proximo a obsoleto;2
BIO_1607;551;141000;06/08/2024;03/10/2024;110000;1.2;5;23.7;Vigente;1
BIO_1608;551;153000;18/02/2023;22/03/2023;73000;2.8;5;66.3;Envejeciendo;4
BIO_1609;547;137000;12/01/2017;07/03/2017;7000;8.8;5;100.0;Obsoleto;4
BIO_1610;554;155000;26/10/2021;08/12/2021;37000;4.0;5;72.5;Envejeciendo;2
BIO_1611;552;71000;24/07/2013;28/08/2013;4000;12.3;5;93.6;Proximo a obsoleto;3
BIO_1612;545;159000;14/03/2023;15/04/2023;78000;2.7;5;52.5;Envejeciendo;2
BIO_1613;556;238000;05/09/2016;27/10/2016;31000;9.2;10;68.7;Envejeciendo;0
BIO_1614;557;100000;25/07/2015;15/09/2015;5000;10.2;10;93.8;Proximo a obsoleto;3
BIO_1615;558;148000;21/02/2021;25/03/2021;81000;4.8;10;60.6;Envejeciendo;4
BIO_1616;559;225000;23/06/2024;11/08/2024;197000;1.3;10;16.2;Vigente;1
BIO_1617;563;1289529000;15/07/2021;15/08/2021;935897000;4.3;15;27.9;En uso normal;1
BIO_1618;564;11793000;14/05/2016;18/06/2016;1150000;9.5;10;77.5;Proximo a obsoleto;1
BIO_1619;565;107869000;25/02/2014;09/04/2014;5393000;11.7;10;87.5;Proximo a obsoleto;2
BIO_1620;566;288419000;04/01/2023;12/02/2023;210878000;2.8;10;27.5;En uso normal;1
BIO_1621;568;65846000;14/12/2015;12/02/2016;4356000;9.8;10;80.0;Proximo a obsoleto;1
BIO_1622;567;66392000;05/09/2018;05/10/2018;21169000;7.2;10;72.5;Envejeciendo;3
BIO_1623;569;23617000;08/03/2024;24/04/2024;19870000;1.7;10;12.5;Vigente;0
BIO_1624;570;93419000;03/05/2018;08/06/2018;10218000;7.5;8;95.3;Proximo a obsoleto;4
BIO_1625;574;34604000;03/09/2023;17/10/2023;27470000;2.2;10;35.0;En uso normal;3
BIO_1626;571;13346000;13/10/2014;01/12/2014;667000;11.0;10;100.0;Obsoleto;4
BIO_1627;572;14954000;28/06/2018;25/08/2018;4541000;7.3;10;80.0;Proximo a obsoleto;4
BIO_1628;572;16130000;28/08/2017;28/09/2017;3488000;8.2;10;68.1;Envejeciendo;1
BIO_1629;573;12351000;28/03/2014;17/05/2014;618000;11.6;10;87.5;Proximo a obsoleto;2
BIO_1630;574;21379000;05/04/2016;01/06/2016;2084000;9.5;10;71.3;Envejeciendo;0
BIO_1631;571;17077000;11/09/2019;21/10/2019;7067000;6.2;10;46.3;En uso normal;0
BIO_1632;579;84276000;12/06/2015;25/07/2015;4214000;10.4;10;81.2;Proximo a obsoleto;1
BIO_1633;578;86208000;19/05/2019;07/07/2019;33630000;6.4;10;54.4;Envejeciendo;1
BIO_1634;579;133725000;29/01/2021;29/03/2021;73382000;4.8;10;35.6;En uso normal;0
BIO_1635;578;87869000;18/09/2019;28/10/2019;36365000;6.2;10;58.8;Envejeciendo;2
BIO_1636;579;81730000;09/07/2014;01/09/2014;4086000;11.2;10;93.8;Proximo a obsoleto;3
BIO_1637;578;84532000;27/07/2019;10/09/2019;34341000;6.2;10;53.1;Envejeciendo;1
BIO_1638;579;114937000;27/02/2019;08/04/2019;42107000;6.7;10;68.8;Envejeciendo;3
BIO_1639;579;112103000;09/09/2017;28/10/2017;25094000;8.2;10;61.3;Envejeciendo;0
BIO_1640;579;140392000;12/11/2024;14/12/2024;127055000;1.0;10;26.2;En uso normal;3
BIO_1641;579;133693000;31/07/2022;18/09/2022;92415000;3.2;10;36.9;En uso normal;2
BIO_1642;579;162709000;14/10/2024;01/12/2024;147252000;1.0;10;20.0;Vigente;2
BIO_1643;575;161225000;19/02/2024;05/04/2024;135647000;1.7;10;31.3;En uso normal;3
BIO_1644;578;81972000;13/01/2017;12/03/2017;13833000;8.8;10;71.9;Envejeciendo;1
BIO_1645;579;93399000;05/05/2017;04/06/2017;17979000;8.5;10;63.8;Envejeciendo;0
BIO_1646;579;145146000;06/06/2023;26/07/2023;111777000;2.4;10;18.1;Vigente;0
BIO_1647;579;132000000;20/04/2022;02/06/2022;88110000;3.5;10;26.2;En uso normal;0
BIO_1648;582;78650000;04/11/2020;21/12/2020;31952000;5.0;8;53.1;Envejeciendo;1
BIO_1649;579;106865000;07/07/2017;28/08/2017;22297000;8.3;10;75.0;Proximo a obsoleto;2
BIO_1650;578;77418000;10/07/2014;18/08/2014;3871000;11.3;10;87.5;Proximo a obsoleto;2
BIO_1651;578;98356000;07/04/2020;31/05/2020;46217000;5.6;10;41.9;En uso normal;0
BIO_1652;579;121136000;23/06/2020;02/08/2020;59799000;5.3;10;58.7;Envejeciendo;3
BIO_1653;577;110443000;09/12/2016;14/01/2017;16854000;8.9;10;79.4;Proximo a obsoleto;2
BIO_1654;577;160672000;30/09/2023;28/11/2023;128923000;2.1;10;34.4;En uso normal;3
BIO_1655;578;76818000;18/01/2016;03/03/2016;5665000;9.8;10;79.4;Proximo a obsoleto;1
BIO_1656;578;93366000;08/07/2020;21/08/2020;46090000;5.3;10;58.7;Envejeciendo;3
BIO_1657;579;151516000;08/09/2024;17/10/2024;134675000;1.2;10;21.3;Vigente;2
BIO_1658;578;86116000;03/09/2017;21/10/2017;19277000;8.2;10;73.8;Envejeciendo;2
BIO_1659;581;62960000;27/06/2014;31/07/2014;3148000;11.4;10;87.5;Proximo a obsoleto;2
BIO_1660;579;126940000;10/08/2020;21/09/2020;63629000;5.2;10;45.6;En uso normal;1
BIO_1661;579;107642000;16/03/2017;04/05/2017;19903000;8.6;10;64.4;Envejeciendo;0
BIO_1662;581;94377000;21/01/2020;13/03/2020;42824000;5.8;10;43.1;En uso normal;0
BIO_1663;576;125823000;14/04/2022;16/05/2022;83031000;3.6;10;45.6;En uso normal;3
BIO_1664;579;121349000;03/05/2021;16/06/2021;69472000;4.5;10;46.3;En uso normal;2
BIO_1665;579;161672000;11/10/2024;19/11/2024;145084000;1.1;10;14.4;Vigente;1
BIO_1666;579;125770000;24/05/2021;18/07/2021;72959000;4.4;10;33.1;En uso normal;0
BIO_1667;580;83461000;29/01/2015;14/03/2015;4173000;10.8;10;75.0;Proximo a obsoleto;0
BIO_1668;579;145457000;20/03/2024;23/04/2024;122380000;1.7;10;18.8;Vigente;1
BIO_1669;583;126861000;05/11/2023;28/12/2023;96732000;2.0;8;43.7;En uso normal;4
BIO_1670;584;74406000;05/05/2020;08/06/2020;25810000;5.5;8;51.6;Envejeciendo;0
BIO_1671;585;89410000;24/12/2015;29/01/2016;4470000;9.9;8;75.0;Proximo a obsoleto;0
BIO_1672;586;102687000;11/09/2021;02/11/2021;52935000;4.1;8;63.3;Envejeciendo;4
BIO_1673;587;45924000;03/02/2013;14/03/2013;2296000;12.8;8;75.0;Proximo a obsoleto;0
BIO_1674;588;15360000;15/12/2014;24/01/2015;768000;10.9;8;93.8;Proximo a obsoleto;3
BIO_1675;589;86890000;25/04/2015;10/06/2015;4344000;10.5;10;87.5;Proximo a obsoleto;2
BIO_1676;44;617000;02/01/2020;21/02/2020;275000;5.8;10;50.0;Envejeciendo;1
BIO_1677;46;642000;01/07/2017;06/08/2017;134000;8.3;10;75.0;Proximo a obsoleto;2
BIO_1678;46;987000;09/12/2024;18/01/2025;901000;0.9;10;25.6;En uso normal;3
BIO_1679;77;7746000;12/02/2019;18/03/2019;3607000;6.8;12;48.4;En uso normal;1
BIO_1680;79;5828000;27/07/2015;26/08/2015;1062000;10.3;12;89.6;Proximo a obsoleto;4
BIO_1681;81;10529000;13/07/2024;15/08/2024;9420000;1.3;12;14.6;Vigente;1
BIO_1682;401;568000;09/11/2020;26/12/2020;28000;5.0;5;87.5;Proximo a obsoleto;2
BIO_1683;402;410000;05/03/2016;04/05/2016;20000;9.6;5;87.5;Proximo a obsoleto;2
BIO_1684;103;7232000;29/06/2018;03/08/2018;2196000;7.3;10;55.0;Envejeciendo;0
BIO_1685;474;3228000;06/08/2020;22/09/2020;928000;5.2;7;75.0;Proximo a obsoleto;3
BIO_1686;492;388000;02/12/2015;01/01/2016;19000;9.9;5;93.8;Proximo a obsoleto;3
BIO_1687;492;303000;18/02/2014;23/03/2014;15000;11.8;5;93.8;Proximo a obsoleto;3
BIO_1688;504;328000;07/12/2014;19/01/2015;16000;10.9;5;93.8;Proximo a obsoleto;3
BIO_1689;504;560000;01/01/2023;19/02/2023;259000;2.8;5;55.0;Envejeciendo;2
BIO_1690;504;441000;15/06/2020;10/08/2020;22000;5.3;5;81.2;Proximo a obsoleto;1
BIO_1691;493;615000;19/12/2024;20/01/2025;507000;0.9;5;32.5;En uso normal;3
BIO_1692;487;306000;16/12/2015;17/01/2016;15000;9.9;5;93.8;Proximo a obsoleto;3
BIO_1693;498;599000;22/03/2023;30/04/2023;295000;2.7;5;58.8;Envejeciendo;3
BIO_1694;498;339000;14/03/2018;13/05/2018;17000;7.6;5;81.2;Proximo a obsoleto;1
BIO_1695;498;411000;15/10/2018;13/12/2018;21000;7.0;5;87.5;Proximo a obsoleto;2
BIO_1696;498;471000;11/02/2017;04/04/2017;24000;8.7;5;87.5;Proximo a obsoleto;2
BIO_1697;488;456000;03/03/2023;17/04/2023;225000;2.7;5;40.0;En uso normal;0
BIO_1698;488;476000;30/08/2023;02/10/2023;280000;2.2;5;45.0;En uso normal;2
BIO_1699;485;500000;07/05/2023;03/07/2023;270000;2.4;5;42.5;En uso normal;1
BIO_1700;482;343000;26/10/2020;14/12/2020;17000;5.0;5;81.2;Proximo a obsoleto;1
BIO_1701;490;354000;24/04/2015;05/06/2015;18000;10.5;5;75.0;Proximo a obsoleto;0
BIO_1702;506;266000;05/08/2014;29/09/2014;13000;11.2;5;87.5;Proximo a obsoleto;2
BIO_1703;540;266000;05/05/2023;16/06/2023;140000;2.5;5;62.5;Envejeciendo;4
BIO_1704;551;109000;09/05/2018;27/06/2018;5000;7.5;5;81.2;Proximo a obsoleto;1
BIO_1705;555;228000;26/07/2016;09/09/2016;28000;9.2;10;88.1;Proximo a obsoleto;3
BIO_1706;581;93675000;23/08/2020;28/09/2020;46955000;5.2;10;58.1;Envejeciendo;3
