ID;ID_ORIGINAL;ID_EQUIPO;EQUIPO;MARCA;MODELO;SERIE;ACTIVO_FIJO;AREA;UBICACION;REGISTRO_SANITARIO;CLASIFICACION_RIESGO;ESTADO;PROPIETARIO_EQUIPO;ENCARGADO_MTTO_MP;PERIODICIDAD_MP
1;2;1;Agitador de Mazini;LW Scientific;120021;1202021;V110909;Biomedico;Bodega de Biomedico;INVIMA 2015DM-0013386;No especifica;FUERA DE SERVICIO;Cosmitet Ltda.;Cosmitet Ltda.;N/A
2;3;2;Agitador de plaquetas;HELMER;PFS 96;692852;V112841;Banco de Sangre;Infecciosas;No aplica (ACTA No. 07 Junio 10 de 2009);No Aplica;DISPONIBLE;Cosmitet Ltda.;SUKHI;ANUAL
3;4;3;Analizador Bacteriologico;bioMerieux;VITEK 2 COMPACT;VK2C4579 730390;N.I;Laboratorio;Microbiologia;CF77104150;No especifica;DISPONIBLE;Biomerieux;Biomerieux;ANUAL
4;5;5;Analizador de Coagulacion;Medtronic;ACT Plus;AST1002439;N.I;Cirugia;Sala 1;INVIMA 2009DM-0003182;No especifica;DISPONIBLE;Cosmitet Ltda.;Cosmitet Ltda.;SEMESTRAL
5;6;6;Analizador de Coagulacion;STAGO;STA COMPACT MAX;CF77104150;DM-000785;Laboratorio;Hematologia - Coagulacion;INVIMA 2024DM-0028876;CLASE IIA;DISPONIBLE;ANNAR;ANNAR;SEMESTRAL
6;7;7;Analizador de Coagulacion;STAGO;START MAX;1195115001371;DM-000154;Laboratorio;Hematologia - Coagulacion;INVIMA 2024DM-0028876;CLASE IIA;DISPONIBLE;ANNAR;ANNAR;ANUAL
7;8;8;Analizador de Electrolitos;Nanoduct;1030;1030140423;V113424;Laboratorio;Almacen;No especifica;No especifica;DISPONIBLE;Cosmitet Ltda.;Cosmitet Ltda.;ANUAL
8;9;9;Analizador de Electrolitos;Roche;9180;15967;N.A;Laboratorio;Urgencias Microscopia;INVIMA 2019DM-0019363;No especifica;DISPONIBLE;Roche;Roche;ANUAL
9;10;10;Analizador de Gases;Roche;Cobas 221;27039;N.I;UCI 1;UCI 1;INVIMA 2019DM-0019363;No especifica;DISPONIBLE;Roche;Roche;ANUAL
10;11;10;Analizador de Gases;Roche;Cobas 221;27724;N.I;UCI 2;Deposito de equipos;INVIMA 2019DM-0019363;CLASE IIA;DISPONIBLE;Roche;Roche;ANUAL
11;12;10;Analizador de Gases;Roche;Cobas 221;27001;N.I;Hemodinamia;Preparacion pacientes;INVIMA 2019DM-0019363;CLASE IIA;DISPONIBLE;Roche;Roche;ANUAL
12;13;10;Analizador de Gases;Roche;Cobas 221;26756;N.I;UCIN;No especifica;INVIMA 2019DM-0019363;CLASE IIA;DISPONIBLE;Roche;Roche;ANUAL
13;14;11;Analizador de Hematologia;Sysmex;XN-1000;22015;N.I;Laboratorio;Hematologia - Coagulacion;No especifica;No especifica;DISPONIBLE;Roche;Roche;SEMESTRAL
14;15;12;Analizador de Inmunoensayos;Abbott;ARCHITET I2000SR;RSh61484;N.I;Banco de Sangre;Area infecciosas;INVIMA 2024DM-0011772-R1;No especifica;DISPONIBLE;Abbott;ABBOTT;SEMESTRAL
15;16;13;Analizador de Inmunohematologia;Bio-Rad;TECHNO TWIN STATION;494;N.I;Banco de Sangre;Inmunohematologia;INVIMA 2018DM-0019105;No especifica;DISPONIBLE;Biocientifica;Biocientifica;SEMESTRAL
16;17;14;Analizador de Inmunologia;COBAS;COBAS 6000;1086-24;N.I;Laboratorio;Inmunologia;INVIMA 2018DM-0019105;CLASE IIA;DISPONIBLE;Roche;Roche;ANUAL
17;18;15;Analizador de Inmunologia;Roche;COBAS e411;1053-02;N.I;Laboratorio;Inmunologia;INVIMA 2019DM-0019335;CLASE IIA;DISPONIBLE;Roche;Roche;SEMESTRAL
18;19;16;Analizador de Microelisa;DYNEX TECNOLOGIES;DS2;1DSA0756;DM-002303;Laboratorio;Regionales (Microelisa);INVIMA 2021DM-0023933;CLASE IIA;DISPONIBLE;ANNAR;ANNAR;SEMESTRAL
19;20;19;Analizador de muestras de orina;COBAS;U601;SU0501221;N.I;Laboratorio;Urgencias Microscopia;INVIMA 2024DM-0011237-R1;CLASE IIA;DISPONIBLE;Roche;Roche;SEMESTRAL
20;21;17;Analizador de Quimica;COBAS;COBAS 6000;0752-26;701967;Laboratorio;Quimica;INVIMA 2018DM-0019105;CLASE IIA;DISPONIBLE;Roche;Roche;ANUAL
21;22;18;Analizador de Sangre;Abbott;I-STAT 1 (300-G);1302719;V112881;Cirugia;Sala 1;NVIMA 2016DM-0015449;No especifica;DISPONIBLE;Cosmitet Ltda.;Arrow;SEMESTRAL
22;23;4;Analizador Heliprobe;Kibion;HPU-011;22232944;N2588;Gastroscopia;Sala de procedimientos;INVIMA 2021DM-0007567-R1;No especifica;DISPONIBLE;Cosmitet Ltda.;Cosmitet Ltda.;ANUAL
23;24;20;Angiografo;Siemens;AXION ARTIS ZEE CEILING;148494;N2972;Hemodinamia;procedimientos;INVIMA 2018EBC-0001426-R1;No especifica;DISPONIBLE;Cosmitet Ltda.;Siemens;SEMESTRAL
24;25;21;Anoscopio (Proctoscopio);Karl Storz;24954KK;24954;N8503;Gastroscopia;Sala de procedimientos;INVIMA 2020DM-0022485;No especifica;DISPONIBLE;Cosmitet Ltda.;N/A;N/A
25;26;23;Arco en C;Siemens;Siremobil Compac;03201S07;N3277;Cirugia;Cuarto de equipos;INVIMA 2019EBC-0002441-R1;CLASE IIB;DISPONIBLE;Cosmitet Ltda.;Cosmitet Ltda.;SEMESTRAL
26;27;22;Arco en C;Siemens;Cios Fit;3183;No especifica;Cirugia;Cuarto de equipos;INVIMA 2019EBC-0002441-R1;CLASE IIB;DISPONIBLE;Cosmitet Ltda.;CM Medical;SEMESTRAL
27;28;26;Autoclave de Cassete;SCICAN;STATIM 2000;100208C00184;V101306;Cirugia;Cuarto de equipos;INVIMA 2015DM-0012588;No especifica;DISPONIBLE;Cosmitet Ltda.;Cosmitet Ltda.;ANUAL
28;29;24;Autoclave Vapor;PAFFOR;PAF340L1P;21092012N-159;V111147;Central de Esterilizacion;Area de preparacion;INVIMA 2022DM-0025490;No especifica;DISPONIBLE;Cosmitet Ltda.;SUKHI;ANUAL
29;30;25;Autoclave Vapor;PAFFOR;PAFF-AR-500;04082022-440;N7200;Central de Esterilizacion;Area de preparacion;INVIMA 2022DM-0025490;No especifica;DISPONIBLE;Cosmitet Ltda.;SUKHI;ANUAL
30;31;151;Esterilizador a Gas;3M;STERI-VAC 5XL;720240;V108966;Central de Esterilizacion;Area de preparacion;2017DM-0000328-R1;No especifica;DISPONIBLE;Cosmitet Ltda.;Cosmitet Ltda.;ANUAL
31;32;31;Balanza de Sangre;GENESIS;CM 350;3545258;V112574;Banco de Sangre;Bodega;No aplica (Circular externa No. 50-8060-13);No Aplica;DISPONIBLE;Cosmitet Ltda.;Cosmitet Ltda.;ANUAL
32;33;31;Balanza de Sangre;GENESIS;CM 350;3539543;V108102;Banco de Sangre;Sala de Donacion;No aplica (Circular externa No. 50-8060-13);No Aplica;DISPONIBLE;Cosmitet Ltda.;Cosmitet Ltda.;ANUAL
33;34;31;Balanza de Sangre;GENESIS;CM 350;3539537;V108104;Banco de Sangre;Campanas;No aplica (Circular externa No. 50-8060-13);No Aplica;DISPONIBLE;Cosmitet Ltda.;Cosmitet Ltda.;ANUAL
34;35;32;Balanza de Sangre;Terumo;D601;2022061078;N.I;Banco de Sangre;Carro Campana;INVIMA 2011DM-0007645;No especifica;DISPONIBLE;Terumo;Terumo;ANUAL
35;36;32;Balanza de Sangre;Terumo;D601;2022061090;N.I;Banco de Sangre;Carro Campana;INVIMA 2011DM-0007645;No especifica;DISPONIBLE;Terumo;Terumo;ANUAL
36;37;32;Balanza de Sangre;Terumo;D601;13051426;N.I;Banco de Sangre;Campanas;INVIMA 2011DM-0007645;No especifica;FUERA DE SERVICIO;Terumo;Terumo;ANUAL
37;38;32;Balanza de Sangre;Terumo;D601;2022061088;N.A;Banco de Sangre;Sala de Donacion;INVIMA 2011DM-0007645;No especifica;DISPONIBLE;Terumo;Terumo;ANUAL
38;39;28;Balanza Gramera;Ohaus;NVL5101/1;8332326029;V116540;Banco de Sangre;Separacion de Componentes;No aplica (ACTA No. 07 Junio 10 de 2009);No Aplica;BAJA;Cosmitet Ltda.;Cosmitet Ltda.;N/A
39;40;30;Balanza Gramera;Seca;856;8856334180051;N1919;UCI 2;CUARTO DE EQUIPOS;No aplica (ACTA No. 07 Junio 10 de 2009);No especifica;DISPONIBLE;Cosmitet Ltda.;Cosmitet Ltda.;ANUAL
40;41;29;Balanza Gramera;Ohaus;TRIPLE BRAZO;200009;V102401;Laboratorio;Centrifugacion;No aplica (ACTA No. 07 Junio 10 de 2009);No Aplica;DISPONIBLE;Cosmitet Ltda.;Cosmitet Ltda.;ANUAL
41;42;27;Balanza Gramera;Ohaus;700/800 series;E03bal003;1032000105;Cirugia;Cuarto de equipos;No aplica (ACTA No. 07 Junio 10 de 2009);No Aplica;BAJA;Cosmitet Ltda.;Cosmitet Ltda.;ANUAL
42;43;33;Banda prueba de esfuerzo;Full vision;TMX425;FB-4995;1071000024;Cardiologia;Cardiologia 6 piso;N.A;No especifica;DISPONIBLE;Cosmitet Ltda.;Cosmitet Ltda.;ANUAL
43;44;35;Banda sin fin;weslo;1005;j1213738;af31251;Rehabilitacion Cardiaca;Rehabilitacion cardiaca;N.A;No especifica;BAJA;Cosmitet Ltda.;Cosmitet Ltda.;ANUAL
44;45;34;Banda sin fin;keys;n.i;64405;1071000002;Rehabilitacion Cardiaca;Rehabilitacion cardiaca;N.A;No especifica;BAJA;Cosmitet Ltda.;Cosmitet Ltda.;ANUAL
45;46;36;Bano Serologico;Memmert;WB7;12960621;2017000081;Banco de Sangre;Separacion de Componentes;No aplica (ACTA No. 07 Junio 10 de 2009);No Aplica;FUERA DE SERVICIO;Cosmitet Ltda.;Cosmitet Ltda.;N/A
46;47;37;Bascula Analoga;Health o Meter;160 KG;1600021011;N3410;Banco de Sangre;Valoracion y Entrevista;INVIMA 2013DM-0010061;CLASE I;DISPONIBLE;Cosmitet Ltda.;Cosmitet Ltda.;ANUAL
47;48;37;Bascula Analoga;Health o Meter;160 KG;1600020903;N3926;Banco de Sangre;Carro campana;INVIMA 2013DM-0010061;CLASE I;BAJA;Cosmitet Ltda.;Cosmitet Ltda.;ANUAL
48;49;37;Bascula Analoga;Health o Meter;160 KG;1600002636;1032000304;Cirugia;Preparacion de Pacientes;INVIMA 2013DM-0010061;CLASE I;DISPONIBLE;Cosmitet Ltda.;Cosmitet Ltda.;ANUAL
49;50;41;Bascula Analoga;Health o Meter;160Kg;1600006051;V102536;Especialistas;Consultorio #5;INVIMA 2013DM-0010061;CLASE I;DISPONIBLE;Cosmitet Ltda.;SUKHI;ANUAL
50;51;41;Bascula Analoga;Health o Meter;160Kg;1600006052;V102532;Especialistas;Consultorio #6;INVIMA 2013DM-0010061;CLASE I;DISPONIBLE;Cosmitet Ltda.;Cosmitet Ltda.;ANUAL
51;52;41;Bascula Analoga;Health o Meter;160Kg;1600002943;1032000293;Especialistas;Consultorio #12;INVIMA 2013DM-0010061;CLASE I;DISPONIBLE;Cosmitet Ltda.;Cosmitet Ltda.;ANUAL
52;53;41;Bascula Analoga;Health o Meter;160Kg;1600002622;1032000292;Especialistas;Consultorio #11;INVIMA 2013DM-0010061;CLASE I;DISPONIBLE;Cosmitet Ltda.;SUKHI;ANUAL
53;54;40;Bascula Analoga;Health o Meter;160KG;1600011108;V108920;Especialistas;Consultorio #3;INVIMA 2013DM-0010061;CLASE I;DISPONIBLE;Cosmitet Ltda.;Cosmitet Ltda.;ANUAL
54;55;40;Bascula Analoga;Health o Meter;160KG;1600002600;AF30573;Especialistas;Consultorio #1;INVIMA 2013DM-0010061;CLASE I;DISPONIBLE;Cosmitet Ltda.;Cosmitet Ltda.;ANUAL
55;56;40;Bascula Analoga;Health o Meter;160KG;16000011333;V108922;Especialistas;Consultorio #4;INVIMA 2013DM-0010061;CLASE I;DISPONIBLE;Cosmitet Ltda.;SUKHI;ANUAL
56;57;40;Bascula Analoga;Health o Meter;160KG;1600011334;V108921;Especialistas;Consultorio #2;INVIMA 2013DM-0010061;CLASE I;DISPONIBLE;Cosmitet Ltda.;SUKHI;ANUAL
57;58;40;Bascula Analoga;Health o Meter;160KG;1600003766;V99013;Especialistas;Consultorio #8;INVIMA 2013DM-0010061;CLASE I;DISPONIBLE;Cosmitet Ltda.;Cosmitet Ltda.;ANUAL
58;59;40;Bascula Analoga;Health o Meter;160KG;1600002599;AF 30543;Especialistas;Consultorio #13;INVIMA 2013DM-0010061;CLASE I;DISPONIBLE;Cosmitet Ltda.;Cosmitet Ltda.;ANUAL
59;60;40;Bascula Analoga;Health o Meter;160KG;1600011782;V108599;Gastroscopia;Sala de procedimientos;INVIMA 2013DM-0010061;CLASE I;DISPONIBLE;Cosmitet Ltda.;Cosmitet Ltda.;ANUAL
60;61;38;Bascula Analoga;Health o Meter;160 kg;1620002182;V111988;Hospitalizacion;estacion de enfermeria #8;INVIMA 2013DM-0010061;CLASE I;DISPONIBLE;Cosmitet Ltda.;Cosmitet Ltda.;ANUAL
61;62;44;Bascula Analoga;Seca;750;2750290138289;V116188;Imagenes Diagnosticas;Resonancia;INVIMA2013DM-0010000;CLASE I;DISPONIBLE;Cosmitet Ltda.;Cosmitet Ltda.;ANUAL
62;63;44;Bascula Analoga;Seca;750;10000000313355 (5750294192911);N.I;Hospitalizacion;6to piso;INVIMA2013DM-0010000;CLASE I;DISPONIBLE;Cosmitet Ltda.;Cosmitet Ltda.;ANUAL
63;64;53;Bascula Digital;Seca;874;5874238156999;N618;Biomedico;Biomedico;No especifica;CLASE I;DISPONIBLE;Cosmitet Ltda.;Cosmitet Ltda.;ANUAL
64;65;39;Bascula Analoga;Health o Meter;160 kgwa;1620002678;V111916;UCIN;cuatro de equipos;INVIMA 2013DM-0010061;CLASE I;DISPONIBLE;Cosmitet Ltda.;Cosmitet Ltda.;ANUAL
65;66;42;Bascula Analoga;Kex Germany;BR-2050;NI;N887;Unidad Renal;Sala de dialisis peritonial;INVIMA2013DM-0010061;CLASE I;DISPONIBLE;Cosmitet Ltda.;Cosmitet Ltda.;ANUAL
66;67;44;Bascula Analoga;Seca;750;5750120163650;N255;Urgencias;Consultorio #3;INVIMA2013DM-0010000;CLASE I;DISPONIBLE;Cosmitet Ltda.;Cosmitet Ltda.;ANUAL
67;68;37;Bascula Analoga;Health o Meter;160 KG;1600007498;V116851;Urgencias;Consultorio #1;INVIMA 2013DM-0010061;CLASE I;DISPONIBLE;Cosmitet Ltda.;Cosmitet Ltda.;ANUAL
68;69;37;Bascula Analoga;Health o Meter;160 KG;1600023111;N8727;Urgencias;Observacion (Almacenamiento de insumos);INVIMA 2013DM-0010061;CLASE I;DISPONIBLE;Cosmitet Ltda.;Cosmitet Ltda.;ANUAL
69;70;37;Bascula Analoga;Health o Meter;160 KG;1600021826;N8938;Urgencias;Consultorio #4;INVIMA 2013DM-0010061;CLASE I;DISPONIBLE;Cosmitet Ltda.;Cosmitet Ltda.;ANUAL
70;71;38;Bascula Analoga;Health o Meter;160 kg;1600021741;N9013;Urgencias;Observacion (Almacenamiento de insumos);INVIMA 2013DM-0010061;CLASE I;DISPONIBLE;Cosmitet Ltda.;Cosmitet Ltda.;ANUAL
71;72;37;Bascula Analoga;Health o Meter;160 KG;1600022951;N11338;Laboratorio;Toma de Muestras IPS Tequendama;INVIMA 2013DM-0010061;CLASE I;DISPONIBLE;Cosmitet Ltda.;Cosmitet Ltda.;ANUAL
72;73;56;Bascula de Mesa;Trumax;Fenix;Ys201176;N.I;Hospitalizacion;estacion de enfermeria #5;INVIMA2013DM-0010000;CLASE I;DISPONIBLE;Cosmitet Ltda.;Cosmitet Ltda.;ANUAL
73;74;56;Bascula de Mesa;Trumax;Fenix;YS201083;N.I;Hospitalizacion;estacion de enfermeria #4;INVIMA2013DM-0010000;CLASE I;DISPONIBLE;Cosmitet Ltda.;Cosmitet Ltda.;ANUAL
74;75;56;Bascula de Mesa;Trumax;Fenix;YS172810;N1483;UCIN;UCIN;INVIMA2013DM-0010000;CLASE I;DISPONIBLE;Cosmitet Ltda.;Cosmitet Ltda.;ANUAL
75;76;49;Bascula Digital;Health o Meter;844kl;8440116236;n3237;Cirugia;Recuperacion;INVIMA 2013DM-0010061;CLASE I;DISPONIBLE;Cosmitet Ltda.;Cosmitet Ltda.;ANUAL
76;77;52;Bascula Digital;Seca;813;8813317152900;N161;Hemodinamia;Preparacion pacientes;INVIMA2013DM-0010000;CLASE I;DISPONIBLE;Cosmitet Ltda.;Cosmitet Ltda.;ANUAL
77;78;48;Bascula Digital;Health o Meter;844KL;8440104292;N2512;Hospitalizacion;estacion de enfermeria #5;INVIMA 2013DM-0010061;CLASE I;BAJA;Cosmitet Ltda.;SUKHI;ANUAL
78;79;51;Bascula Digital;Seca;803;8803012132347;V113688;Oncologia;Sala de procedimientos;INVIMA2013DM-0010000;CLASE I;DISPONIBLE;Cosmitet Ltda.;Cosmitet Ltda.;ANUAL
79;80;51;Bascula Digital;Seca;803;8803012132146;V114050;Terapia Respiratoria;Consultorio 3;INVIMA2013DM-0010000;CLASE I;BAJA;Cosmitet Ltda.;Cosmitet Ltda.;ANUAL
80;81;54;Bascula Digital;Seca;n.i;8813221171853;N2589;Rehabilitacion Cardiaca;Rehabilitacion Cardiaca;INVIMA2013DM-0010000;CLASE I;DISPONIBLE;Cosmitet Ltda.;Cosmitet Ltda.;ANUAL
81;82;50;Bascula Digital;JCM;150 Kg;0121070164;N.I;Unidad Renal;Sala de hemodialisis;INVIMA2013DM-0010000;CLASE I;DISPONIBLE;Cosmitet Ltda.;Cosmitet Ltda.;ANUAL
82;83;52;Bascula Digital;Seca;813;8813309201594;N4452;Urgencias;Triagge 1;INVIMA2013DM-0010000;CLASE I;BAJA;Cosmitet Ltda.;Cosmitet Ltda.;ANUAL
83;84;52;Bascula Digital;Seca;813;8813309201362;N4451;Urgencias;Triagge 2;INVIMA2013DM-0010000;CLASE I;BAJA;Cosmitet Ltda.;Cosmitet Ltda.;ANUAL
84;85;52;Bascula Digital;Seca;813;8813309201341;N4453;Urgencias;Observacion 1;INVIMA2013DM-0010000;CLASE I;BAJA;Cosmitet Ltda.;Cosmitet Ltda.;ANUAL
85;86;46;Bascula Analoga Pediatrica;Health o Meter;386KGS;3860008655;V112266;Urgencias;Observacion 2;INVIMA 2013DM-0010061;No especifica;DISPONIBLE;Cosmitet Ltda.;Cosmitet Ltda.;ANUAL
86;87;47;Bascula Analoga Pediatrica;Health o Meter;386KGS-01;3860003625;N.I;Especialistas;Consultorio #3;INVIMA 2013DM-0010061;CLASE I;DISPONIBLE;Cosmitet Ltda.;SUKHI;ANUAL
87;88;47;Bascula Analoga Pediatrica;Health o Meter;386KGS-01;1300000014;1032000286;Urgencias;Observacion 1;INVIMA 2013DM-0010061;CLASE I;DISPONIBLE;Cosmitet Ltda.;Cosmitet Ltda.;ANUAL
88;89;55;Bascula Digital Pediatrica;Seca;354;8354019210173;N5974;Urgencias;urgencias;INVIMA2013DM-0010000;CLASE I;DISPONIBLE;Cosmitet Ltda.;Cosmitet Ltda.;ANUAL
89;90;55;Bascula Digital Pediatrica;Seca;354;8354340130742;V114642;Biomedico;Bodega de Biomedico;INVIMA2013DM-0010000;CLASE I;DISPONIBLE;Cosmitet Ltda.;Cosmitet Ltda.;ANUAL
90;91;55;Bascula Digital Pediatrica;Seca;354;8354300140377;V116850;Urgencias;Consultorio #3;INVIMA2013DM-0010000;CLASE I;FUERA DE SERVICIO;Cosmitet Ltda.;Cosmitet Ltda.;ANUAL
91;92;57;Bicicleta Ergonomica;Dynamic;FR-150;ST8910;V112470;Rehabilitacion Cardiaca;Rehabilitacion cardiaca;N.A;CLASE I;FUERA DE SERVICIO;Cosmitet Ltda.;Cosmitet Ltda.;ANUAL
92;93;58;Bicicleta estatica;sport top;B850;EN957-1;1071000004;Rehabilitacion Cardiaca;Rehabilitacion cardiaca;N.A;CLASE I;FUERA DE SERVICIO;Cosmitet Ltda.;Cosmitet Ltda.;ANUAL
93;94;59;Blender;SECHRIST;3500;83664;1065000001-1;Cirugia;Sala 1;INVIMA 2021DM-0024432;CLASE I;DISPONIBLE;Cosmitet Ltda.;N/A;N/A
94;95;60;Bomba de Infusion;Baxter;Evo IQ;SK01001159;1;Oncologia;Oncologia;INVIMA2019EBC-0020775;CLASE IIB;DISPONIBLE;Baxter;Baxter;BIANUAL
95;96;60;Bomba de Infusion;Baxter;Evo IQ;SK10304392;2;Oncologia;Oncologia;INVIMA2019EBC-0020775;CLASE IIB;DISPONIBLE;Baxter;Baxter;BIANUAL
96;97;60;Bomba de Infusion;Baxter;Evo IQ;SK00902053;3;Oncologia;Oncologia;INVIMA2019EBC-0020775;CLASE IIB;DISPONIBLE;Baxter;Baxter;BIANUAL
97;98;60;Bomba de Infusion;Baxter;Evo IQ;SK01001882;4;Oncologia;Oncologia;INVIMA2019EBC-0020775;CLASE IIB;DISPONIBLE;Baxter;Baxter;BIANUAL
98;99;60;Bomba de Infusion;Baxter;Evo IQ;SK00510645;5;Oncologia;Oncologia;INVIMA2019EBC-0020775;CLASE IIB;DISPONIBLE;Baxter;Baxter;BIANUAL
99;100;60;Bomba de Infusion;Baxter;Evo IQ;SK01103557;6;Oncologia;Oncologia;INVIMA2019EBC-0020775;CLASE IIB;DISPONIBLE;Baxter;Baxter;BIANUAL
100;101;60;Bomba de Infusion;Baxter;Evo IQ;SK11110488;7;Oncologia;Oncologia;INVIMA2019EBC-0020775;CLASE IIB;DISPONIBLE;Baxter;Baxter;BIANUAL
101;102;60;Bomba de Infusion;Baxter;Evo IQ;SK20316369;8;Oncologia;Oncologia;INVIMA2019EBC-0020775;CLASE IIB;DISPONIBLE;Baxter;Baxter;BIANUAL
102;103;60;Bomba de Infusion;Baxter;Evo IQ;SK00517631;9;Oncologia;Oncologia;INVIMA2019EBC-0020775;CLASE IIB;DISPONIBLE;Baxter;Baxter;BIANUAL
103;104;60;Bomba de Infusion;Baxter;Evo IQ;SK00619890;10;Oncologia;Oncologia;INVIMA2019EBC-0020775;CLASE IIB;DISPONIBLE;Baxter;Baxter;BIANUAL
104;105;60;Bomba de Infusion;Baxter;Evo IQ;SK10119473;11;Oncologia;Oncologia;INVIMA2019EBC-0020775;CLASE IIB;DISPONIBLE;Baxter;Baxter;BIANUAL
105;106;60;Bomba de Infusion;Baxter;Evo IQ;SK01001206;12;Oncologia;Oncologia;INVIMA2019EBC-0020775;CLASE IIB;DISPONIBLE;Baxter;Baxter;BIANUAL
106;107;60;Bomba de Infusion;Baxter;Evo IQ;SK20313403;13;Oncologia;Oncologia;INVIMA2019EBC-0020775;CLASE IIB;DISPONIBLE;Baxter;Baxter;BIANUAL
107;108;60;Bomba de Infusion;Baxter;Evo IQ;SK01103582;14;Cirugia;Cirugia;INVIMA2019EBC-0020775;CLASE IIB;DISPONIBLE;Baxter;Baxter;BIANUAL
108;109;60;Bomba de Infusion;Baxter;Evo IQ;SK00705239;15;Cirugia;Cirugia;INVIMA2019EBC-0020775;CLASE IIB;DISPONIBLE;Baxter;Baxter;BIANUAL
109;110;60;Bomba de Infusion;Baxter;Evo IQ;SK01002265;16;Cirugia;Cirugia;INVIMA2019EBC-0020775;CLASE IIB;DISPONIBLE;Baxter;Baxter;BIANUAL
110;111;60;Bomba de Infusion;Baxter;Evo IQ;SK01001150;17;Cirugia;Cirugia;INVIMA2019EBC-0020775;CLASE IIB;DISPONIBLE;Baxter;Baxter;BIANUAL
111;112;60;Bomba de Infusion;Baxter;Evo IQ;SK20313147;18;Cirugia;Cirugia;INVIMA2019EBC-0020775;CLASE IIB;DISPONIBLE;Baxter;Baxter;BIANUAL
112;113;60;Bomba de Infusion;Baxter;Evo IQ;SK00615169;19;Cirugia;Cirugia;INVIMA2019EBC-0020775;CLASE IIB;DISPONIBLE;Baxter;Baxter;BIANUAL
113;114;60;Bomba de Infusion;Baxter;Evo IQ;SK01002307;20;Cirugia;Cirugia;INVIMA2019EBC-0020775;CLASE IIB;DISPONIBLE;Baxter;Baxter;BIANUAL
114;115;60;Bomba de Infusion;Baxter;Evo IQ;SK01001062;21;Cirugia;Cirugia;INVIMA2019EBC-0020775;CLASE IIB;DISPONIBLE;Baxter;Baxter;BIANUAL
115;116;60;Bomba de Infusion;Baxter;Evo IQ;SK01103379;22;UCI 2;UCI 2;INVIMA2019EBC-0020775;CLASE IIB;DISPONIBLE;Baxter;Baxter;BIANUAL
116;117;60;Bomba de Infusion;Baxter;Evo IQ;SK00705286;23;UCI 2;UCI 2;INVIMA2019EBC-0020775;CLASE IIB;DISPONIBLE;Baxter;Baxter;BIANUAL
117;118;60;Bomba de Infusion;Baxter;Evo IQ;SK11202774;24;UCI 2;UCI 2;INVIMA2019EBC-0020775;CLASE IIB;DISPONIBLE;Baxter;Baxter;BIANUAL
118;119;60;Bomba de Infusion;Baxter;Evo IQ;SK20102180;25;UCI 2;UCI 2;INVIMA2019EBC-0020775;CLASE IIB;DISPONIBLE;Baxter;Baxter;BIANUAL
119;120;60;Bomba de Infusion;Baxter;Evo IQ;SK00902132;26;UCI 2;UCI 2;INVIMA2019EBC-0020775;CLASE IIB;DISPONIBLE;Baxter;Baxter;BIANUAL
120;121;60;Bomba de Infusion;Baxter;Evo IQ;SK11110471;27;UCI 2;UCI 2;INVIMA2019EBC-0020775;CLASE IIB;DISPONIBLE;Baxter;Baxter;BIANUAL
121;122;60;Bomba de Infusion;Baxter;Evo IQ;SK00402406;28;UCI 2;UCI 2;INVIMA2019EBC-0020775;CLASE IIB;DISPONIBLE;Baxter;Baxter;BIANUAL
122;123;60;Bomba de Infusion;Baxter;Evo IQ;SK10119515;29;UCI 2;UCI 2;INVIMA2019EBC-0020775;CLASE IIB;DISPONIBLE;Baxter;Baxter;BIANUAL
123;124;60;Bomba de Infusion;Baxter;Evo IQ;SK11202790;30;UCI 2;UCI 2;INVIMA2019EBC-0020775;CLASE IIB;DISPONIBLE;Baxter;Baxter;BIANUAL
124;125;60;Bomba de Infusion;Baxter;Evo IQ;SK00604756;31;UCI 2;UCI 2;INVIMA2019EBC-0020775;CLASE IIB;DISPONIBLE;Baxter;Baxter;BIANUAL
125;126;60;Bomba de Infusion;Baxter;Evo IQ;SK10119443;32;UCI 2;UCI 2;INVIMA2019EBC-0020775;CLASE IIB;DISPONIBLE;Baxter;Baxter;BIANUAL
126;127;60;Bomba de Infusion;Baxter;Evo IQ;SK00713879;33;UCI 2;UCI 2;INVIMA2019EBC-0020775;CLASE IIB;DISPONIBLE;Baxter;Baxter;BIANUAL
127;128;60;Bomba de Infusion;Baxter;Evo IQ;SK10304322;34;UCI 2;UCI 2;INVIMA2019EBC-0020775;CLASE IIB;DISPONIBLE;Baxter;Baxter;BIANUAL
128;129;60;Bomba de Infusion;Baxter;Evo IQ;SK20402470;35;UCI 2;UCI 2;INVIMA2019EBC-0020775;CLASE IIB;DISPONIBLE;Baxter;Baxter;BIANUAL
129;130;60;Bomba de Infusion;Baxter;Evo IQ;SK01001082;36;UCI 2;UCI 2;INVIMA2019EBC-0020775;CLASE IIB;DISPONIBLE;Baxter;Baxter;BIANUAL
130;131;60;Bomba de Infusion;Baxter;Evo IQ;SK20402519;37;UCI 2;UCI 2;INVIMA2019EBC-0020775;CLASE IIB;DISPONIBLE;Baxter;Baxter;BIANUAL
131;132;60;Bomba de Infusion;Baxter;Evo IQ;SK00615180;38;UCI 2;UCI 2;INVIMA2019EBC-0020775;CLASE IIB;DISPONIBLE;Baxter;Baxter;BIANUAL
132;133;60;Bomba de Infusion;Baxter;Evo IQ;SK00713831;39;UCI 2;UCI 2;INVIMA2019EBC-0020775;CLASE IIB;DISPONIBLE;Baxter;Baxter;BIANUAL
133;134;60;Bomba de Infusion;Baxter;Evo IQ;SK00604688;40;UCI 2;UCI 2;INVIMA2019EBC-0020775;CLASE IIB;DISPONIBLE;Baxter;Baxter;BIANUAL
134;135;60;Bomba de Infusion;Baxter;Evo IQ;SK00517509;41;UCI 2;UCI 2;INVIMA2019EBC-0020775;CLASE IIB;DISPONIBLE;Baxter;Baxter;BIANUAL
135;136;60;Bomba de Infusion;Baxter;Evo IQ;SK01001905;42;UCI 2;UCI 2;INVIMA2019EBC-0020775;CLASE IIB;DISPONIBLE;Baxter;Baxter;BIANUAL
136;137;60;Bomba de Infusion;Baxter;Evo IQ;SK01001210;43;UCI 2;UCI 2;INVIMA2019EBC-0020775;CLASE IIB;DISPONIBLE;Baxter;Baxter;BIANUAL
137;138;60;Bomba de Infusion;Baxter;Evo IQ;SK10119489;44;UCI 2;UCI 2;INVIMA2019EBC-0020775;CLASE IIB;DISPONIBLE;Baxter;Baxter;BIANUAL
138;139;60;Bomba de Infusion;Baxter;Evo IQ;SK11109239;45;UCI 2;UCI 2;INVIMA2019EBC-0020775;CLASE IIB;DISPONIBLE;Baxter;Baxter;BIANUAL
139;140;60;Bomba de Infusion;Baxter;Evo IQ;SK00213442;46;UCI 2;UCI 2;INVIMA2019EBC-0020775;CLASE IIB;DISPONIBLE;Baxter;Baxter;BIANUAL
140;141;60;Bomba de Infusion;Baxter;Evo IQ;SK00606400;47;UCI 2;UCI 2;INVIMA2019EBC-0020775;CLASE IIB;DISPONIBLE;Baxter;Baxter;BIANUAL
141;142;60;Bomba de Infusion;Baxter;Evo IQ;SK11110419;48;UCI 2;UCI 2;INVIMA2019EBC-0020775;CLASE IIB;DISPONIBLE;Baxter;Baxter;BIANUAL
142;143;60;Bomba de Infusion;Baxter;Evo IQ;SK00902089;49;UCI 2;UCI 2;INVIMA2019EBC-0020775;CLASE IIB;DISPONIBLE;Baxter;Baxter;BIANUAL
143;144;60;Bomba de Infusion;Baxter;Evo IQ;SK01001031;50;UCI 2;UCI 2;INVIMA2019EBC-0020775;CLASE IIB;DISPONIBLE;Baxter;Baxter;BIANUAL
144;145;60;Bomba de Infusion;Baxter;Evo IQ;SK20206083;51;UCI 2;UCI 2;INVIMA2019EBC-0020775;CLASE IIB;DISPONIBLE;Baxter;Baxter;BIANUAL
145;146;60;Bomba de Infusion;Baxter;Evo IQ;SK20103482;52;UCI 2;UCI 2;INVIMA2019EBC-0020775;CLASE IIB;DISPONIBLE;Baxter;Baxter;BIANUAL
146;147;60;Bomba de Infusion;Baxter;Evo IQ;SK00902345;53;UCI 2;UCI 2;INVIMA2019EBC-0020775;CLASE IIB;DISPONIBLE;Baxter;Baxter;BIANUAL
147;148;60;Bomba de Infusion;Baxter;Evo IQ;SK00713641;54;UCI 2;UCI 2;INVIMA2019EBC-0020775;CLASE IIB;DISPONIBLE;Baxter;Baxter;BIANUAL
148;149;60;Bomba de Infusion;Baxter;Evo IQ;SK00902370;55;UCI 2;UCI 2;INVIMA2019EBC-0020775;CLASE IIB;DISPONIBLE;Baxter;Baxter;BIANUAL
149;150;60;Bomba de Infusion;Baxter;Evo IQ;SK20103255;56;UCI 2;UCI 2;INVIMA2019EBC-0020775;CLASE IIB;DISPONIBLE;Baxter;Baxter;BIANUAL
150;151;60;Bomba de Infusion;Baxter;Evo IQ;SK20402587;57;UCI 2;UCI 2;INVIMA2019EBC-0020775;CLASE IIB;DISPONIBLE;Baxter;Baxter;BIANUAL
151;152;60;Bomba de Infusion;Baxter;Evo IQ;SK11202814;58;UCI 2;UCI 2;INVIMA2019EBC-0020775;CLASE IIB;DISPONIBLE;Baxter;Baxter;BIANUAL
152;153;60;Bomba de Infusion;Baxter;Evo IQ;SK00713805;59;UCI 2;UCI 2;INVIMA2019EBC-0020775;CLASE IIB;DISPONIBLE;Baxter;Baxter;BIANUAL
153;154;60;Bomba de Infusion;Baxter;Evo IQ;SK00402921;60;UCI 2;UCI 2;INVIMA2019EBC-0020775;CLASE IIB;DISPONIBLE;Baxter;Baxter;BIANUAL
154;155;60;Bomba de Infusion;Baxter;Evo IQ;SK00702901;61;UCI 2;UCI 2;INVIMA2019EBC-0020775;CLASE IIB;DISPONIBLE;Baxter;Baxter;BIANUAL
155;156;60;Bomba de Infusion;Baxter;Evo IQ;SK00902180;62;UCI 2;UCI 2;INVIMA2019EBC-0020775;CLASE IIB;DISPONIBLE;Baxter;Baxter;BIANUAL
156;157;60;Bomba de Infusion;Baxter;Evo IQ;SK00902357;63;UCI 2;UCI 2;INVIMA2019EBC-0020775;CLASE IIB;DISPONIBLE;Baxter;Baxter;BIANUAL
157;158;60;Bomba de Infusion;Baxter;Evo IQ;SK11110386;64;UCI 2;UCI 2;INVIMA2019EBC-0020775;CLASE IIB;DISPONIBLE;Baxter;Baxter;BIANUAL
158;159;60;Bomba de Infusion;Baxter;Evo IQ;SK00704798;65;UCI 2;UCI 2;INVIMA2019EBC-0020775;CLASE IIB;DISPONIBLE;Baxter;Baxter;BIANUAL
159;160;60;Bomba de Infusion;Baxter;Evo IQ;SK10119460;66;UCI 2;UCI 2;INVIMA2019EBC-0020775;CLASE IIB;DISPONIBLE;Baxter;Baxter;BIANUAL
160;161;60;Bomba de Infusion;Baxter;Evo IQ;SK01001194;67;UCI 2;UCI 2;INVIMA2019EBC-0020775;CLASE IIB;DISPONIBLE;Baxter;Baxter;BIANUAL
161;162;60;Bomba de Infusion;Baxter;Evo IQ;SK01001096;68;UCI 2;UCI 2;INVIMA2019EBC-0020775;CLASE IIB;DISPONIBLE;Baxter;Baxter;BIANUAL
162;163;60;Bomba de Infusion;Baxter;Evo IQ;SK00516527;69;Hemodinamia;Hemodinamia;INVIMA2019EBC-0020775;CLASE IIB;DISPONIBLE;Baxter;Baxter;BIANUAL
163;164;60;Bomba de Infusion;Baxter;Evo IQ;SK20207238;70;Hemodinamia;Hemodinamia;INVIMA2019EBC-0020775;CLASE IIB;DISPONIBLE;Baxter;Baxter;BIANUAL
164;165;60;Bomba de Infusion;Baxter;Evo IQ;SK00902032;71;Hemodinamia;Hemodinamia;INVIMA2019EBC-0020775;CLASE IIB;DISPONIBLE;Baxter;Baxter;BIANUAL
165;166;60;Bomba de Infusion;Baxter;Evo IQ;SK00615219;72;Hemodinamia;Hemodinamia;INVIMA2019EBC-0020775;CLASE IIB;DISPONIBLE;Baxter;Baxter;BIANUAL
166;167;60;Bomba de Infusion;Baxter;Evo IQ;SK00517490;73;Cardiologia No Invasiva;Cardiologia no invasiva;INVIMA2019EBC-0020775;CLASE IIB;DISPONIBLE;Baxter;Baxter;BIANUAL
167;168;60;Bomba de Infusion;Baxter;Evo IQ;SK00704250;74;Cirugia (Recuperacion);Cirugia (Recuperacion);INVIMA2019EBC-0020775;CLASE IIB;DISPONIBLE;Baxter;Baxter;BIANUAL
168;169;60;Bomba de Infusion;Baxter;Evo IQ;SK00704569;75;Hospitalizacion;Hospitalizacion;INVIMA2019EBC-0020775;CLASE IIB;DISPONIBLE;Baxter;Baxter;BIANUAL
169;170;60;Bomba de Infusion;Baxter;Evo IQ;SK00900535;76;Cirugia (Recuperacion);Cirugia (Recuperacion);INVIMA2019EBC-0020775;CLASE IIB;DISPONIBLE;Baxter;Baxter;BIANUAL
170;171;60;Bomba de Infusion;Baxter;Evo IQ;SK00619863;77;Cirugia (Recuperacion);Cirugia (Recuperacion);INVIMA2019EBC-0020775;CLASE IIB;DISPONIBLE;Baxter;Baxter;BIANUAL
171;172;60;Bomba de Infusion;Baxter;Evo IQ;SK00703276;78;Cirugia (Recuperacion);Cirugia (Recuperacion);INVIMA2019EBC-0020775;CLASE IIB;DISPONIBLE;Baxter;Baxter;BIANUAL
172;173;60;Bomba de Infusion;Baxter;Evo IQ;SK00100285;79;Cirugia (Recuperacion);Cirugia (Recuperacion);INVIMA2019EBC-0020775;CLASE IIB;DISPONIBLE;Baxter;Baxter;BIANUAL
173;174;60;Bomba de Infusion;Baxter;Evo IQ;SK00604276;80;Cirugia (Recuperacion);Cirugia (Recuperacion);INVIMA2019EBC-0020775;CLASE IIB;DISPONIBLE;Baxter;Baxter;BIANUAL
174;175;60;Bomba de Infusion;Baxter;Evo IQ;SK01001081;81;Cirugia (Recuperacion);Cirugia (Recuperacion);INVIMA2019EBC-0020775;CLASE IIB;DISPONIBLE;Baxter;Baxter;BIANUAL
175;176;60;Bomba de Infusion;Baxter;Evo IQ;SK00604731;82;Cirugia (Recuperacion);Cirugia (Recuperacion);INVIMA2019EBC-0020775;CLASE IIB;DISPONIBLE;Baxter;Baxter;BIANUAL
176;177;60;Bomba de Infusion;Baxter;Evo IQ;SK01001172;83;Cirugia (Recuperacion);Cirugia (Recuperacion);INVIMA2019EBC-0020775;CLASE IIB;DISPONIBLE;Baxter;Baxter;BIANUAL
177;178;60;Bomba de Infusion;Baxter;Evo IQ;SK11202329;84;Cirugia (Recuperacion);Cirugia (Recuperacion);INVIMA2019EBC-0020775;CLASE IIB;DISPONIBLE;Baxter;Baxter;BIANUAL
178;179;60;Bomba de Infusion;Baxter;Evo IQ;SK10119417;85;Urgencias;Urgencias;INVIMA2019EBC-0020775;CLASE IIB;DISPONIBLE;Baxter;Baxter;BIANUAL
179;180;60;Bomba de Infusion;Baxter;Evo IQ;SK01002301;86;Urgencias;Urgencias;INVIMA2019EBC-0020775;CLASE IIB;DISPONIBLE;Baxter;Baxter;BIANUAL
180;181;60;Bomba de Infusion;Baxter;Evo IQ;SK01001156;87;Urgencias;Urgencias;INVIMA2019EBC-0020775;CLASE IIB;DISPONIBLE;Baxter;Baxter;BIANUAL
181;182;60;Bomba de Infusion;Baxter;Evo IQ;SK11202828;88;Urgencias;Urgencias;INVIMA2019EBC-0020775;CLASE IIB;DISPONIBLE;Baxter;Baxter;BIANUAL
182;183;60;Bomba de Infusion;Baxter;Evo IQ;SK00713839;89;Urgencias;Urgencias;INVIMA2019EBC-0020775;CLASE IIB;DISPONIBLE;Baxter;Baxter;BIANUAL
183;184;60;Bomba de Infusion;Baxter;Evo IQ;SK20107200;90;Urgencias;Urgencias;INVIMA2019EBC-0020775;CLASE IIB;DISPONIBLE;Baxter;Baxter;BIANUAL
184;185;60;Bomba de Infusion;Baxter;Evo IQ;SK20102279;91;Urgencias;Urgencias;INVIMA2019EBC-0020775;CLASE IIB;DISPONIBLE;Baxter;Baxter;BIANUAL
185;186;60;Bomba de Infusion;Baxter;Evo IQ;SK00703068;92;Urgencias;Urgencias;INVIMA2019EBC-0020775;CLASE IIB;DISPONIBLE;Baxter;Baxter;BIANUAL
186;187;60;Bomba de Infusion;Baxter;Evo IQ;SK01103534;93;Urgencias;Urgencias;INVIMA2019EBC-0020775;CLASE IIB;DISPONIBLE;Baxter;Baxter;BIANUAL
187;188;60;Bomba de Infusion;Baxter;Evo IQ;SK10119514;94;Urgencias;Urgencias;INVIMA2019EBC-0020775;CLASE IIB;DISPONIBLE;Baxter;Baxter;BIANUAL
188;189;60;Bomba de Infusion;Baxter;Evo IQ;SK00900544;95;Urgencias;Urgencias;INVIMA2019EBC-0020775;CLASE IIB;DISPONIBLE;Baxter;Baxter;BIANUAL
189;190;60;Bomba de Infusion;Baxter;Evo IQ;SK01001026;96;Urgencias;Urgencias;INVIMA2019EBC-0020775;CLASE IIB;DISPONIBLE;Baxter;Baxter;BIANUAL
190;191;60;Bomba de Infusion;Baxter;Evo IQ;SK00401684;97;Urgencias;Urgencias;INVIMA2019EBC-0020775;CLASE IIB;DISPONIBLE;Baxter;Baxter;BIANUAL
191;192;60;Bomba de Infusion;Baxter;Evo IQ;SK11204066;98;Urgencias;Urgencias;INVIMA2019EBC-0020775;CLASE IIB;DISPONIBLE;Baxter;Baxter;BIANUAL
192;193;60;Bomba de Infusion;Baxter;Evo IQ;SK00902019;99;Urgencias;Urgencias;INVIMA2019EBC-0020775;CLASE IIB;DISPONIBLE;Baxter;Baxter;BIANUAL
193;194;60;Bomba de Infusion;Baxter;Evo IQ;SK10403043;100;UCI 1;UCI 1;INVIMA2019EBC-0020775;CLASE IIB;DISPONIBLE;Baxter;Baxter;BIANUAL
194;195;60;Bomba de Infusion;Baxter;Evo IQ;SK10304350;101;UCI 1;UCI 1;INVIMA2019EBC-0020775;CLASE IIB;DISPONIBLE;Baxter;Baxter;BIANUAL
195;196;60;Bomba de Infusion;Baxter;Evo IQ;SK00606255;102;UCI 1;UCI 1;INVIMA2019EBC-0020775;CLASE IIB;DISPONIBLE;Baxter;Baxter;BIANUAL
196;197;60;Bomba de Infusion;Baxter;Evo IQ;SK00705298;103;UCI 1;UCI 1;INVIMA2019EBC-0020775;CLASE IIB;DISPONIBLE;Baxter;Baxter;BIANUAL
197;198;60;Bomba de Infusion;Baxter;Evo IQ;SK00902148;104;UCI 1;UCI 1;INVIMA2019EBC-0020775;CLASE IIB;DISPONIBLE;Baxter;Baxter;BIANUAL
198;199;60;Bomba de Infusion;Baxter;Evo IQ;SK20103336;105;UCI 1;UCI 1;INVIMA2019EBC-0020775;CLASE IIB;DISPONIBLE;Baxter;Baxter;BIANUAL
199;200;60;Bomba de Infusion;Baxter;Evo IQ;SK10120872;106;UCI 1;UCI 1;INVIMA2019EBC-0020775;CLASE IIB;DISPONIBLE;Baxter;Baxter;BIANUAL
200;201;60;Bomba de Infusion;Baxter;Evo IQ;SK20203663;107;UCI 1;UCI 1;INVIMA2019EBC-0020775;CLASE IIB;DISPONIBLE;Baxter;Baxter;BIANUAL
201;202;60;Bomba de Infusion;Baxter;Evo IQ;SK00713652;108;UCI 1;UCI 1;INVIMA2019EBC-0020775;CLASE IIB;DISPONIBLE;Baxter;Baxter;BIANUAL
202;203;60;Bomba de Infusion;Baxter;Evo IQ;SK20203228;109;UCI 1;UCI 1;INVIMA2019EBC-0020775;CLASE IIB;DISPONIBLE;Baxter;Baxter;BIANUAL
203;204;60;Bomba de Infusion;Baxter;Evo IQ;SK00401153;110;UCI 1;UCI 1;INVIMA2019EBC-0020775;CLASE IIB;DISPONIBLE;Baxter;Baxter;BIANUAL
204;205;60;Bomba de Infusion;Baxter;Evo IQ;SK20103274;111;UCI 1;UCI 1;INVIMA2019EBC-0020775;CLASE IIB;DISPONIBLE;Baxter;Baxter;BIANUAL
205;206;60;Bomba de Infusion;Baxter;Evo IQ;SK00212170;112;UCI 1;UCI 1;INVIMA2019EBC-0020775;CLASE IIB;DISPONIBLE;Baxter;Baxter;BIANUAL
206;207;60;Bomba de Infusion;Baxter;Evo IQ;SK00211398;113;UCI 1;UCI 1;INVIMA2019EBC-0020775;CLASE IIB;DISPONIBLE;Baxter;Baxter;BIANUAL
207;208;60;Bomba de Infusion;Baxter;Evo IQ;SK11110416;114;UCI 1;UCI 1;INVIMA2019EBC-0020775;CLASE IIB;DISPONIBLE;Baxter;Baxter;BIANUAL
208;209;60;Bomba de Infusion;Baxter;Evo IQ;SK00607042;115;UCI 1;UCI 1;INVIMA2019EBC-0020775;CLASE IIB;DISPONIBLE;Baxter;Baxter;BIANUAL
209;210;60;Bomba de Infusion;Baxter;Evo IQ;SK10125916;116;UCI 1;UCI 1;INVIMA2019EBC-0020775;CLASE IIB;DISPONIBLE;Baxter;Baxter;BIANUAL
210;211;60;Bomba de Infusion;Baxter;Evo IQ;SK00902035;117;UCI 1;UCI 1;INVIMA2019EBC-0020775;CLASE IIB;DISPONIBLE;Baxter;Baxter;BIANUAL
211;212;60;Bomba de Infusion;Baxter;Evo IQ;SK10416075;118;UCI 1;UCI 1;INVIMA2019EBC-0020775;CLASE IIB;DISPONIBLE;Baxter;Baxter;BIANUAL
212;213;60;Bomba de Infusion;Baxter;Evo IQ;SK01001189;119;UCI 1;UCI 1;INVIMA2019EBC-0020775;CLASE IIB;DISPONIBLE;Baxter;Baxter;BIANUAL
213;214;60;Bomba de Infusion;Baxter;Evo IQ;SK20203987;120;UCI 1;UCI 1;INVIMA2019EBC-0020775;CLASE IIB;DISPONIBLE;Baxter;Baxter;BIANUAL
214;215;60;Bomba de Infusion;Baxter;Evo IQ;SK01001183;121;UCI 1;UCI 1;INVIMA2019EBC-0020775;CLASE IIB;DISPONIBLE;Baxter;Baxter;BIANUAL
215;216;60;Bomba de Infusion;Baxter;Evo IQ;SK00402814;122;UCI 1;UCI 1;INVIMA2019EBC-0020775;CLASE IIB;DISPONIBLE;Baxter;Baxter;BIANUAL
216;217;60;Bomba de Infusion;Baxter;Evo IQ;SK00713690;123;UCI 1;UCI 1;INVIMA2019EBC-0020775;CLASE IIB;DISPONIBLE;Baxter;Baxter;BIANUAL
217;218;60;Bomba de Infusion;Baxter;Evo IQ;SK00402830;124;UCI 1;UCI 1;INVIMA2019EBC-0020775;CLASE IIB;DISPONIBLE;Baxter;Baxter;BIANUAL
218;219;60;Bomba de Infusion;Baxter;Evo IQ;SK11110134;125;UCI 1;UCI 1;INVIMA2019EBC-0020775;CLASE IIB;DISPONIBLE;Baxter;Baxter;BIANUAL
219;220;60;Bomba de Infusion;Baxter;Evo IQ;SK00704870;126;UCI 1;UCI 1;INVIMA2019EBC-0020775;CLASE IIB;DISPONIBLE;Baxter;Baxter;BIANUAL
220;221;60;Bomba de Infusion;Baxter;Evo IQ;SK11202796;127;UCI 1;UCI 1;INVIMA2019EBC-0020775;CLASE IIB;DISPONIBLE;Baxter;Baxter;BIANUAL
221;222;60;Bomba de Infusion;Baxter;Evo IQ;SK00519818;128;UCI 1;UCI 1;INVIMA2019EBC-0020775;CLASE IIB;DISPONIBLE;Baxter;Baxter;BIANUAL
222;223;60;Bomba de Infusion;Baxter;Evo IQ;SK00402844;129;UCI 1;UCI 1;INVIMA2019EBC-0020775;CLASE IIB;DISPONIBLE;Baxter;Baxter;BIANUAL
223;224;60;Bomba de Infusion;Baxter;Evo IQ;SK20313124;130;UCI 1;UCI 1;INVIMA2019EBC-0020775;CLASE IIB;DISPONIBLE;Baxter;Baxter;BIANUAL
224;225;60;Bomba de Infusion;Baxter;Evo IQ;SK01001135;131;UCI 1;UCI 1;INVIMA2019EBC-0020775;CLASE IIB;DISPONIBLE;Baxter;Baxter;BIANUAL
225;226;60;Bomba de Infusion;Baxter;Evo IQ;SK10112124;132;UCI 1;UCI 1;INVIMA2019EBC-0020775;CLASE IIB;DISPONIBLE;Baxter;Baxter;BIANUAL
226;227;60;Bomba de Infusion;Baxter;Evo IQ;SK01001124;133;UCI 1;UCI 1;INVIMA2019EBC-0020775;CLASE IIB;DISPONIBLE;Baxter;Baxter;BIANUAL
227;228;60;Bomba de Infusion;Baxter;Evo IQ;SK01001052;134;UCI 1;UCI 1;INVIMA2019EBC-0020775;CLASE IIB;DISPONIBLE;Baxter;Baxter;BIANUAL
228;229;60;Bomba de Infusion;Baxter;Evo IQ;SK10119465;135;UCI 1;UCI 1;INVIMA2019EBC-0020775;CLASE IIB;DISPONIBLE;Baxter;Baxter;BIANUAL
229;230;60;Bomba de Infusion;Baxter;Evo IQ;SK00619895;136;UCI 1;UCI 1;INVIMA2019EBC-0020775;CLASE IIB;DISPONIBLE;Baxter;Baxter;BIANUAL
230;231;60;Bomba de Infusion;Baxter;Evo IQ;SK01001056;137;UCI 1;UCI 1;INVIMA2019EBC-0020775;CLASE IIB;DISPONIBLE;Baxter;Baxter;BIANUAL
231;232;60;Bomba de Infusion;Baxter;Evo IQ;SK10119517;138;UCI 1;UCI 1;INVIMA2019EBC-0020775;CLASE IIB;DISPONIBLE;Baxter;Baxter;BIANUAL
232;233;60;Bomba de Infusion;Baxter;Evo IQ;SK20105913;139;UCI 1;UCI 1;INVIMA2019EBC-0020775;CLASE IIB;DISPONIBLE;Baxter;Baxter;BIANUAL
233;234;60;Bomba de Infusion;Baxter;Evo IQ;SK20201703;140;UCI 1;UCI 1;INVIMA2019EBC-0020775;CLASE IIB;DISPONIBLE;Baxter;Baxter;BIANUAL
234;235;60;Bomba de Infusion;Baxter;Evo IQ;SK00516391;141;UCI 1;UCI 1;INVIMA2019EBC-0020775;CLASE IIB;DISPONIBLE;Baxter;Baxter;BIANUAL
235;236;60;Bomba de Infusion;Baxter;Evo IQ;SK11202752;142;UCI 1;UCI 1;INVIMA2019EBC-0020775;CLASE IIB;DISPONIBLE;Baxter;Baxter;BIANUAL
236;237;60;Bomba de Infusion;Baxter;Evo IQ;SK00713643;143;UCI 1;UCI 1;INVIMA2019EBC-0020775;CLASE IIB;DISPONIBLE;Baxter;Baxter;BIANUAL
237;238;60;Bomba de Infusion;Baxter;Evo IQ;SK01001143;144;UCI 1;UCI 1;INVIMA2019EBC-0020775;CLASE IIB;DISPONIBLE;Baxter;Baxter;BIANUAL
238;239;60;Bomba de Infusion;Baxter;Evo IQ;SK20300977;145;UCI 1;UCI 1;INVIMA2019EBC-0020775;CLASE IIB;DISPONIBLE;Baxter;Baxter;BIANUAL
239;240;60;Bomba de Infusion;Baxter;Evo IQ;SK00605752;146;UCI 1;UCI 1;INVIMA2019EBC-0020775;CLASE IIB;DISPONIBLE;Baxter;Baxter;BIANUAL
240;241;60;Bomba de Infusion;Baxter;Evo IQ;SK01001864;147;UCI 1;UCI 1;INVIMA2019EBC-0020775;CLASE IIB;DISPONIBLE;Baxter;Baxter;BIANUAL
241;242;60;Bomba de Infusion;Baxter;Evo IQ;SK00615152;148;UCI 1;UCI 1;INVIMA2019EBC-0020775;CLASE IIB;DISPONIBLE;Baxter;Baxter;BIANUAL
242;243;60;Bomba de Infusion;Baxter;Evo IQ;SK11109281;149;UCI 1;UCI 1;INVIMA2019EBC-0020775;CLASE IIB;DISPONIBLE;Baxter;Baxter;BIANUAL
243;244;60;Bomba de Infusion;Baxter;Evo IQ;SK10309409;150;UCI 1;UCI 1;INVIMA2019EBC-0020775;CLASE IIB;DISPONIBLE;Baxter;Baxter;BIANUAL
244;245;60;Bomba de Infusion;Baxter;Evo IQ;SK00703207;151;UCI 1;UCI 1;INVIMA2019EBC-0020775;CLASE IIB;DISPONIBLE;Baxter;Baxter;BIANUAL
245;246;60;Bomba de Infusion;Baxter;Evo IQ;SK01001178;152;UCI 1;UCI 1;INVIMA2019EBC-0020775;CLASE IIB;DISPONIBLE;Baxter;Baxter;BIANUAL
246;247;60;Bomba de Infusion;Baxter;Evo IQ;SK00213403;153;UCI 1;UCI 1;INVIMA2019EBC-0020775;CLASE IIB;DISPONIBLE;Baxter;Baxter;BIANUAL
247;248;60;Bomba de Infusion;Baxter;Evo IQ;SK00713689;154;UCI 1;UCI 1;INVIMA2019EBC-0020775;CLASE IIB;DISPONIBLE;Baxter;Baxter;BIANUAL
248;249;60;Bomba de Infusion;Baxter;Evo IQ;SK00516388;155;UCI 1;UCI 1;INVIMA2019EBC-0020775;CLASE IIB;DISPONIBLE;Baxter;Baxter;BIANUAL
249;250;60;Bomba de Infusion;Baxter;Evo IQ;SK11202340;156;Hospitalizacion;Hospitalizacion;INVIMA2019EBC-0020775;CLASE IIB;DISPONIBLE;Baxter;Baxter;BIANUAL
250;251;60;Bomba de Infusion;Baxter;Evo IQ;SK20103506;157;Hospitalizacion;Hospitalizacion;INVIMA2019EBC-0020775;CLASE IIB;DISPONIBLE;Baxter;Baxter;BIANUAL
251;252;60;Bomba de Infusion;Baxter;Evo IQ;SK10403179;158;Hospitalizacion;Hospitalizacion;INVIMA2019EBC-0020775;CLASE IIB;DISPONIBLE;Baxter;Baxter;BIANUAL
252;253;60;Bomba de Infusion;Baxter;Evo IQ;SK01001077;159;Hospitalizacion;Hospitalizacion;INVIMA2019EBC-0020775;CLASE IIB;DISPONIBLE;Baxter;Baxter;BIANUAL
253;254;60;Bomba de Infusion;Baxter;Evo IQ;SK11110399;160;Hospitalizacion;Hospitalizacion;INVIMA2019EBC-0020775;CLASE IIB;DISPONIBLE;Baxter;Baxter;BIANUAL
254;255;60;Bomba de Infusion;Baxter;Evo IQ;SK11110494;161;Hospitalizacion;Hospitalizacion;INVIMA2019EBC-0020775;CLASE IIB;DISPONIBLE;Baxter;Baxter;BIANUAL
255;256;60;Bomba de Infusion;Baxter;Evo IQ;SK01001945;162;Hospitalizacion;Hospitalizacion;INVIMA2019EBC-0020775;CLASE IIB;DISPONIBLE;Baxter;Baxter;BIANUAL
256;257;60;Bomba de Infusion;Baxter;Evo IQ;SK00705254;163;Hospitalizacion;Hospitalizacion;INVIMA2019EBC-0020775;CLASE IIB;DISPONIBLE;Baxter;Baxter;BIANUAL
257;258;60;Bomba de Infusion;Baxter;Evo IQ;SK00713631;164;Hospitalizacion;Hospitalizacion;INVIMA2019EBC-0020775;CLASE IIB;DISPONIBLE;Baxter;Baxter;BIANUAL
258;259;60;Bomba de Infusion;Baxter;Evo IQ;SK01001282;165;Hospitalizacion;Hospitalizacion;INVIMA2019EBC-0020775;CLASE IIB;DISPONIBLE;Baxter;Baxter;BIANUAL
259;260;60;Bomba de Infusion;Baxter;Evo IQ;SK00619879;166;Hospitalizacion;Hospitalizacion;INVIMA2019EBC-0020775;CLASE IIB;DISPONIBLE;Baxter;Baxter;BIANUAL
260;261;60;Bomba de Infusion;Baxter;Evo IQ;SK01103872;167;Hospitalizacion;Hospitalizacion;INVIMA2019EBC-0020775;CLASE IIB;DISPONIBLE;Baxter;Baxter;BIANUAL
261;262;60;Bomba de Infusion;Baxter;Evo IQ;SK11111836;168;Hospitalizacion;Hospitalizacion;INVIMA2019EBC-0020775;CLASE IIB;DISPONIBLE;Baxter;Baxter;BIANUAL
262;263;60;Bomba de Infusion;Baxter;Evo IQ;SK00704461;169;Hospitalizacion;Hospitalizacion;INVIMA2019EBC-0020775;CLASE IIB;DISPONIBLE;Baxter;Baxter;BIANUAL
263;264;60;Bomba de Infusion;Baxter;Evo IQ;SK00703077;170;Hospitalizacion;Hospitalizacion;INVIMA2019EBC-0020775;CLASE IIB;DISPONIBLE;Baxter;Baxter;BIANUAL
264;265;60;Bomba de Infusion;Baxter;Evo IQ;SK00212341;171;Hospitalizacion;Hospitalizacion;INVIMA2019EBC-0020775;CLASE IIB;DISPONIBLE;Baxter;Baxter;BIANUAL
265;266;60;Bomba de Infusion;Baxter;Evo IQ;SK11201849;172;Hospitalizacion;Hospitalizacion;INVIMA2019EBC-0020775;CLASE IIB;DISPONIBLE;Baxter;Baxter;BIANUAL
266;267;60;Bomba de Infusion;Baxter;Evo IQ;SK11201563;173;Hospitalizacion;Hospitalizacion;INVIMA2019EBC-0020775;CLASE IIB;DISPONIBLE;Baxter;Baxter;BIANUAL
267;268;60;Bomba de Infusion;Baxter;Evo IQ;SK00516465;174;Hospitalizacion;Hospitalizacion;INVIMA2019EBC-0020775;CLASE IIB;DISPONIBLE;Baxter;Baxter;BIANUAL
268;269;60;Bomba de Infusion;Baxter;Evo IQ;SK11202883;175;Hospitalizacion;Hospitalizacion;INVIMA2019EBC-0020775;CLASE IIB;DISPONIBLE;Baxter;Baxter;BIANUAL
269;270;60;Bomba de Infusion;Baxter;Evo IQ;SK11202815;176;Hospitalizacion;Hospitalizacion;INVIMA2019EBC-0020775;CLASE IIB;DISPONIBLE;Baxter;Baxter;BIANUAL
270;271;60;Bomba de Infusion;Baxter;Evo IQ;SK00516401;177;Hospitalizacion;Hospitalizacion;INVIMA2019EBC-0020775;CLASE IIB;DISPONIBLE;Baxter;Baxter;BIANUAL
271;272;60;Bomba de Infusion;Baxter;Evo IQ;SK00300225;178;Hospitalizacion;Hospitalizacion;INVIMA2019EBC-0020775;CLASE IIB;DISPONIBLE;Baxter;Baxter;BIANUAL
272;273;60;Bomba de Infusion;Baxter;Evo IQ;SK00615216;179;Hospitalizacion;Hospitalizacion;INVIMA2019EBC-0020775;CLASE IIB;DISPONIBLE;Baxter;Baxter;BIANUAL
273;274;60;Bomba de Infusion;Baxter;Evo IQ;SK00604768;180;Hospitalizacion;Hospitalizacion;INVIMA2019EBC-0020775;CLASE IIB;DISPONIBLE;Baxter;Baxter;BIANUAL
274;275;60;Bomba de Infusion;Baxter;Evo IQ;SK20200703;181;Hospitalizacion;Hospitalizacion;INVIMA2019EBC-0020775;CLASE IIB;DISPONIBLE;Baxter;Baxter;BIANUAL
275;276;60;Bomba de Infusion;Baxter;Evo IQ;SK20105847;182;Hospitalizacion;Hospitalizacion;INVIMA2019EBC-0020775;CLASE IIB;DISPONIBLE;Baxter;Baxter;BIANUAL
276;277;60;Bomba de Infusion;Baxter;Evo IQ;SK01001197;183;Hospitalizacion;Hospitalizacion;INVIMA2019EBC-0020775;CLASE IIB;DISPONIBLE;Baxter;Baxter;BIANUAL
277;278;60;Bomba de Infusion;Baxter;Evo IQ;SK00606272;184;Hospitalizacion;Hospitalizacion;INVIMA2019EBC-0020775;CLASE IIB;DISPONIBLE;Baxter;Baxter;BIANUAL
278;279;60;Bomba de Infusion;Baxter;Evo IQ;SK01001161;185;Hospitalizacion;Hospitalizacion;INVIMA2019EBC-0020775;CLASE IIB;DISPONIBLE;Baxter;Baxter;BIANUAL
279;280;60;Bomba de Infusion;Baxter;Evo IQ;SK20105711;186;Hospitalizacion;Hospitalizacion;INVIMA2019EBC-0020775;CLASE IIB;DISPONIBLE;Baxter;Baxter;BIANUAL
280;281;60;Bomba de Infusion;Baxter;Evo IQ;SK11202851;187;Hospitalizacion;Hospitalizacion;INVIMA2019EBC-0020775;CLASE IIB;DISPONIBLE;Baxter;Baxter;BIANUAL
281;282;60;Bomba de Infusion;Baxter;Evo IQ;SK00615326;188;Hospitalizacion;Hospitalizacion;INVIMA2019EBC-0020775;CLASE IIB;DISPONIBLE;Baxter;Baxter;BIANUAL
282;283;60;Bomba de Infusion;Baxter;Evo IQ;SK00517525;189;Hospitalizacion;Hospitalizacion;INVIMA2019EBC-0020775;CLASE IIB;DISPONIBLE;Baxter;Baxter;BIANUAL
283;284;60;Bomba de Infusion;Baxter;Evo IQ;SK11110502;190;Hospitalizacion;Hospitalizacion;INVIMA2019EBC-0020775;CLASE IIB;DISPONIBLE;Baxter;Baxter;BIANUAL
284;285;60;Bomba de Infusion;Baxter;Evo IQ;SK11109299;191;Hospitalizacion;Hospitalizacion;INVIMA2019EBC-0020775;CLASE IIB;DISPONIBLE;Baxter;Baxter;BIANUAL
285;286;60;Bomba de Infusion;Baxter;Evo IQ;SK01001852;192;Hospitalizacion;Hospitalizacion;INVIMA2019EBC-0020775;CLASE IIB;DISPONIBLE;Baxter;Baxter;BIANUAL
286;287;60;Bomba de Infusion;Baxter;Evo IQ;SK00902178;193;Hospitalizacion;Hospitalizacion;INVIMA2019EBC-0020775;CLASE IIB;DISPONIBLE;Baxter;Baxter;BIANUAL
287;288;60;Bomba de Infusion;Baxter;Evo IQ;SK01002269;194;Hospitalizacion;Hospitalizacion;INVIMA2019EBC-0020775;CLASE IIB;DISPONIBLE;Baxter;Baxter;BIANUAL
288;289;60;Bomba de Infusion;Baxter;Evo IQ;SK01002243;195;Hospitalizacion;Hospitalizacion;INVIMA2019EBC-0020775;CLASE IIB;DISPONIBLE;Baxter;Baxter;BIANUAL
289;290;60;Bomba de Infusion;Baxter;Evo IQ;SK20103368;196;Hospitalizacion;Hospitalizacion;INVIMA2019EBC-0020775;CLASE IIB;DISPONIBLE;Baxter;Baxter;BIANUAL
290;291;60;Bomba de Infusion;Baxter;Evo IQ;SK20313354;197;Hospitalizacion;Hospitalizacion;INVIMA2019EBC-0020775;CLASE IIB;DISPONIBLE;Baxter;Baxter;BIANUAL
291;292;60;Bomba de Infusion;Baxter;Evo IQ;SK00402411;198;Hospitalizacion;Hospitalizacion;INVIMA2019EBC-0020775;CLASE IIB;DISPONIBLE;Baxter;Baxter;BIANUAL
292;293;60;Bomba de Infusion;Baxter;Evo IQ;SK00602961;199;Hospitalizacion;Hospitalizacion;INVIMA2019EBC-0020775;CLASE IIB;DISPONIBLE;Baxter;Baxter;BIANUAL
293;294;61;Bomba de Irrigacion;Conmed;10K;20212399;N.I;Cirugia;Cuarto de equipos;No especifica;No especifica;DISPONIBLE;Cosmitet Ltda.;Cosmitet Ltda.;SEMESTRAL
294;295;62;Bomba de Irrigacion;Olympus;OFP;0313937;N.I;Gastroscopia;Sala de procedimientos (torre 190);INVIMA 2019DM-0003884-R1;No especifica;DISPONIBLE;Cosmitet Ltda.;BIOMEG;SEMESTRAL
295;296;66;Bomba de Nutricion;Covidien;kangaroo;C18220582;N.I;Hospitalizacion;habitacion 501;INVIMA 2019EBC-0002096-R2;CLASE IIA;DISPONIBLE;Baxter;Baxter;BIANUAL
296;297;66;Bomba de Nutricion;Covidien;kangaroo;C19246272;N.I;UCI 1;CUBICULO 1;INVIMA 2019EBC-0002096-R2;CLASE IIA;DISPONIBLE;Baxter;Baxter;BIANUAL
297;298;66;Bomba de Nutricion;Covidien;kangaroo;C19246279;N.I;Hospitalizacion;Hobitacion 504;INVIMA 2019EBC-0002096-R2;CLASE IIA;DISPONIBLE;Baxter;Baxter;BIANUAL
298;299;66;Bomba de Nutricion;Covidien;kangaroo;C19246229;N.I;Hospitalizacion;Habitacion 408;INVIMA 2019EBC-0002096-R2;CLASE IIA;DISPONIBLE;Baxter;Baxter;BIANUAL
299;300;66;Bomba de Nutricion;Covidien;kangaroo;C19246289;N.I;Hospitalizacion;Casa dr. Duarte;INVIMA 2019EBC-0002096-R2;CLASE IIA;DISPONIBLE;Baxter;Baxter;BIANUAL
300;301;66;Bomba de Nutricion;Covidien;kangaroo;C19246233 /#13;N.I;Hospitalizacion;Habitacion 404;INVIMA 2019EBC-0002096-R2;CLASE IIA;DISPONIBLE;Baxter;Baxter;BIANUAL
301;302;64;Bomba de Nutricion;Covidien;Kangaro;C18220458 / #12;N.I;Hospitalizacion;habitacion 508;INVIMA 2019EBC-0002096-R2;CLASE IIA;DISPONIBLE;Baxter;Baxter;BIANUAL
302;303;66;Bomba de Nutricion;Covidien;kangaroo;C19246270;N.I;UCI 2;Cubiculo 16;INVIMA 2019EBC-0002096-R2;CLASE IIA;DISPONIBLE;Baxter;Baxter;N/A
303;304;66;Bomba de Nutricion;Covidien;kangaroo;C19246283;N.I;UCI 2;Cubiculo 21;INVIMA 2019EBC-0002096-R2;CLASE IIA;DISPONIBLE;Baxter;Baxter;BIANUAL
304;305;66;Bomba de Nutricion;Covidien;kangaroo;C18220593;N.I;Hospitalizacion;habitacion 523;INVIMA 2019EBC-0002096-R2;CLASE IIA;DISPONIBLE;Baxter;Baxter;BIANUAL
305;306;66;Bomba de Nutricion;Covidien;kangaroo;C19246227;N.I;Hospitalizacion;habitacion 507;INVIMA 2019EBC-0002096-R2;CLASE IIA;DISPONIBLE;Baxter;Baxter;BIANUAL
306;307;66;Bomba de Nutricion;Covidien;kangaroo;C19246242;N.I;UCI 1;Cubiculo 10;INVIMA 2019EBC-0002096-R2;CLASE IIA;DISPONIBLE;Baxter;Baxter;BIANUAL
307;308;66;Bomba de Nutricion;Covidien;kangaroo;C19246252;N.I;Hospitalizacion;Habitacion 406;INVIMA 2019EBC-0002096-R2;CLASE IIA;DISPONIBLE;Baxter;Baxter;BIANUAL
308;309;63;Bomba de Nutricion;Covidien;Cangaroo;C19246280;N.I;UCI 2;Cubiculo 17;INVIMA 2019EBC-0002096-R2;CLASE IIA;DISPONIBLE;Baxter;Baxter;ANUAL
309;310;63;Bomba de Nutricion;Covidien;Cangaroo;C19246271;N.I;Hospitalizacion;habitacion 509;INVIMA 2019EBC-0002096-R2;CLASE IIA;DISPONIBLE;Baxter;Baxter;ANUAL
310;311;63;Bomba de Nutricion;Covidien;Cangaroo;C19246245;N.I;UCI 2;Cubiculo 25;INVIMA 2019EBC-0002096-R2;CLASE IIA;DISPONIBLE;Baxter;Baxter;ANUAL
311;312;63;Bomba de Nutricion;Covidien;Cangaroo;C19246277 / #26;N.I;UCI 2;No especifica;INVIMA 2019EBC-0002096-R2;CLASE IIA;DISPONIBLE;Baxter;Baxter;ANUAL
312;313;63;Bomba de Nutricion;Covidien;Cangaroo;C19246575 / #5;N.I;UCI 2;No especifica;INVIMA 2019EBC-0002096-R2;CLASE IIA;DISPONIBLE;Baxter;Baxter;ANUAL
313;314;63;Bomba de Nutricion;Covidien;Cangaroo;C19246239 / # 4;N.I;UCI 2;UCI 2;INVIMA 2019EBC-0002096-R2;CLASE IIA;DISPONIBLE;Baxter;Baxter;BIANUAL
314;315;66;Bomba de Nutricion;Covidien;kangaroo;C19246278;N.I;UCI 2;Cubiculo 30;INVIMA 2019EBC-0002096-R2;CLASE IIA;DISPONIBLE;Baxter;Baxter;BIANUAL
315;316;63;Bomba de Nutricion;Covidien;Cangaroo;C19246284;N.I;Hospitalizacion;Habitacion 402;INVIMA 2019EBC-0002096-R2;CLASE IIA;DISPONIBLE;Baxter;Baxter;ANUAL
316;317;64;Bomba de Nutricion;Covidien;Kangaro;C19246294 /#20;N.I;UCI 2;Cubiculo 15;INVIMA 2019EBC-0002096-R2;CLASE IIA;DISPONIBLE;Baxter;Baxter;ANUAL
317;318;66;Bomba de Nutricion;Covidien;kangaroo;C19246268;N.I;UCI 1;Cubiculo 04;INVIMA 2019EBC-0002096-R2;CLASE IIA;DISPONIBLE;Baxter;Baxter;ANUAL
318;319;66;Bomba de Nutricion;Covidien;kangaroo;C18220562;N.I;Hospitalizacion;Habitacion 411;INVIMA 2019EBC-0002096-R2;CLASE IIA;DISPONIBLE;Baxter;Baxter;ANUAL
319;320;65;Bomba de Nutricion;Covidien;Kangaroo;C19246274;AB.76279;Urgencias;Obs. camilla # 8;INVIMA 2019EBC-0002096-R2;CLASE IIA;DISPONIBLE;Baxter;Baxter;BIANUAL
320;321;67;CaBina de Seguridad Biologica;AIRR 100;CSBS 0.90-IIA2CR18;20190919;N2238;Laboratorio;Microbiologia;No especifica;No especifica;DISPONIBLE;Cosmitet Ltda.;SUKHI;ANUAL
321;322;68;Calcusplit;Karl Storz;276300 20;MO1298;AF 30966;Cirugia;Cuarto de equipos;No especifica;No especifica;DISPONIBLE;Cosmitet Ltda.;Cosmitet Ltda.;ANUAL
322;323;69;Calentador de liquidos;Steris;N.I;432022003;N9011;Cirugia;Pasillo salas de cirugia;INVIMA 2022DM-0025810;No especifica;DISPONIBLE;Cosmitet Ltda.;Surgiplast;SEMESTRAL
323;324;80;Cama Hospitalaria;Mafet;ta23-2603-003;N.I;N3664;Hospitalizacion;Habitacion 402;INVIMA 2024DM-0012181-R1;CLASE I;DISPONIBLE;Cosmitet Ltda.;Cosmitet Ltda.;ANUAL
324;325;80;Cama Hospitalaria;Mafet;ta23-2603-003;202101080606;n3405;Hospitalizacion;Habitacion 801;INVIMA 2024DM-0012033-R1;CLASE I;DISPONIBLE;Cosmitet Ltda.;Cosmitet Ltda.;ANUAL
325;326;80;Cama Hospitalaria;Mafet;ta23-2603-003;202101080592;n3404;Hospitalizacion;Habitacion 802;INVIMA 2024DM-0012033-R1;CLASE I;DISPONIBLE;Cosmitet Ltda.;Cosmitet Ltda.;ANUAL
326;327;80;Cama Hospitalaria;Mafet;ta23-2603-003;202101080591;n3395;Hospitalizacion;habitacion 807;INVIMA 2024DM-0012033-R1;CLASE I;DISPONIBLE;Cosmitet Ltda.;Cosmitet Ltda.;ANUAL
327;328;80;Cama Hospitalaria;Mafet;ta23-2603-003;202101080762;n3402;Hospitalizacion;habitacion 804;INVIMA 2024DM-0012033-R1;CLASE I;DISPONIBLE;Cosmitet Ltda.;Cosmitet Ltda.;ANUAL
328;329;80;Cama Hospitalaria;Mafet;ta23-2603-003;202101080716;n3403;Oncologia;Oncologia;INVIMA 2024DM-0012033-R1;CLASE I;DISPONIBLE;Cosmitet Ltda.;Cosmitet Ltda.;ANUAL
329;330;80;Cama Hospitalaria;Mafet;ta23-2603-003;202101080554;n3398;UCI 2;CUBICULO 16;INVIMA 2024DM-0012033-R1;CLASE I;DISPONIBLE;Cosmitet Ltda.;SUKHI;SEMESTRAL
330;331;80;Cama Hospitalaria;Mafet;ta23-2603-003;202101080638;N3397;Hospitalizacion;habitacion 803;INVIMA 2024DM-0012033-R1;CLASE I;DISPONIBLE;Cosmitet Ltda.;Cosmitet Ltda.;ANUAL
331;332;80;Cama Hospitalaria;Mafet;ta23-2603-003;202101080565;n3399;Hospitalizacion;Habitacion 809;INVIMA 2024DM-0012033-R1;CLASE I;DISPONIBLE;Cosmitet Ltda.;Cosmitet Ltda.;ANUAL
332;333;80;Cama Hospitalaria;Mafet;ta23-2603-003;202101080747;n3396;Hospitalizacion;habitaciOn 808;INVIMA 2024DM-0012033-R1;CLASE I;DISPONIBLE;Cosmitet Ltda.;Cosmitet Ltda.;ANUAL
333;334;80;Cama Hospitalaria;Mafet;ta23-2603-003;202101080600;n3400;Hospitalizacion;Habitacion 806;INVIMA 2024DM-0012033-R1;CLASE I;DISPONIBLE;Cosmitet Ltda.;Cosmitet Ltda.;ANUAL
334;335;80;Cama Hospitalaria;Mafet;ta23-2603-003;202101080136;N3656;Hospitalizacion;Habitacion 405;INVIMA 2024DM-0012033-R1;CLASE I;DISPONIBLE;Cosmitet Ltda.;Cosmitet Ltda.;ANUAL
335;336;76;Cama Hospitalaria;MB;mb11-2;7846;N.I;Hospitalizacion;Habitacion 522;INVIMA 2024DM-0012181-R1;CLASE I;DISPONIBLE;Cosmitet Ltda.;Cosmitet Ltda.;ANUAL
336;337;76;Cama Hospitalaria;MB;mb11-2;7848;N.I;Hospitalizacion;Habitacion 510;INVIMA 2024DM-0012181-R1;CLASE I;DISPONIBLE;Cosmitet Ltda.;Cosmitet Ltda.;ANUAL
337;338;80;Cama Hospitalaria;Mafet;ta23-2603-003;202101080065;n3665;Hospitalizacion;habitacion #606;INVIMA 2024DM-0012033-R1;CLASE I;DISPONIBLE;Cosmitet Ltda.;Cosmitet Ltda.;ANUAL
338;339;76;Cama Hospitalaria;MB;mb11-2;7849;N.I;Hospitalizacion;habitacion 415;INVIMA 2024DM-0012181-R1;CLASE I;DISPONIBLE;Cosmitet Ltda.;Cosmitet Ltda.;ANUAL
339;340;80;Cama Hospitalaria;Mafet;ta23-2603-003;202101080284;n3659;UCI Pediatrica;Uci pediatrica;INVIMA 2024DM-0012033-R1;CLASE I;DISPONIBLE;Cosmitet Ltda.;Cosmitet Ltda.;ANUAL
340;341;80;Cama Hospitalaria;Mafet;ta23-2603-003;202101080040;N3658;UCI Pediatrica;Uci pediatrica;INVIMA 2024DM-0012033-R1;CLASE I;DISPONIBLE;Cosmitet Ltda.;Cosmitet Ltda.;ANUAL
341;342;80;Cama Hospitalaria;Mafet;ta23-2603-003;202101050018;n3661;Hospitalizacion;Habitacion 525;INVIMA 2024DM-0012033-R1;CLASE I;DISPONIBLE;Cosmitet Ltda.;Cosmitet Ltda.;ANUAL
342;343;76;Cama Hospitalaria;MB;mb11-2;7847;N.I;Hospitalizacion;Hobitacion 414;INVIMA 2024DM-0012181-R1;CLASE I;DISPONIBLE;Cosmitet Ltda.;Cosmitet Ltda.;ANUAL
343;344;76;Cama Hospitalaria;MB;mb11-2;7845;N.I;Hospitalizacion;Habitacion 408;INVIMA 2024DM-0012181-R1;CLASE I;DISPONIBLE;Cosmitet Ltda.;Cosmitet Ltda.;ANUAL
344;345;76;Cama Hospitalaria;MB;mb11-2;7850;N.I;Hospitalizacion;Habitacion 507;INVIMA 2024DM-0012181-R1;CLASE I;DISPONIBLE;Cosmitet Ltda.;Cosmitet Ltda.;ANUAL
345;346;76;Cama Hospitalaria;MB;mb11-2;7841;N.I;Hospitalizacion;Habitacion 524;INVIMA 2024DM-0012181-R1;CLASE I;DISPONIBLE;Cosmitet Ltda.;Cosmitet Ltda.;ANUAL
346;347;76;Cama Hospitalaria;MB;mb11-2;7844;N.I;Hospitalizacion;Habitacion 526;INVIMA 2024DM-0012181-R1;CLASE I;DISPONIBLE;Cosmitet Ltda.;Cosmitet Ltda.;ANUAL
347;348;81;Cama Hospitalaria;Mafet;ta23-series;202101080641;N3401;Hospitalizacion;Habitacion 514;INVIMA 2024DM-0012033-R1;CLASE I;DISPONIBLE;Cosmitet Ltda.;Cosmitet Ltda.;ANUAL
348;349;83;Cama Hospitalaria;Mubi;Lynix;84615;N4697;UCI 2;Cubiculo 22;INVIMA 2014DM-0010936;CLASE I;DISPONIBLE;Cosmitet Ltda.;SUKHI;SEMESTRAL
349;350;87;Cama Hospitalaria;Stryker;Intouch;U04306;N.I;UCIN;Cubiculo 5;INVIMA 2023DM-0026461;CLASE I;DISPONIBLE;Cosmitet Ltda.;SUKHI;SEMESTRAL
350;351;81;Cama Hospitalaria;Mafet;ta23-series;202101080141;N3660;UCI Pediatrica;Uci peditrica;INVIMA 2024DM-0012033-R1;CLASE I;DISPONIBLE;Cosmitet Ltda.;Cosmitet Ltda.;ANUAL
351;352;83;Cama Hospitalaria;Mubi;Lynix;91696;N8499;UCI 2;Cubiculo 16;INVIMA 2014DM-0010936;CLASE I;DISPONIBLE;Cosmitet Ltda.;Cosmitet Ltda.;ANUAL
352;353;81;Cama Hospitalaria;Mafet;ta23-series;202101080247;N3662;Hospitalizacion;habitacion 407;INVIMA 2024DM-0012033-R1;CLASE I;DISPONIBLE;Cosmitet Ltda.;Cosmitet Ltda.;ANUAL
353;354;81;Cama Hospitalaria;Mafet;ta23-series;20210180022;N3657;Hospitalizacion;habitacion 419;INVIMA 2024DM-0012033-R1;CLASE I;DISPONIBLE;Cosmitet Ltda.;Cosmitet Ltda.;ANUAL
354;355;75;Cama Hospitalaria;MB;mb-112;7855;n3391;Hospitalizacion;habitacion 409;INVIMA 2024DM-0012181-R1;CLASE I;DISPONIBLE;Cosmitet Ltda.;Cosmitet Ltda.;ANUAL
355;356;76;Cama Hospitalaria;MB;mb11-2;7854;N.I;Hospitalizacion;habitacion 421;INVIMA 2024DM-0012181-R1;CLASE I;DISPONIBLE;Cosmitet Ltda.;Cosmitet Ltda.;ANUAL
356;357;76;Cama Hospitalaria;MB;mb11-2;7853;N.I;Hospitalizacion;habitacion 406;INVIMA 2024DM-0012181-R1;CLASE I;DISPONIBLE;Cosmitet Ltda.;Cosmitet Ltda.;ANUAL
357;358;76;Cama Hospitalaria;MB;mb11-2;7852;N.I;Hospitalizacion;habitacion 423;INVIMA 2024DM-0012181-R1;CLASE I;DISPONIBLE;Cosmitet Ltda.;Cosmitet Ltda.;ANUAL
358;359;76;Cama Hospitalaria;MB;mb11-2;7843;N.I;Hospitalizacion;habitacion 516;INVIMA 2024DM-0012181-R1;CLASE I;DISPONIBLE;Cosmitet Ltda.;Cosmitet Ltda.;ANUAL
359;360;81;Cama Hospitalaria;Mafet;ta23-series;202101080121;N3663;Hospitalizacion;Pasillo;INVIMA 2024DM-0012033-R1;CLASE I;DISPONIBLE;Cosmitet Ltda.;Cosmitet Ltda.;ANUAL
360;361;77;Cama Hospitalaria;Mafet;Electrica;P0001;N3467;Partos;Observacion Partos;INVIMA 2024DM-0012033-R1;CLASE I;DISPONIBLE;Cosmitet Ltda.;Cosmitet Ltda.;ANUAL
361;362;83;Cama Hospitalaria;Mubi;Lynix;82305;N4701;UCI 2;Cubiculo 23;INVIMA 2014DM-0010936;CLASE I;DISPONIBLE;Cosmitet Ltda.;SUKHI;ANUAL
362;363;83;Cama Hospitalaria;Mubi;Lynix;84610;N4704;UCIN;Cubiculo 3;INVIMA 2014DM-0010936;CLASE I;DISPONIBLE;Cosmitet Ltda.;Cosmitet Ltda.;ANUAL
363;364;83;Cama Hospitalaria;Mubi;Lynix;91139;N6207;UCI 2;Cubiculo 30;INVIMA 2014DM-0010936;CLASE I;DISPONIBLE;Cosmitet Ltda.;Cosmitet Ltda.;SEMESTRAL
364;365;77;Cama Hospitalaria;Mafet;Electrica;P0002;N3464;Hospitalizacion;Observacion Partos;INVIMA 2024DM-0012033-R1;CLASE I;DISPONIBLE;Cosmitet Ltda.;Cosmitet Ltda.;ANUAL
365;366;87;Cama Hospitalaria;Stryker;Intouch;U03262;N2367;UCI 2;Cubiculo 26;INVIMA 2023DM-0026461;CLASE I;BAJA;Cosmitet Ltda.;Cosmitet Ltda.;ANUAL
366;367;77;Cama Hospitalaria;Mafet;Electrica;P0003;N3465;Hospitalizacion;Observacion Partos;INVIMA 2024DM-0012033-R1;CLASE I;DISPONIBLE;Cosmitet Ltda.;Cosmitet Ltda.;ANUAL
367;368;71;Cama Hospitalaria;L&K;Hb54-c2;UCIC0010;V107668;UCI 1;Cubiculo 13;INVIMA 2014DM-0011235;CLASE I;DISPONIBLE;Cosmitet Ltda.;Cosmitet Ltda.;ANUAL
368;369;70;Cama Hospitalaria;L&K;Hb54-c1;UCIC0011;V107691;UCI 2;Cubiculo 15;INVIMA 2014DM-0011235;CLASE I;DISPONIBLE;Cosmitet Ltda.;Cosmitet Ltda.;ANUAL
369;370;71;Cama Hospitalaria;L&K;Hb54-c2;UCIC0007;2001000238;UCI 2;Cubiculo 24;INVIMA 2014DM-0011235;CLASE I;BAJA;Cosmitet Ltda.;Cosmitet Ltda.;ANUAL
370;371;87;Cama Hospitalaria;Stryker;Intouch;u02649;N2112;UCI 1;Bodega biomedico;INVIMA 2023DM-0026461;CLASE I;BAJA;Cosmitet Ltda.;Cosmitet Ltda.;ANUAL
371;372;70;Cama Hospitalaria;L&K;Hb54-c1;UCIC0009;V107666;UCI 1;Cubiculo 7- BODEGA 3 PISO;INVIMA 2014DM-0011235;CLASE I;BAJA;Cosmitet Ltda.;Cosmitet Ltda.;ANUAL
372;373;84;Cama Hospitalaria;Mubi;Lynix essential;99249;N8331;UCI 1;Cubiculo 4;INVIMA 2014DM-0010936;CLASE I;DISPONIBLE;Cosmitet Ltda.;Cosmitet Ltda.;SEMESTRAL
373;374;70;Cama Hospitalaria;L&K;Hb54-c1;N.I;V110971;UCI 2;Cubiculo 17;INVIMA 2014DM-0011235;CLASE I;BAJA;Cosmitet Ltda.;Cosmitet Ltda.;ANUAL
374;375;83;Cama Hospitalaria;Mubi;Lynix;84612;N4705;UCI 1;Cubiculo 09;INVIMA 2014DM-0010936;CLASE I;DISPONIBLE;Cosmitet Ltda.;SUKHI;SEMESTRAL
375;376;87;Cama Hospitalaria;Stryker;Intouch;U04530;V107664;UCI 1;cubiculo 08;INVIMA 2023DM-0026461;CLASE I;BAJA;Cosmitet Ltda.;Cosmitet Ltda.;ANUAL
376;377;87;Cama Hospitalaria;Stryker;Intouch;U05609;N2113;UCI 1;Cubiculo 3;INVIMA 2023DM-0026461;CLASE I;BAJA;Cosmitet Ltda.;Cosmitet Ltda.;ANUAL
377;378;87;Cama Hospitalaria;Stryker;Intouch;U55384;N2369;UCI 1;CUBICULO 1;INVIMA 2023DM-0026461;CLASE I;BAJA;Cosmitet Ltda.;Cosmitet Ltda.;ANUAL
378;379;70;Cama Hospitalaria;L&K;Hb54-c1;UCIC0008;V109602;UCIN;cubiculo 4;INVIMA 2014DM-0011235;CLASE I;BAJA;Cosmitet Ltda.;Cosmitet Ltda.;ANUAL
379;380;81;Cama Hospitalaria;Mafet;ta23-series;202101080107;N3466;UCI Pediatrica;Cubiculo de aislamiento 1;INVIMA 2024DM-0012033-R1;CLASE I;DISPONIBLE;Cosmitet Ltda.;Cosmitet Ltda.;ANUAL
380;381;72;Cama Hospitalaria;L&K;N.I;UCIC0014;V107690;UCI 1;Cubiculo 3- BODEGA 3 PISO;INVIMA 2014DM-0011235;CLASE I;BAJA;Cosmitet Ltda.;Cosmitet Ltda.;ANUAL
381;382;74;Cama Hospitalaria;L&K;hb54-c1;UCIC0015;V109627;UCI 1;Cubiculo 10- BODEGA 3 PISO;INVIMA 2014DM-0011235;CLASE I;BAJA;Cosmitet Ltda.;Cosmitet Ltda.;ANUAL
382;383;78;Cama Hospitalaria;Mafet;N.I;N.I;N3463;UCI 1;Cubiculo 1- BODEGA 3 PISO;INVIMA 2024DM-0012033-R1;CLASE I;DISPONIBLE;Cosmitet Ltda.;Cosmitet Ltda.;ANUAL
383;384;74;Cama Hospitalaria;L&K;hb54-c1;UCIC0013;2001000236;UCI 1;Cubiculo 8- BODEGA 3 PISO;INVIMA 2014DM-0011235;CLASE I;BAJA;Cosmitet Ltda.;Cosmitet Ltda.;ANUAL
384;385;83;Cama Hospitalaria;Mubi;Lynix;84611;N4709;UCI 1;Cubiculo 4- BODEGA 3 PISO;INVIMA 2014DM-0010936;CLASE I;DISPONIBLE;Cosmitet Ltda.;SUKHI;SEMESTRAL
385;386;83;Cama Hospitalaria;Mubi;Lynix;84618;N4706;UCI 1;Cubiculo 6- BODEGA 3 PISO;INVIMA 2014DM-0010936;CLASE I;DISPONIBLE;Cosmitet Ltda.;SUKHI;SEMESTRAL
386;387;83;Cama Hospitalaria;Mubi;Lynix;84614;N4707;UCIN;Cubiculo 6;INVIMA 2014DM-0010936;CLASE I;DISPONIBLE;Cosmitet Ltda.;Cosmitet Ltda.;ANUAL
387;388;74;Cama Hospitalaria;L&K;hb54-c1;UCIC0016;V107669;UCI 1;Cubiculo 2- BODEGA 3 PISO;INVIMA 2014DM-0011235;CLASE I;BAJA;Cosmitet Ltda.;Cosmitet Ltda.;ANUAL
388;389;76;Cama Hospitalaria;MB;mb11-2;7851;N.I;Hospitalizacion;Habitacion 512;INVIMA 2024DM-0012181-R1;CLASE I;DISPONIBLE;Cosmitet Ltda.;Cosmitet Ltda.;SEMESTRAL
389;390;74;Cama Hospitalaria;L&K;hb54-c1;UCIC0019;v107667;UCI 1;Cubiculo 4;INVIMA 2014DM-0011235;CLASE I;DISPONIBLE;Cosmitet Ltda.;Cosmitet Ltda.;SEMESTRAL
390;391;85;Cama Hospitalaria;Mubi;linix;84616;N4700;UCI 2;Cubiculo 22;INVIMA 2024DM-0012181-R1;CLASE I;DISPONIBLE;Cosmitet Ltda.;SUKHI;ANUAL
391;392;85;Cama Hospitalaria;Mubi;linix;84617;N4708;UCIN;Cubiculo 2;INVIMA 2024DM-0012181-R1;CLASE I;DISPONIBLE;Cosmitet Ltda.;Cosmitet Ltda.;ANUAL
392;393;85;Cama Hospitalaria;Mubi;linix;84619;N4698;UCI 2;Cubiculo 17;INVIMA 2024DM-0012181-R1;CLASE I;DISPONIBLE;Cosmitet Ltda.;SUKHI;ANUAL
393;394;74;Cama Hospitalaria;L&K;hb54-c1;UCIC0005;V111502;UCI 1;Cubiculo 2;INVIMA 2014DM-0011235;CLASE I;DISPONIBLE;Cosmitet Ltda.;SUKHI;ANUAL
394;395;85;Cama Hospitalaria;Mubi;linix;91137;N6208;UCI 1;cubiculo 10;INVIMA 2024DM-0012181-R1;CLASE I;DISPONIBLE;Cosmitet Ltda.;SUKHI;SEMESTRAL
395;396;73;Cama Hospitalaria;L&K;hb-54-c1;UCIC0018;v109610;UCI 1;cubiculo 12;INVIMA 2014DM-0011235;CLASE I;BAJA;Cosmitet Ltda.;Cosmitet Ltda.;ANUAL
396;397;83;Cama Hospitalaria;Mubi;Lynix;91138;N6209;UCI 2;cubiculo 19;INVIMA 2014DM-0010936;CLASE I;DISPONIBLE;Cosmitet Ltda.;Cosmitet Ltda.;SEMESTRAL
397;398;70;Cama Hospitalaria;L&K;Hb54-c1;UCIC0017;v111500;UCI 1;Cubiculo 6;INVIMA 2014DM-0011235;CLASE I;BAJA;Cosmitet Ltda.;Cosmitet Ltda.;ANUAL
398;399;83;Cama Hospitalaria;Mubi;Lynix;84609;N4703;UCI 2;Cubiculo 20;INVIMA 2014DM-0010936;CLASE I;DISPONIBLE;Cosmitet Ltda.;Cosmitet Ltda.;SEMESTRAL
399;400;87;Cama Hospitalaria;Stryker;Intouch;T02574;v107661;UCI 2;Cubiculo 19;INVIMA 2023DM-0026461;CLASE I;BAJA;Cosmitet Ltda.;Cosmitet Ltda.;ANUAL
400;401;74;Cama Hospitalaria;L&K;hb54-c1;UCIC0006;V110968;UCIN;Cubiculo 8;INVIMA 2014DM-0011235;CLASE I;BAJA;Cosmitet Ltda.;SUKHI;SEMESTRAL
401;402;74;Cama Hospitalaria;L&K;hb54-c1;UCIC0002;N.I;UCI 1;cubiculo 11;INVIMA 2014DM-0011235;CLASE I;DISPONIBLE;Cosmitet Ltda.;Cosmitet Ltda.;ANUAL
402;403;83;Cama Hospitalaria;Mubi;Lynix;84613;N4702;UCI 1;cubiculo 2;INVIMA 2014DM-0010936;CLASE I;DISPONIBLE;Cosmitet Ltda.;SUKHI;SEMESTRAL
403;404;87;Cama Hospitalaria;Stryker;Intouch;U04529;N2370;UCI 2;CUBICULO 18;INVIMA 2023DM-0026461;CLASE I;BAJA;Cosmitet Ltda.;Cosmitet Ltda.;SEMESTRAL
404;405;87;Cama Hospitalaria;Stryker;Intouch;U04546;v107663;UCI 2;ucis;INVIMA 2023DM-0026461;CLASE I;BAJA;Cosmitet Ltda.;Cosmitet Ltda.;ANUAL
405;406;86;Cama Hospitalaria;Mubi;lynix;84608;N4699;UCI 1;Cubiculo 5;INVIMA 2024DM-0012181-R1;CLASE I;DISPONIBLE;Cosmitet Ltda.;Cosmitet Ltda.;ANUAL
406;407;82;Cama Hospitalaria;Mafet;tc1-s3nb-4;202005191012;N3077;UCI 1;cubiculo 5- BODEGA 3 PISO;INVIMA 2024DM-0012033-R1;CLASE I;DISPONIBLE;Cosmitet Ltda.;Cosmitet Ltda.;ANUAL
407;408;74;Cama Hospitalaria;L&K;hb54-c1;UCIC0003;v109629;UCI 1;cubiculo 7;INVIMA 2014DM-0011235;CLASE I;DISPONIBLE;Cosmitet Ltda.;SUKHI;SEMESTRAL
408;409;74;Cama Hospitalaria;L&K;hb54-c1;UCIC0004;V107694;UCI 1;cubiculo 11;INVIMA 2014DM-0011235;CLASE I;BAJA;Cosmitet Ltda.;Cosmitet Ltda.;ANUAL
409;410;74;Cama Hospitalaria;L&K;hb54-c1;UCIC0001;V109608;UCI 2;cubiculo 27;INVIMA 2014DM-0011235;CLASE I;DISPONIBLE;Cosmitet Ltda.;Cosmitet Ltda.;ANUAL
410;411;74;Cama Hospitalaria;L&K;hb54-c1;UCIC0012;v108537;UCI 1;cubiculo 7;INVIMA 2014DM-0011235;CLASE I;BAJA;Cosmitet Ltda.;Cosmitet Ltda.;ANUAL
411;412;88;Camara;Conmed;im8120;20150608;N.A.;Cirugia;Cuarto de equipos;No especifica;No especifica;DISPONIBLE;Bioart;BIOART;No especifica
412;413;88;Camara;Conmed;im8120;20210501;N.A.;Cirugia;Cuarto de equipos;No especifica;No especifica;DISPONIBLE;Cosmitet Ltda.;Cosmitet Ltda.;No especifica
413;414;96;Centrifuga;LW Scientific;LWS COMBO V24T;1210290;V100954;Banco de Sangre;Area de infecciosas;No aplica (ACTA No. 07 Junio 10 de 2009);No Aplica;DISPONIBLE;Cosmitet Ltda.;Cosmitet Ltda.;ANUAL
414;415;89;Centrifuga;Bio-Rad;ID CENTRIFUGE 12 S II;2005858;N.I;Banco de Sangre;Inmunohematologia;No aplica (ACTA No. 07 Junio 10 de 2009);No especifica;DISPONIBLE;Biocientifica;Biocientifica;SEMESTRAL
415;416;90;Centrifuga;Boeco;C-28A;0000408-07;N3889;Laboratorio;Centrifugacion;INVIMA 2014DM-0011507;CLASE I;DISPONIBLE;Cosmitet Ltda.;SUKHI;ANUAL
416;417;91;Centrifuga;DRUCKER;614B;570106-4;N.I;Laboratorio;Centrifugacion;INVIMA 2023DM-0011937-R1;CLASE I;DISPONIBLE;Cosmitet Ltda.;SUKHI;ANUAL
417;418;93;Centrifuga;Hanil;FLETA 40;HICMF222021602015;N8935;Laboratorio;Toma de Muestras Ferrocarriles;INVIMA 2014DM-0011166;CLASE I;DISPONIBLE;Cosmitet Ltda.;Cosmitet Ltda.;ANUAL
418;419;92;Centrifuga;HETTICH;ROTOFIX 32A;12122;N11152;Laboratorio;Toma de Muestras IPS Tequendama;INVIMA 2023DM-0027417;CLASE I;DISPONIBLE;Cosmitet Ltda.;Cosmitet Ltda.;ANUAL
419;420;95;Centrifuga;INDULAB;SPECIAL 004-E;11118;N.I;Laboratorio;Centrifugacion;INVIMA 2014DM-0012039;No especifica;BAJA;Cosmitet Ltda.;Cosmitet Ltda.;ANUAL
420;421;97;Centrifuga;LW Scientific;LWS-COMBO-V-24T;TBX-18030065;N1781;Laboratorio;Toma de Muestras Bosque;No aplica (ACTA No. 07 Junio 10 de 2009);No Aplica;DISPONIBLE;Cosmitet Ltda.;Cosmitet Ltda.;ANUAL
421;422;94;Centrifuga;Hanil;Serospin;hicme323011601002;n10088;Banco de Sangre;separacion de componentes;INVIMA 2014DM-0012039;No especifica;DISPONIBLE;Cosmitet Ltda.;Cosmitet Ltda.;ANUAL
422;423;98;Centrifuga Refrigerada;PRESVAC;DP-2065 R PLUS;11071;N.I;Banco de Sangre;AREA DE COMPONENTES;INVIMA 2014DM-0012039;No especifica;DISPONIBLE;Cosmitet Ltda.;No especifica;ANUAL
423;424;99;Cicloergometro;No especifica;n.i;n.i;N.I;Hospitalizacion;cuarto de rehabilitacion;N.A;No especifica;Mantenimiento;Cosmitet Ltda.;Cosmitet Ltda.;ANUAL
424;425;100;Compresor vascular;Covidien;Kendall SCD 700 Series;V2230880SX;N10087;UCI 1;Cubiculo 2;INVIMA 2022DM-0025539;No especifica;DISPONIBLE;Cosmitet Ltda.;Cosmitet Ltda.;ANUAL
425;426;101;Conector esteril;Terumo;T-SCDII;1910031;N.I;Banco de Sangre;Separacion de Componentes;N.A;No especifica;DISPONIBLE;Terumo;Terumo;ANUAL
426;427;105;Congelador de Plasma Fresco;No especifica;N.I.;CRD-CG-04;2026000001;Banco de Sangre;Cuarto de Refrigeracion;INVIMA 2022DM-0025541;No especifica;DISPONIBLE;Cosmitet Ltda.;Biomedica del Valle;CUATRIMESTRAL
427;428;104;Congelador de Plasma Fresco;No especifica;N.I;CRD-CG-02;N.I;Banco de Sangre;Cuarto de Refrigeracion;INVIMA 2022DM-0025542;No especifica;DISPONIBLE;Cosmitet Ltda.;Biomedica del Valle;CUATRIMESTRAL
428;429;103;Congelador Seroteca;No especifica;N.I;CRD-CG-03;N.I;Banco de Sangre;Cuarto de Refrigeracion;INVIMA 2022DM-0025543;No especifica;DISPONIBLE;Cosmitet Ltda.;Biomedica del Valle;CUATRIMESTRAL
429;430;106;Consola de artroscopia;Conmed;Drive System D4000;20212937;N.I;Cirugia;Cuarto de equipos;INVIMA 2022DM-0025544;No especifica;DISPONIBLE;Cosmitet Ltda.;Cosmitet Ltda.;SEMESTRAL
430;431;107;Consola de contrapulsacion;arrow;ac1plus;80620a;1016000174;UCI 1;cuatro de equipos;INVIMA 2010EBC-0006745;No especifica;DISPONIBLE;Cosmitet Ltda.;Cosmitet Ltda.;ANUAL
431;432;609;consola quirurgica;Stryker;TPS;313400673;N.I.;Cirugia;Cuarto de equipos;No especifica;No especifica;DISPONIBLE;Cosmitet Ltda.;Cosmitet Ltda.;No especifica
432;433;609;consola quirurgica;Stryker;TPS;20933;N.I.;Cirugia;Cuarto de equipos;No especifica;No especifica;DISPONIBLE;Cosmitet Ltda.;Cosmitet Ltda.;No especifica
433;434;108;Contador de Celulas Digital;L Y L DESING;P001;2281;N.I;Laboratorio;Urgencias Microscopia;INVIMA 2022DM-0025546;No especifica;DISPONIBLE;Cosmitet Ltda.;N/A;N/A
434;435;109;Controlador de Camara;Conmed;IM8000;21112393;N.I;Cirugia;Cuarto de equipos;INVIMA 2022DM-0025547;No especifica;DISPONIBLE;Cosmitet Ltda.;Cosmitet Ltda.;SEMESTRAL
435;436;109;Controlador de Camara;Conmed;IM8000;1442-00-72;N.I;Cirugia;Cuarto de equipos;INVIMA 2022DM-0025548;No especifica;DISPONIBLE;Bioart;BIOART;SEMESTRAL
436;437;110;Criostato;Thermo Fisher Scientific;HM525 NX UV;S16089771;N270;Laboratorio;Regionales (Microelisa);INVIMA 2022DM-0025549;No especifica;DISPONIBLE;Cosmitet Ltda.;Cosmitet Ltda.;ANUAL
437;438;111;Desfibrilador;Mindray;Beneheart D3;EZ-21079671;N8341;Cirugia;Carro de paro Recuperacion;INVIMA2020EBC-0005463-R1;CLASE IIB;DISPONIBLE;Cosmitet Ltda.;SUKHI;SEMESTRAL
438;439;111;Desfibrilador;Mindray;Beneheart D3;EZ-21079698;N8340;Cirugia;Carro de paro salas cirugia;INVIMA2020EBC-0005463-R1;CLASE IIB;DISPONIBLE;Cosmitet Ltda.;SUKHI;SEMESTRAL
439;440;114;Desfibrilador;Zoll;M Series;T00F13033;N.I;Hemodinamia;Quirofano;INVIMA 2020EBC-0021132;CLASE IIB;DISPONIBLE;Cosmitet Ltda.;SUKHI;SEMESTRAL
440;441;112;Desfibrilador;Zoll;E series;AB07A003430;V115816;Hospitalizacion;carro de paro #8;INVIMA 2020EBC-0021132;CLASE IIB;DISPONIBLE;Cosmitet Ltda.;SUKHI;SEMESTRAL
441;442;112;Desfibrilador;Zoll;E series;ab07a003403;v116865;Hospitalizacion;Carro de paro 5 norte;INVIMA 2020EBC-0021132;CLASE IIB;DISPONIBLE;Cosmitet Ltda.;SUKHI;SEMESTRAL
442;443;114;Desfibrilador;Zoll;M Series;T03L53575;V113321;Hospitalizacion;Carro de paro #4;INVIMA 2020EBC-0021132;CLASE IIB;DISPONIBLE;Cosmitet Ltda.;SUKHI;SEMESTRAL
443;444;114;Desfibrilador;Zoll;M Series;T03K52809;1043000004;UCI 1;Carro de paro;INVIMA 2020EBC-0021132;CLASE IIB;DISPONIBLE;Cosmitet Ltda.;SUKHI;SEMESTRAL
444;445;116;Desfibrilador;Zoll;Mseries;T03C43936;V116562;Oncologia;Sala de quimioterapia;INVIMA 2020EBC-0021132;CLASE IIB;DISPONIBLE;Cosmitet Ltda.;SUKHI;SEMESTRAL
445;446;114;Desfibrilador;Zoll;M Series;T17L138855;N1184;Rehabilitacion Cardiaca;carro de paro;INVIMA 2020EBC-0021132;CLASE IIB;DISPONIBLE;Cosmitet Ltda.;Cosmitet Ltda.;SEMESTRAL
446;447;115;Desfibrilador;Zoll;M series;BIO71606;V113318;UCI 1;Biomedico;INVIMA 2020EBC-0021132;CLASE IIB;BAJA;Cosmitet Ltda.;Cosmitet Ltda.;SEMESTRAL
447;448;111;Desfibrilador;Mindray;Beneheart D3;EZ26090733;N8342;UCI 2;Carro de paro;INVIMA2020EBC-0005463-R1;CLASE IIB;DISPONIBLE;Cosmitet Ltda.;SUKHI;SEMESTRAL
448;449;113;Desfibrilador;Zoll;Eseries;AB07A003358;V115809;Imagenes Diagnosticas;Carro de paro;INVIMA 2020EBC-0021132;CLASE IIB;DISPONIBLE;Cosmitet Ltda.;SUKHI;SEMESTRAL
449;450;114;Desfibrilador;Zoll;M Series;T03K52795;V113319-1;UCIN;Carro de paro;INVIMA 2020EBC-0021132;CLASE IIB;BAJA;Cosmitet Ltda.;Cosmitet Ltda.;SEMESTRAL
450;451;116;Desfibrilador;Zoll;Mseries;T06E79837;V116561;Unidad Renal;Sala de hemodialisis;INVIMA 2020EBC-0021132;CLASE IIB;DISPONIBLE;Cosmitet Ltda.;SUKHI;SEMESTRAL
451;452;116;Desfibrilador;Zoll;Mseries;T04H61987;N2067;Urgencias;Reanimacion;INVIMA 2020EBC-0021132;CLASE IIB;DISPONIBLE;Cosmitet Ltda.;SUKHI;SEMESTRAL
452;453;114;Desfibrilador;Zoll;M Series;T99DO2338;V116495;Hospitalizacion;CARRO DE PARO 6°;INVIMA 2020EBC-0021132;CLASE IIB;BAJA;Cosmitet Ltda.;Cosmitet Ltda.;SEMESTRAL
453;454;118;Doppler Fetal;Hultleigh;FD1+;FD1PX0366487-14;V116180;Hospitalizacion;Estacion de enfermeria#6;INVIMA 2017DM-0016576;CLASE IIB;DISPONIBLE;Cosmitet Ltda.;Cosmitet Ltda.;SEMESTRAL
454;455;118;Doppler Fetal;Hultleigh;FD1+;FD1PX0362611-13;N.I;Partos;Observacion Partos;INVIMA 2008DM-0002974;CLASE IIB;Mantenimiento;Cosmitet Ltda.;Cosmitet Ltda.;ANUAL
455;456;117;Doppler Fetal;Edan;Sonotrax;560042-M18200510016;N968;Urgencias;Sala de procedimientos;INVIMA 2017DM-0001107-R1;CLASE IIB;DISPONIBLE;Cosmitet Ltda.;Cosmitet Ltda.;ANUAL
456;457;121;Ecografo;Mindray;DC-70;CJ1-11001987;N3172;Imagenes Diagnosticas;Ecografia;INVIMA 2025DM-0012622-R1;CLASE IIA;DISPONIBLE;Cosmitet Ltda.;Cosmitet Ltda.;ANUAL
457;458;120;Ecografo;Mindray;CONSONA N8;LP7-35000751;N.I.;Imagenes Diagnosticas;Ecografia;No especifica;No especifica;Mantenimiento;Cosmitet Ltda.;SUKHI;SEMESTRAL
458;459;123;Ecografo;Toshiba;VIVP 660;LGI1092658;N.I;Imagenes Diagnosticas;Ecografia 3;INVIMA 2008DM-0002313;CLASE IIA;DISPONIBLE;Cosmitet Ltda.;Cosmitet Ltda.;ANUAL
459;460;119;Ecografo;Canon;Aplio-A450;99C1932265;N2837;Imagenes Diagnosticas;Ecografia;INVIMA 2018DM-0018035;CLASE IIA;DISPONIBLE;Cosmitet Ltda.;Cosmitet Ltda.;ANUAL
460;461;122;Ecografo;Siemens;Acuson X300;349940;V116239;Cirugia;Cuarto de equipos;No especifica;CLASE IIA;DISPONIBLE;Cosmitet Ltda.;Cosmitet Ltda.;ANUAL
461;462;126;Electrobisturi;Covidien;FT 10;T2156618DX;N8329;Cirugia;Sala 1;INVIMA 2016EBC-0015489;CLASE IIB;DISPONIBLE;Cosmitet Ltda.;Cosmitet Ltda.;SEMESTRAL
462;463;126;Electrobisturi;Covidien;FT 10;T0G42970DX;N2914;Cirugia;Sala 3;INVIMA 2016EBC-0015489;CLASE IIB;DISPONIBLE;Cosmitet Ltda.;Cosmitet Ltda.;SEMESTRAL
463;464;127;Electrobisturi;Valleylab;Force FX;F1J19440A;V99348;Cirugia;Sala 2;INVIMA 2019EBC-0001750-R1;CLASE IIB;DISPONIBLE;Cosmitet Ltda.;SUKHI;SEMESTRAL
464;465;128;Electrobisturi;WEM;SS-501 SX;CAE0006189;N8328;Cirugia;Sala 4;INVIMA 2020EBC-0004122-R1;CLASE IIB;DISPONIBLE;Cosmitet Ltda.;SUKHI;SEMESTRAL
465;466;125;Electrobisturi;Conmed;System 2450;14FGU111;V114843;Cirugia;Sala 1;INVIMA 2024EBC-0010649-R1;CLASE IIB;DISPONIBLE;Cosmitet Ltda.;Cosmitet Ltda.;SEMESTRAL
466;467;125;Electrobisturi;Conmed;System 2450;13MGU034;V114441;Cirugia;Gastroscopia;INVIMA 2024EBC-0010649-R1;CLASE IIB;DISPONIBLE;Cosmitet Ltda.;Cosmitet Ltda.;SEMESTRAL
467;468;124;Electrobisturi;Conmed;SYSTEM 2450;15360068;N441;Hemodinamia;procedimientos;INVIMA 2024EBC-0010649-R1;CLASE IIB;DISPONIBLE;Cosmitet Ltda.;Cosmitet Ltda.;SEMESTRAL
468;469;131;Electrocardiografo;Bionet;Cardiocare;EG0700062;AF30388;Especialistas;Consultorio #13;INVIMA 2015DM-0013224;CLASE IIA;DISPONIBLE;Cosmitet Ltda.;Cosmitet Ltda.;SEMESTRAL
469;470;129;Electrocardiografo;Bionet;Cardio 7;T701000022;V115808;Hospitalizacion;Carro de paro 5 piso norte;INVIMA 2015DM-0013224;CLASE IIA;DISPONIBLE;Cosmitet Ltda.;SUKHI;SEMESTRAL
470;471;135;Electrocardiografo;Edan;SE-301;360625-M22911740004;N8724;Hospitalizacion;Estacion 8vo piso;INVIMA 2017DM-0001038-R1;CLASE IIA;DISPONIBLE;Cosmitet Ltda.;SUKHI;SEMESTRAL
471;472;134;Electrocardiografo;Edan;SE-3;360433-M16204780019;N151;Hospitalizacion;Hospitalizacion;INVIMA 2017DM-0001038-R1;CLASE IIA;DISPONIBLE;Cosmitet Ltda.;SUKHI;SEMESTRAL
472;473;130;Electrocardiografo;Bionet;Cardio7;T7P0200029;V116868;UCI 2;Deposito de equipos;INVIMA 2015DM-0013224;CLASE IIA;DISPONIBLE;Cosmitet Ltda.;SUKHI;SEMESTRAL
473;474;130;Electrocardiografo;Bionet;Cardio7;T701000010;V115430;Hospitalizacion;Hospitalizacion;INVIMA 2015DM-0013224;CLASE IIA;DISPONIBLE;Cosmitet Ltda.;SUKHI;SEMESTRAL
474;475;133;Electrocardiografo;Bionet;cardio7;T701000011;V115815;Hemodinamia;Preparacion pacientes;INVIMA 2015DM-0013224;CLASE IIA;DISPONIBLE;Cosmitet Ltda.;Cosmitet Ltda.;SEMESTRAL
475;476;133;Electrocardiografo;Bionet;cardio7;TP70200028;V116866;UCI 1;UCI 1;INVIMA 2015DM-0013224;CLASE IIA;DISPONIBLE;Cosmitet Ltda.;SUKHI;SEMESTRAL
476;477;132;Electrocardiografo;Bionet;cardio 7;T7p0200032;v116863;Urgencias;Observacion;INVIMA 2015DM-0013224;CLASE IIA;DISPONIBLE;Cosmitet Ltda.;SUKHI;SEMESTRAL
477;478;129;Electrocardiografo;Bionet;Cardio 7;T701200206;V116492;Urgencias;Observacion;INVIMA 2015DM-0013224;CLASE IIA;BAJA;Cosmitet Ltda.;Cosmitet Ltda.;SEMESTRAL
478;479;138;Equipo de agregacion Plaquetaria;Siemens;PFA 100;3873;N.I;Laboratorio;Hematologia - Coagulacion;INVIMA 2008DM-0002951;No especifica;DISPONIBLE;Interlab;Interlab;ANUAL
479;480;139;Equipo de artroscopia;Arthrocand;Quantum 2;QCOP0004W7;N1361;Cirugia;Cuarto de equipos;INVIMA 2022EBC-0008467-R1;No especifica;DISPONIBLE;Cosmitet Ltda.;No especifica;ANUAL
480;481;140;Equipo de organos;Heine;Heine en 80;0/9639;N.I;Especialistas;Consultorio;INVIMA 2009DM-0003165;CLASE I;DISPONIBLE;Cosmitet Ltda.;N/A;N/A
481;482;145;Equipo de organos;Welch Allyn;Led;N.I;N8419;Hospitalizacion;Estacion de enfermeria 4 piso norte;INVIMA 2022DM-0009186-R1;CLASE I;DISPONIBLE;Cosmitet Ltda.;N/A;N/A
482;483;148;Equipo de organos;Welch Allyn;n.i;Eo-03;N.I;Hospitalizacion;estacion de enfermeria #8;INVIMA 2022DM-0009186-R1;CLASE I;Mantenimiento;Cosmitet Ltda.;N/A;N/A
483;484;145;Equipo de organos;Welch Allyn;Led;N.I;N8420;Hospitalizacion;Estacion de enfermeria 5 piso norte;INVIMA 2022DM-0009186-R1;CLASE I;DISPONIBLE;Cosmitet Ltda.;N/A;N/A
484;485;146;Equipo de organos;Welch Allyn;Pocket Junior 727;NI;V115372;Oncologia;Oficina jefe;INVIMA 2022DM-0009186-R1;CLASE I;DISPONIBLE;Cosmitet Ltda.;N/A;N/A
485;486;143;Equipo de organos;Welch Allyn;728;N.I.;1066000008;Partos;Observacion Partos;INVIMA 2022DM-0009186-R1;CLASE I;Mantenimiento;Cosmitet Ltda.;N/A;N/A
486;487;144;Equipo de organos;Welch Allyn;Gs777;EOR004;N.I;Urgencias;Triagge 1;INVIMA 2022DM-0009186-R1;CLASE I;DISPONIBLE;Cosmitet Ltda.;N/A;N/A
487;488;144;Equipo de organos;Welch Allyn;Gs777;EOR002;V113677;Urgencias;Consultorio #3;INVIMA 2022DM-0009186-R1;CLASE I;DISPONIBLE;Cosmitet Ltda.;N/A;N/A
488;489;144;Equipo de organos;Welch Allyn;Gs777;EOR001;V113674;Urgencias;Oficina jefe;INVIMA 2022DM-0009186-R1;CLASE I;DISPONIBLE;Cosmitet Ltda.;N/A;N/A
489;490;141;Equipo de organos;Hillrom;Gs 777;N.I;N8094;Urgencias;Consultorio #1;INVIMA 2022DM-0009186-R1;CLASE I;DISPONIBLE;Cosmitet Ltda.;N/A;N/A
490;491;141;Equipo de organos;Hillrom;Gs 777;N.I;N8095;Urgencias;Consultorio #4;INVIMA 2022DM-0009186-R1;CLASE I;DISPONIBLE;Cosmitet Ltda.;N/A;N/A
491;492;149;Equipo de organos;Welch Allyn;pocked junior 727;N.i;N4498;Urgencias;Sala de procedimientos;INVIMA 2022DM-0009186-R1;CLASE I;DISPONIBLE;Cosmitet Ltda.;N/A;N/A
492;493;141;Equipo de organos;Hillrom;Gs 777;N.I;N8096;Urgencias;Triagge 2;INVIMA 2022DM-0009186-R1;CLASE I;DISPONIBLE;Cosmitet Ltda.;N/A;N/A
493;494;147;Equipo de organos;Welch Allyn;Pocket led;No identificado;N.I;Especialistas;Consultorio;INVIMA 2022DM-0009186-R1;CLASE I;DISPONIBLE;Cosmitet Ltda.;N/A;N/A
494;495;142;Equipo de organos;Hillrom;Pared;N.A;N10918;Especialistas;Consultorio #11;INVIMA 2022DM-0009186-R1;CLASE I;DISPONIBLE;Cosmitet Ltda.;N/A;N/A
495;496;142;Equipo de organos;Hillrom;Pared;N.A;N10919;Especialistas;Consultorio #12;INVIMA 2022DM-0009186-R1;CLASE I;DISPONIBLE;Cosmitet Ltda.;N/A;N/A
496;497;142;Equipo de organos;Hillrom;Pared;N.A;N10920;Especialistas;Consultorio #4;INVIMA 2022DM-0009186-R1;CLASE I;DISPONIBLE;Cosmitet Ltda.;N/A;N/A
497;498;142;Equipo de organos;Hillrom;Pared;N.A;N10921;Especialistas;Consultorio #9;INVIMA 2022DM-0009186-R1;CLASE I;DISPONIBLE;Cosmitet Ltda.;N/A;N/A
498;499;142;Equipo de organos;Hillrom;Pared;N.A;N10922;Especialistas;Consultorio #8;INVIMA 2022DM-0009186-R1;CLASE I;DISPONIBLE;Cosmitet Ltda.;N/A;N/A
499;500;142;Equipo de organos;Hillrom;Pared;N.A;N10923;Especialistas;Consultorio #1;INVIMA 2022DM-0009186-R1;CLASE I;DISPONIBLE;Cosmitet Ltda.;N/A;N/A
500;501;142;Equipo de organos;Hillrom;Pared;N.A;N10924;Especialistas;Consultorio #3;INVIMA 2022DM-0009186-R1;CLASE I;DISPONIBLE;Cosmitet Ltda.;N/A;N/A
501;502;142;Equipo de organos;Hillrom;Pared;N.A;N10925;Especialistas;Consultorio #6;INVIMA 2022DM-0009186-R1;CLASE I;DISPONIBLE;Cosmitet Ltda.;N/A;N/A
502;503;142;Equipo de organos;Hillrom;Pared;N.A;N10926;Especialistas;Consultorio #2;INVIMA 2022DM-0009186-R1;CLASE I;DISPONIBLE;Cosmitet Ltda.;N/A;N/A
503;504;142;Equipo de organos;Hillrom;Pared;N.A;N10927;Especialistas;Consultorio #5;INVIMA 2022DM-0009186-R1;CLASE I;DISPONIBLE;Cosmitet Ltda.;N/A;N/A
504;505;142;Equipo de organos;Hillrom;Pared;N.A;N10928;Especialistas;Consultorio 13;INVIMA 2022DM-0009186-R1;CLASE I;DISPONIBLE;Cosmitet Ltda.;N/A;N/A
505;506;136;Equipo de Rx;Mindray;DIGI EYE 280 50 KW;EB6-33000462;N.I;Imagenes Diagnosticas;RX 2;INVIMA 2022DM-0009186-R1;CLASE I;DISPONIBLE;Cosmitet Ltda.;Cosmitet Ltda.;ANUAL
506;507;137;Equipo de Rx portatil;Agfa;DR100e;40209;N5955;Imagenes Diagnosticas;Rx portatil;INVIMA 2014DM-0011341;No especifica;DISPONIBLE;Cosmitet Ltda.;RX SA;ANUAL
507;508;150;Espirometro;Mgc diagnostics;CPFS/D-USB;22007101;N6842;Terapia Respiratoria;Consultorio 3;INVIMA 2018DM-0002379-R1;No especifica;DISPONIBLE;Cosmitet Ltda.;Cosmitet Ltda.;N/A
508;509;152;Esternotomo;Stryker;System 7;1809503023;N1503;Central de Esterilizacion;Area de empaque;INVIMA 2017DM-0015956;CLASE IIB;DISPONIBLE;Cosmitet Ltda.;Cosmitet Ltda.;SEMESTRAL
509;510;153;Estroboscopio;Jedmed;Estrobocam II;100016;N.I;Especialistas;Consultorio #5;No especifica;No especifica;DISPONIBLE;Cosmitet Ltda.;N/A;N/A
510;511;169;Flujometro;Gentec;FM197B-15L-CH;IMG-F002;N.I;Imagenes Diagnosticas;Tomografia;INVIMA 2021DM-0024519;CLASE I;DISPONIBLE;Cosmitet Ltda.;N/A;N/A
511;512;169;Flujometro;Gentec;FM197B-15L-CH;61K22070006/0181;N.I;Hospitalizacion;Hospitalizacion;INVIMA 2021DM-0024519;No especifica;DISPONIBLE;Cosmitet Ltda.;N/A;N/A
512;513;196;Flujometro;Timeter;0-15 LPM;CRG-F008;N.I;Cirugia;Cuarto de equipos;INVIMA 2017DM-0016940;CLASE I;DISPONIBLE;Cosmitet Ltda.;N/A;N/A
513;514;196;Flujometro;Timeter;0-15 LPM;CRG-F003;N.I;Cirugia;Cuarto de equipos;INVIMA 2017DM-0016940;CLASE I;DISPONIBLE;Cosmitet Ltda.;N/A;N/A
514;515;196;Flujometro;Timeter;0-15 LPM;CRG-F002;N.I;Cirugia;Recuperacion;INVIMA 2017DM-0016940;CLASE I;DISPONIBLE;Cosmitet Ltda.;N/A;N/A
515;516;196;Flujometro;Timeter;0-15 LPM;CRG-F006;N.I;Cirugia;Recuperacion;INVIMA 2017DM-0016940;CLASE I;DISPONIBLE;Cosmitet Ltda.;N/A;N/A
516;517;196;Flujometro;Timeter;0-15 LPM;CRG-F007;N.I;Cirugia;Cuarto de equipos;INVIMA 2017DM-0016940;CLASE I;DISPONIBLE;Cosmitet Ltda.;N/A;N/A
517;518;196;Flujometro;Timeter;0-15 LPM;CRG-F004;N.I;Cirugia;Cuarto de equipos;INVIMA 2017DM-0016940;CLASE I;DISPONIBLE;Cosmitet Ltda.;N/A;N/A
518;519;187;Flujometro;Precision Medical;0-15 LPM;CRG-F001;N.I;Cirugia;Cuarto de equipos;INVIMA 2013DM-0010822;CLASE I;DISPONIBLE;Cosmitet Ltda.;N/A;N/A
519;520;160;Flujometro;Amvex;0-15 LPM;FMAO16655AP;N.I;Cirugia;Recuperacion;INVIMA 2008DM-0003031;CLASE I;DISPONIBLE;Cosmitet Ltda.;N/A;N/A
520;521;164;Flujometro;Gentec;0-15 LPM;18090157038;N.I;Cirugia;Recuperacion;INVIMA 2021DM-0024519;CLASE I;Mantenimiento;Cosmitet Ltda.;N/A;N/A
521;522;164;Flujometro;Gentec;0-15 LPM;18120192012;N.I;Cirugia;Cuarto de equipos;INVIMA 2021DM-0024519;CLASE I;DISPONIBLE;Cosmitet Ltda.;N/A;N/A
522;523;196;Flujometro;Timeter;0-15 LPM;CRG-F009;N.I;Cirugia;Sala 2;INVIMA 2017DM-0016940;CLASE I;DISPONIBLE;Cosmitet Ltda.;N/A;N/A
523;524;196;Flujometro;Timeter;0-15 LPM;CRG-F011;N.I;Cirugia;Sala 3;INVIMA 2017DM-0016940;CLASE I;DISPONIBLE;Cosmitet Ltda.;N/A;N/A
524;525;183;Flujometro;Oxigen;N.I;1060000107;N.I;Hospitalizacion;Hospitalizacion;INVIMA 2009DM-0003227;No especifica;DISPONIBLE;Cosmitet Ltda.;N/A;N/A
525;526;164;Flujometro;Gentec;0-15 LPM;18090157036;N.I;Cirugia;Sala 4;INVIMA 2021DM-0024519;CLASE I;DISPONIBLE;Cosmitet Ltda.;N/A;N/A
526;527;168;Flujometro;Gentec;FM197A-FL-00;CRG-F012;N.I;Cirugia;Sala 6;INVIMA 2021DM-0024519;CLASE I;DISPONIBLE;Cosmitet Ltda.;N/A;N/A
527;528;200;Flujometro;Timeter;n.i;HOS-F004;N.I;Hospitalizacion;5to piso;INVIMA 2017DM-0016940;CLASE I;DISPONIBLE;Cosmitet Ltda.;N/A;N/A
528;529;169;Flujometro;Gentec;FM197B-15L-CH;61K19090212/088;N.A;Gastroscopia;Sala de procedimientos;INVIMA 2021DM-0024519;CLASE I;DISPONIBLE;Cosmitet Ltda.;Cosmitet Ltda.;N/A
529;530;190;Flujometro;Precision Medical;1MFA1001;HM-F002;N.A;Hemodinamia;Preparacion pacientes;INVIMA 2013DM-0010822;CLASE I;DISPONIBLE;Cosmitet Ltda.;Cosmitet Ltda.;N/A
530;531;194;Flujometro;Timeter;0-15;10586114;N.I;UCI 1;UCIS;INVIMA 2017DM-0016940;CLASE I;DISPONIBLE;Cosmitet Ltda.;N/A;N/A
531;532;194;Flujometro;Timeter;0-15;10586391;N.I;Hospitalizacion;4to piso;INVIMA 2017DM-0016940;CLASE I;DISPONIBLE;Cosmitet Ltda.;N/A;N/A
532;533;165;Flujometro;Gentec;15L;18090157022;N.I;Hospitalizacion;Habitacion 505;INVIMA 2021DM-0024519;CLASE I;DISPONIBLE;Cosmitet Ltda.;N/A;N/A
533;534;165;Flujometro;Gentec;15L;18090157024;N.I;Hospitalizacion;4to Norte;INVIMA 2021DM-0024519;CLASE I;DISPONIBLE;Cosmitet Ltda.;N/A;N/A
534;535;165;Flujometro;Gentec;15L;18120192015;N.I;Hospitalizacion;4to Norte;INVIMA 2021DM-0024519;CLASE I;DISPONIBLE;Cosmitet Ltda.;N/A;N/A
535;536;165;Flujometro;Gentec;15L;18120192019;N.I;UCI 2;UCIS;INVIMA 2021DM-0024519;CLASE I;DISPONIBLE;Cosmitet Ltda.;N/A;N/A
536;537;171;Flujometro;Gentec;Fm197b-15l-ch;61k19090200/099;N.I;Hospitalizacion;8vo Piso;INVIMA 2021DM-0024519;CLASE I;DISPONIBLE;Cosmitet Ltda.;N/A;N/A
537;538;165;Flujometro;Gentec;15L;19010048001;N.I;Hospitalizacion;4to Norte;INVIMA 2021DM-0024519;CLASE I;DISPONIBLE;Cosmitet Ltda.;N/A;N/A
538;539;165;Flujometro;Gentec;15L;19100128-002;N.I;Hospitalizacion;habitacion 410;INVIMA 2021DM-0024519;CLASE I;Mantenimiento;Cosmitet Ltda.;N/A;N/A
539;540;165;Flujometro;Gentec;15L;19100128-014;N.I;Hospitalizacion;4to Norte;INVIMA 2021DM-0024519;CLASE I;DISPONIBLE;Cosmitet Ltda.;N/A;N/A
540;541;194;Flujometro;Timeter;0-15;415;N.I;Hospitalizacion;Habitacion 526;INVIMA 2017DM-0016940;CLASE I;DISPONIBLE;Cosmitet Ltda.;N/A;N/A
541;542;165;Flujometro;Gentec;15L;19100128-019;N.I;Hospitalizacion;4to Norte;INVIMA 2021DM-0024519;CLASE I;DISPONIBLE;Cosmitet Ltda.;N/A;N/A
542;543;165;Flujometro;Gentec;15L;19100128-044;N.I;Hospitalizacion;4to Norte;INVIMA 2021DM-0024519;CLASE I;DISPONIBLE;Cosmitet Ltda.;N/A;N/A
543;544;187;Flujometro;Precision Medical;0-15 LPM;UCIN-FL03;N.A;UCI 1;Cubiculo 10- Bodega Uci;INVIMA 2013DM-0010822;CLASE I;DISPONIBLE;Cosmitet Ltda.;N/A;N/A
544;545;169;Flujometro;Gentec;FM197B-15L-CH;61k19090200/088;N.I;Hospitalizacion;8vo Piso;INVIMA 2021DM-0024519;CLASE I;DISPONIBLE;Cosmitet Ltda.;N/A;N/A
545;546;169;Flujometro;Gentec;FM197B-15L-CH;61k19090200/101;N.I;Hospitalizacion;8vo Piso;INVIMA 2021DM-0024519;CLASE I;DISPONIBLE;Cosmitet Ltda.;N/A;N/A
546;547;171;Flujometro;Gentec;Fm197b-15l-ch;61k19080312/048;N.I;Hospitalizacion;6to piso;INVIMA 2021DM-0024519;CLASE I;DISPONIBLE;Cosmitet Ltda.;N/A;N/A
547;548;169;Flujometro;Gentec;FM197B-15L-CH;61k19090200/061;N.I;Hospitalizacion;8vo Piso;INVIMA 2021DM-0024519;CLASE I;DISPONIBLE;Cosmitet Ltda.;N/A;N/A
548;549;169;Flujometro;Gentec;FM197B-15L-CH;61k19090200/104;N.I;Hospitalizacion;8vo Piso;INVIMA 2021DM-0024519;CLASE I;DISPONIBLE;Cosmitet Ltda.;N/A;N/A
549;550;171;Flujometro;Gentec;Fm197b-15l-ch;61k19090200/075;N.I;Hospitalizacion;8vo Piso;INVIMA 2021DM-0024519;CLASE I;DISPONIBLE;Cosmitet Ltda.;N/A;N/A
550;551;171;Flujometro;Gentec;Fm197b-15l-ch;61k19090200/079;N.I;Hospitalizacion;6to piso;INVIMA 2021DM-0024519;CLASE I;DISPONIBLE;Cosmitet Ltda.;N/A;N/A
551;552;171;Flujometro;Gentec;Fm197b-15l-ch;61k19090200/083;N.I;Hospitalizacion;bodega hospitalizacion;INVIMA 2021DM-0024519;CLASE I;DISPONIBLE;Cosmitet Ltda.;N/A;N/A
552;553;169;Flujometro;Gentec;FM197B-15L-CH;61k19090200/084;N.I;Hospitalizacion;8vo Piso;INVIMA 2021DM-0024519;CLASE I;DISPONIBLE;Cosmitet Ltda.;N/A;N/A
553;554;171;Flujometro;Gentec;Fm197b-15l-ch;61k19090200/092;N.I;Hospitalizacion;Habitacion 522;INVIMA 2021DM-0024519;CLASE I;Mantenimiento;Cosmitet Ltda.;N/A;N/A
554;555;171;Flujometro;Gentec;Fm197b-15l-ch;61k19090200/098;N.I;Hospitalizacion;6to piso;INVIMA 2021DM-0024519;CLASE I;DISPONIBLE;Cosmitet Ltda.;N/A;N/A
555;556;200;Flujometro;Timeter;n.i;ped-f002;N.I;Biomedico;Bodega de Biomedico;INVIMA 2017DM-0016940;CLASE I;DISPONIBLE;Cosmitet Ltda.;N/A;N/A
556;557;171;Flujometro;Gentec;Fm197b-15l-ch;61k19090200/100;N.I;Hospitalizacion;6to piso;INVIMA 2021DM-0024519;CLASE I;DISPONIBLE;Cosmitet Ltda.;N/A;N/A
557;558;171;Flujometro;Gentec;Fm197b-15l-ch;61k19090200/108;N.I;Hospitalizacion;6to piso;INVIMA 2021DM-0024519;CLASE I;DISPONIBLE;Cosmitet Ltda.;N/A;N/A
558;559;167;Flujometro;Gentec;FM197A-3L-CH;1000197;N.I;Hospitalizacion;Hospitalizacion;INVIMA 2021DM-0024519;No especifica;DISPONIBLE;Cosmitet Ltda.;N/A;N/A
559;560;172;Flujometro;Gentec;N.I;18090157002;N.I;Hospitalizacion;Hospitalizacion;INVIMA 2021DM-0024520;No especifica;DISPONIBLE;Cosmitet Ltda.;N/A;N/A
560;561;171;Flujometro;Gentec;Fm197b-15l-ch;61k19090200/111;N.I;Hospitalizacion;5to piso;INVIMA 2021DM-0024519;CLASE I;DISPONIBLE;Cosmitet Ltda.;N/A;N/A
561;562;171;Flujometro;Gentec;Fm197b-15l-ch;61k19090200/116;N.I;Hospitalizacion;6to piso;INVIMA 2021DM-0024519;CLASE I;DISPONIBLE;Cosmitet Ltda.;N/A;N/A
562;563;171;Flujometro;Gentec;Fm197b-15l-ch;61k19090200/118;N.I;Hospitalizacion;Hospitalizacion;INVIMA 2021DM-0024519;CLASE I;DISPONIBLE;Cosmitet Ltda.;N/A;N/A
563;564;171;Flujometro;Gentec;Fm197b-15l-ch;61k19090212/057;N.I;Hospitalizacion;6to piso;INVIMA 2021DM-0024519;CLASE I;DISPONIBLE;Cosmitet Ltda.;N/A;N/A
564;565;171;Flujometro;Gentec;Fm197b-15l-ch;61k19080312/049;N.I;Hospitalizacion;6to piso;INVIMA 2021DM-0024519;CLASE I;DISPONIBLE;Cosmitet Ltda.;N/A;N/A
565;566;173;Flujometro;Gentec;fm197b-15l-ch;61k19090212/091;N.I;Hospitalizacion;6to piso;INVIMA 2021DM-0024519;CLASE I;DISPONIBLE;Cosmitet Ltda.;N/A;N/A
566;567;171;Flujometro;Gentec;Fm197b-15l-ch;61k19090212/068;N.I;Hospitalizacion;5to piso;INVIMA 2021DM-0024519;CLASE I;DISPONIBLE;Cosmitet Ltda.;N/A;N/A
567;568;171;Flujometro;Gentec;Fm197b-15l-ch;61k19090212/074;N.I;Hospitalizacion;6to piso;INVIMA 2021DM-0024519;CLASE I;DISPONIBLE;Cosmitet Ltda.;N/A;N/A
568;569;171;Flujometro;Gentec;Fm197b-15l-ch;61k19090212/079;N.I;Hospitalizacion;5to piso;INVIMA 2021DM-0024519;CLASE I;DISPONIBLE;Cosmitet Ltda.;N/A;N/A
569;570;171;Flujometro;Gentec;Fm197b-15l-ch;61k19090212/084;N.I;Hospitalizacion;5to piso;INVIMA 2021DM-0024519;CLASE I;DISPONIBLE;Cosmitet Ltda.;N/A;N/A
570;571;196;Flujometro;Timeter;0-15 LPM;FMA43927AI;N.I;Partos;Observacion Partos;INVIMA 2017DM-0016940;CLASE I;Mantenimiento;Cosmitet Ltda.;N/A;N/A
571;572;171;Flujometro;Gentec;Fm197b-15l-ch;61k19090212/094;N.I;Hospitalizacion;5to piso;INVIMA 2021DM-0024519;CLASE I;DISPONIBLE;Cosmitet Ltda.;N/A;N/A
572;573;171;Flujometro;Gentec;Fm197b-15l-ch;61k19090212/103;N.I;Hospitalizacion;6to piso;INVIMA 2021DM-0024519;CLASE I;DISPONIBLE;Cosmitet Ltda.;N/A;N/A
573;574;171;Flujometro;Gentec;Fm197b-15l-ch;61k19090212/110;N.I;Hospitalizacion;Hospitalizacion;INVIMA 2021DM-0024519;CLASE I;BAJA;Cosmitet Ltda.;N/A;N/A
574;575;171;Flujometro;Gentec;Fm197b-15l-ch;61k19090212/117;N.I;Hospitalizacion;No especifica;INVIMA 2021DM-0024519;CLASE I;DISPONIBLE;Cosmitet Ltda.;N/A;N/A
575;576;171;Flujometro;Gentec;Fm197b-15l-ch;61k19090212/098;N.I;Hospitalizacion;6to piso;INVIMA 2021DM-0024519;CLASE I;DISPONIBLE;Cosmitet Ltda.;N/A;N/A
576;577;194;Flujometro;Timeter;0-15;HOS-F020;N.I;Hospitalizacion;4to piso;INVIMA 2017DM-0016940;CLASE I;DISPONIBLE;Cosmitet Ltda.;N/A;N/A
577;578;162;Flujometro;Amvex;n.i;FMA035766AI;N.I;Hospitalizacion;4to piso;INVIMA 2008DM-0003031;CLASE I;DISPONIBLE;Cosmitet Ltda.;N/A;N/A
578;579;162;Flujometro;Amvex;n.i;FMA035801AI;N.I;Hospitalizacion;6to piso;INVIMA 2008DM-0003031;CLASE I;DISPONIBLE;Cosmitet Ltda.;N/A;N/A
579;580;162;Flujometro;Amvex;n.i;fma4146;N.I;Hospitalizacion;habitacion #609;INVIMA 2008DM-0003031;CLASE I;Mantenimiento;Cosmitet Ltda.;N/A;N/A
580;581;200;Flujometro;Timeter;n.i;HOS-F002;N.I;Hospitalizacion;5to piso;INVIMA 2017DM-0016940;CLASE I;DISPONIBLE;Cosmitet Ltda.;N/A;N/A
581;582;191;Flujometro;Precision Medical;1mfa;HOS-F003;N.I;Hospitalizacion;5to piso;INVIMA 2013DM-0010822;CLASE I;DISPONIBLE;Cosmitet Ltda.;N/A;N/A
582;583;191;Flujometro;Precision Medical;1mfa;Hos-f005;N.I;Hospitalizacion;5to piso;INVIMA 2013DM-0010822;CLASE I;DISPONIBLE;Cosmitet Ltda.;N/A;N/A
583;584;200;Flujometro;Timeter;n.i;HOS-F006;N.I;Hospitalizacion;5to piso;INVIMA 2017DM-0016940;CLASE I;DISPONIBLE;Cosmitet Ltda.;N/A;N/A
584;585;200;Flujometro;Timeter;n.i;hos-f007;N.I;Hospitalizacion;habitacion #606;INVIMA 2017DM-0016940;CLASE I;Mantenimiento;Cosmitet Ltda.;N/A;N/A
585;586;191;Flujometro;Precision Medical;1mfa;HOS-F008;N.I;Hospitalizacion;5to piso;INVIMA 2013DM-0010822;CLASE I;DISPONIBLE;Cosmitet Ltda.;N/A;N/A
586;587;191;Flujometro;Precision Medical;1mfa;HOS-F009;N.I;Hospitalizacion;5to piso;INVIMA 2013DM-0010822;CLASE I;DISPONIBLE;Cosmitet Ltda.;N/A;N/A
587;588;191;Flujometro;Precision Medical;1mfa;197;N.I;Hospitalizacion;5to piso;INVIMA 2013DM-0010823;CLASE I;DISPONIBLE;Cosmitet Ltda.;N/A;N/A
588;589;192;Flujometro;Precision Medical;1mfa100;HOS-F001;N.I;Hospitalizacion;4to piso;INVIMA 2013DM-0010822;CLASE I;DISPONIBLE;Cosmitet Ltda.;N/A;N/A
589;590;175;Flujometro;No especifica;n.i;HOS-F011;N.I;Hospitalizacion;4to piso;INVIMA 2019DM-0019944;CLASE I;DISPONIBLE;Cosmitet Ltda.;N/A;N/A
590;591;191;Flujometro;Precision Medical;1mfa;HOS-F012;N.I;Hospitalizacion;No especifica;INVIMA 2013DM-0010822;CLASE I;DISPONIBLE;Cosmitet Ltda.;N/A;N/A
591;592;200;Flujometro;Timeter;n.i;HOS-F013;N.I;Hospitalizacion;5to piso;INVIMA 2017DM-0016940;CLASE I;DISPONIBLE;Cosmitet Ltda.;N/A;N/A
592;593;171;Flujometro;Gentec;Fm197b-15l-ch;HOS-F014;N.I;Hospitalizacion;No especifica;INVIMA 2021DM-0024519;CLASE I;FUERA DE SERVICIO;Cosmitet Ltda.;N/A;N/A
593;594;165;Flujometro;Gentec;15L;191000128-030;N.I;Hospitalizacion;4to Norte;INVIMA 2021DM-0024519;CLASE I;FUERA DE SERVICIO;Cosmitet Ltda.;N/A;N/A
594;595;175;Flujometro;No especifica;n.i;HOS-F016;N.I;Hospitalizacion;4to piso;INVIMA 2019DM-0019944;CLASE I;DISPONIBLE;Cosmitet Ltda.;N/A;N/A
595;596;158;Flujometro;Air Imetan;FMO-115;Hos-F031;N.I;Hospitalizacion;Stock Hospi;INVIMA 2018DM-0003366-R1;CLASE I;DISPONIBLE;Cosmitet Ltda.;N/A;N/A
596;597;175;Flujometro;No especifica;n.i;HOS-F019;N.I;Hospitalizacion;5to piso;INVIMA 2019DM-0019944;CLASE I;DISPONIBLE;Cosmitet Ltda.;N/A;N/A
597;598;171;Flujometro;Gentec;Fm197b-15l-ch;61K19090212/078;N.I;Hospitalizacion;5to piso;INVIMA 2021DM-0024519;CLASE I;DISPONIBLE;Cosmitet Ltda.;N/A;N/A
598;599;200;Flujometro;Timeter;n.i;HOS-F022;N.I;Hospitalizacion;5to piso;INVIMA 2017DM-0016940;CLASE I;DISPONIBLE;Cosmitet Ltda.;N/A;N/A
599;600;165;Flujometro;Gentec;15L;18120192008;N.I;Hospitalizacion;4to Norte;INVIMA 2021DM-0024519;CLASE I;DISPONIBLE;Cosmitet Ltda.;N/A;N/A
600;601;191;Flujometro;Precision Medical;1mfa;HOS-F027;N.A;Hospitalizacion;5to piso;INVIMA 2013DM-0010822;CLASE I;DISPONIBLE;Cosmitet Ltda.;N/A;N/A
601;602;158;Flujometro;Air Imetan;FMO-115;Hos-F030;N.I;Hospitalizacion;Stock Hospi;INVIMA 2018DM-0003366-R1;CLASE I;DISPONIBLE;Cosmitet Ltda.;N/A;N/A
602;603;193;Flujometro;Precision Medical;n.i;Hos-F029;N.I;Hospitalizacion;4to piso;INVIMA 2013DM-0010822;CLASE I;DISPONIBLE;Cosmitet Ltda.;N/A;N/A
603;604;165;Flujometro;Gentec;15L;20191029;N.I;Hospitalizacion;4to Norte;INVIMA 2021DM-0024519;CLASE I;DISPONIBLE;Cosmitet Ltda.;N/A;N/A
604;605;189;Flujometro;Precision Medical;1MFA;UCI1-f005;N.I;UCI 1;Cubiculo 09;INVIMA 2013DM-0010822;CLASE I;DISPONIBLE;Cosmitet Ltda.;N/A;N/A
605;606;189;Flujometro;Precision Medical;1MFA;UCI1-F006;N.I;UCI 1;cubiculo 10;INVIMA 2013DM-0010822;CLASE I;DISPONIBLE;Cosmitet Ltda.;N/A;N/A
606;607;177;Flujometro;Ohio;n.i;QOBQ04313;N.I;Hospitalizacion;4to piso;INVIMA 2014DM-0011333;CLASE I;DISPONIBLE;Cosmitet Ltda.;N/A;N/A
607;608;177;Flujometro;Ohio;n.i;QOBQ04349;N.I;Hospitalizacion;Stock;INVIMA 2014DM-0011333;CLASE I;FUERA DE SERVICIO;Cosmitet Ltda.;N/A;N/A
608;609;178;Flujometro;Oxigen;0-15;QOEN02233 (IMG-F001);N.A;Imagenes Diagnosticas;Resonancia;INVIMA 2009DM-0003227;CLASE I;DISPONIBLE;Cosmitet Ltda.;N/A;N/A
609;610;180;Flujometro;Oxigen;0-15L;IMG-F004;N.I;Imagenes Diagnosticas;Ecografia;INVIMA 2009DM-0003227;CLASE I;DISPONIBLE;Cosmitet Ltda.;N/A;N/A
610;611;169;Flujometro;Gentec;FM197B-15L-CH;61k19090212/092;N.I;Hospitalizacion;habitacion 512;INVIMA 2021DM-0024519;CLASE I;DISPONIBLE;Cosmitet Ltda.;N/A;N/A
611;612;169;Flujometro;Gentec;FM197B-15L-CH;61k19090212/100;N.I;Hospitalizacion;5to piso;INVIMA 2021DM-0024519;CLASE I;DISPONIBLE;Cosmitet Ltda.;N/A;N/A
612;613;169;Flujometro;Gentec;FM197B-15L-CH;61K19090212/089;N.I;Hospitalizacion;5to piso;INVIMA 2021DM-0024519;CLASE I;DISPONIBLE;Cosmitet Ltda.;N/A;N/A
613;614;165;Flujometro;Gentec;15L;18090157008;N.I;Hospitalizacion;4to Norte;INVIMA 2021DM-0024519;CLASE I;DISPONIBLE;Cosmitet Ltda.;N/A;N/A
614;615;166;Flujometro;Gentec;FM197A-15L-CH;612-21090031/0119;N.I;Hospitalizacion;Stock Hospi;INVIMA 2021DM-0024519;CLASE I;DISPONIBLE;Cosmitet Ltda.;N/A;N/A
615;616;166;Flujometro;Gentec;FM197A-15L-CH;61k-22070006/0181;N.I;Hospitalizacion;Stock Hospi;INVIMA 2021DM-0024519;CLASE I;DISPONIBLE;Cosmitet Ltda.;N/A;N/A
616;617;166;Flujometro;Gentec;FM197A-15L-CH;61k-22070006/0190;N.I;Gastroscopia;recuperacion;INVIMA 2021DM-0024519;CLASE I;DISPONIBLE;Cosmitet Ltda.;N/A;N/A
617;618;154;Flujometro;Air Imetan;0-15;ONC-F001;N.A;Oncologia;Sala de quimioterapia;INVIMA 2018DM-0003366-R1;CLASE I;DISPONIBLE;Cosmitet Ltda.;N/A;N/A
618;619;155;Flujometro;Air Imetan;0-15 lmp;F1221I;N.A;Oncologia;Sala de Procedimientos;INVIMA 2018DM-0003366-R1;CLASE I;DISPONIBLE;Cosmitet Ltda.;N/A;N/A
619;620;158;Flujometro;Air Imetan;FMO-115;F10212;N.A;Hospitalizacion;Hospitalizacion;INVIMA 2018DM-0003366-R1;CLASE I;DISPONIBLE;Cosmitet Ltda.;N/A;N/A
620;621;196;Flujometro;Timeter;0-15 LPM;PAR-F001;N.I;Hospitalizacion;Stock Hospi;INVIMA 2017DM-0016940;CLASE I;BAJA;Cosmitet Ltda.;N/A;N/A
621;622;196;Flujometro;Timeter;0-15 LPM;PAR-F002;N.I;Cirugia;Cuarto de equipos;INVIMA 2017DM-0016940;CLASE I;DISPONIBLE;Cosmitet Ltda.;N/A;N/A
622;623;196;Flujometro;Timeter;0-15 LPM;PAR-F003;N.I;Biomedico;Bodega de Biomedico;INVIMA 2017DM-0016940;CLASE I;DISPONIBLE;Cosmitet Ltda.;N/A;N/A
623;624;196;Flujometro;Timeter;0-15 LPM;PAR-F004;N.I;Partos;Observacion Partos;INVIMA 2017DM-0016940;CLASE I;Mantenimiento;Cosmitet Ltda.;N/A;N/A
624;625;196;Flujometro;Timeter;0-15 LPM;PAR-F005;N.I;Partos;Observacion Partos;INVIMA 2017DM-0016940;CLASE I;Mantenimiento;Cosmitet Ltda.;N/A;N/A
625;626;189;Flujometro;Precision Medical;1MFA;PAR-F006;N.I;Cirugia;Sala 1;INVIMA 2013DM-0010822;CLASE I;DISPONIBLE;Cosmitet Ltda.;N/A;N/A
626;627;187;Flujometro;Precision Medical;0-15 LPM;UCIN-FL04;N.I;UCI 2;Cubiculo 17;INVIMA 2013DM-0010822;CLASE I;DISPONIBLE;Cosmitet Ltda.;N/A;N/A
627;628;169;Flujometro;Gentec;FM197B-15L-CH;61K19090212/032;N.I;UCI 1;Cubiculo 6- Bodega Uci;INVIMA 2021DM-0024519;CLASE I;DISPONIBLE;Cosmitet Ltda.;N/A;N/A
628;629;169;Flujometro;Gentec;FM197B-15L-CH;61K19090212/060;N.I;UCI 1;Cubiculo 4- Bodega Uci;INVIMA 2021DM-0024519;CLASE I;DISPONIBLE;Cosmitet Ltda.;N/A;N/A
629;630;187;Flujometro;Precision Medical;0-15 LPM;8090;N.I;Hospitalizacion;Hospitalizacion;INVIMA 2013DM-0010822;No especifica;DISPONIBLE;Cosmitet Ltda.;N/A;N/A
630;631;187;Flujometro;Precision Medical;0-15 LPM;UCIN-FL05;N.I;UCI 1;Cubiculo 11- Bodega Uci;INVIMA 2013DM-0010822;CLASE I;DISPONIBLE;Cosmitet Ltda.;N/A;N/A
631;632;187;Flujometro;Precision Medical;0-15 LPM;UCIN-FL01;N.I;UCI 1;Cubiculo 7- Bodega Uci;INVIMA 2013DM-0010822;CLASE I;DISPONIBLE;Cosmitet Ltda.;N/A;N/A
632;633;187;Flujometro;Precision Medical;0-15 LPM;UCIN-FL06;N.A;UCI 1;Cubiculo 5- Bodega Uci;INVIMA 2013DM-0010822;CLASE I;DISPONIBLE;Cosmitet Ltda.;N/A;N/A
633;634;187;Flujometro;Precision Medical;0-15 LPM;UCI2-F004;N.A;UCI 2;Cubiculo 16;INVIMA 2013DM-0010822;CLASE I;DISPONIBLE;Cosmitet Ltda.;N/A;N/A
634;635;188;Flujometro;Precision Medical;0-15LPM;UCI2-F001;N.I;UCI 2;Cubiculo 25;INVIMA 2013DM-0010822;CLASE I;DISPONIBLE;Cosmitet Ltda.;N/A;N/A
635;636;169;Flujometro;Gentec;FM197B-15L-CH;61K20050258/195;N.I;UCI 2;Cubiculo 24;INVIMA 2021DM-0024519;CLASE I;DISPONIBLE;Cosmitet Ltda.;N/A;N/A
636;637;188;Flujometro;Precision Medical;0-15LPM;UCI2-F002;N.I;UCI 2;Cubiculo 30;INVIMA 2013DM-0010822;CLASE I;DISPONIBLE;Cosmitet Ltda.;N/A;N/A
637;638;196;Flujometro;Timeter;0-15 LPM;UCI2-F005;N.I;UCI 2;Cubiculo 23;INVIMA 2017DM-0016940;CLASE I;DISPONIBLE;Cosmitet Ltda.;N/A;N/A
638;639;189;Flujometro;Precision Medical;1MFA;UCI2-F006;N.I;UCI 2;Cubiculo 15;INVIMA 2013DM-0010822;CLASE I;DISPONIBLE;Cosmitet Ltda.;N/A;N/A
639;640;197;Flujometro;Timeter;0-15L;UCI2-F012;N.I;UCI 2;Cubiculo 21;INVIMA 2017DM-0016940;CLASE I;DISPONIBLE;Cosmitet Ltda.;N/A;N/A
640;641;182;Flujometro;Oxigen;015L;UCI2-F013;N.I;UCI 2;Cubiculo 27;INVIMA 2009DM-0003227;CLASE I;DISPONIBLE;Cosmitet Ltda.;N/A;N/A
641;642;187;Flujometro;Precision Medical;0-15 LPM;UCI2-F009;N.I;UCI 2;Cubiculo 19;INVIMA 2013DM-0010822;CLASE I;DISPONIBLE;Cosmitet Ltda.;N/A;N/A
642;643;179;Flujometro;Oxigen;0-15 LPM;UCI2-F010;N.I;UCI 2;Cubiculo 22;INVIMA 2009DM-0003227;CLASE I;DISPONIBLE;Cosmitet Ltda.;N/A;N/A
643;644;187;Flujometro;Precision Medical;0-15 LPM;N.I;N.I;UCI 2;Cubiculo 26;INVIMA 2013DM-0010822;CLASE I;DISPONIBLE;Cosmitet Ltda.;N/A;N/A
644;645;187;Flujometro;Precision Medical;0-15 LPM;UCI2-F008;N.A;UCI 2;Cubiculo 18;INVIMA 2013DM-0010822;CLASE I;DISPONIBLE;Cosmitet Ltda.;N/A;N/A
645;646;196;Flujometro;Timeter;0-15 LPM;UCI2-F003;N.I;UCI 2;Cubiculo 29;INVIMA 2017DM-0016940;CLASE I;DISPONIBLE;Cosmitet Ltda.;N/A;N/A
646;647;187;Flujometro;Precision Medical;0-15 LPM;UCI2-F011;N.A;UCI 2;Cubiculo 28;INVIMA 2013DM-0010822;CLASE I;DISPONIBLE;Cosmitet Ltda.;N/A;N/A
647;648;169;Flujometro;Gentec;FM197B-15L-CH;61K19050170/333;N.A;UCI 2;Cubiculo 20;INVIMA 2021DM-0024519;CLASE I;DISPONIBLE;Cosmitet Ltda.;N/A;N/A
648;649;161;Flujometro;Amvex;Oxygen;FMB9383;N.I;Cirugia;Recuperacion;INVIMA 2008DM-0003031;CLASE I;DISPONIBLE;Cosmitet Ltda.;Cosmitet Ltda.;N/A
649;650;195;Flujometro;Timeter;0-15 L;PED-F001;N.I;Cirugia;Recuperacion;INVIMA 2017DM-0016940;CLASE I;DISPONIBLE;Cosmitet Ltda.;N/A;N/A
650;651;191;Flujometro;Precision Medical;1mfa;ped-f004;N.I;Cardiologia;Cardiologia;INVIMA 2013DM-0010822;CLASE I;DISPONIBLE;Cosmitet Ltda.;N/A;N/A
651;652;191;Flujometro;Precision Medical;1mfa;PED-F005;N.I;Cirugia;Recuperacion;INVIMA 2013DM-0010822;CLASE I;DISPONIBLE;Cosmitet Ltda.;N/A;N/A
652;653;200;Flujometro;Timeter;n.i;ped-f006;N.I;UCIN;CUBICULO 3;INVIMA 2017DM-0016940;CLASE I;DISPONIBLE;Cosmitet Ltda.;N/A;N/A
653;654;198;Flujometro;Timeter;N.I;PED-F003;N.I;UCIN;Cubiculo 4;INVIMA 2017DM-0016940;CLASE I;DISPONIBLE;Cosmitet Ltda.;N/A;N/A
654;655;171;Flujometro;Gentec;Fm197b-15l-ch;61k19090212/066;N.I;Hospitalizacion;bodega hospitalizacion;INVIMA 2021DM-0024519;CLASE I;DISPONIBLE;Cosmitet Ltda.;N/A;N/A
655;656;200;Flujometro;Timeter;n.i;ped-f007;N.I;UCIN;CUBICULO 02;INVIMA 2017DM-0016940;CLASE I;DISPONIBLE;Cosmitet Ltda.;N/A;N/A
656;657;199;Flujometro;Timeter;No especifica;PED-F008;N.I;Hospitalizacion;4to piso;INVIMA 2017DM-0016940;CLASE I;DISPONIBLE;Cosmitet Ltda.;N/A;N/A
657;658;191;Flujometro;Precision Medical;1mfa;ped-f012;N.I;UCI Pediatrica;Uci neonatal;INVIMA 2013DM-0010822;CLASE I;Mantenimiento;Cosmitet Ltda.;N/A;N/A
658;659;200;Flujometro;Timeter;n.i;ped-f009;N.I;UCIN;cubiculo 9;INVIMA 2017DM-0016940;CLASE I;DISPONIBLE;Cosmitet Ltda.;N/A;N/A
659;660;185;Flujometro;Oxigen;n.i;ped-f010;N.I;Biomedico;Bodega de Biomedico;INVIMA 2009DM-0003227;CLASE I;DISPONIBLE;Cosmitet Ltda.;N/A;N/A
660;661;174;Flujometro;MADA;0-15L;TUMC060280;N.I;Cirugia;Recuperacion;INVIMA 2019DM-0019944;CLASE I;DISPONIBLE;Cosmitet Ltda.;N/A;N/A
661;662;175;Flujometro;No especifica;n.i;ped-f011;N.I;UCI Pediatrica;Uci neonatal;INVIMA 2019DM-0019944;CLASE I;Mantenimiento;Cosmitet Ltda.;N/A;N/A
662;663;200;Flujometro;Timeter;n.i;HOS-F025;N.I;Hospitalizacion;5to piso;INVIMA 2017DM-0016940;CLASE I;DISPONIBLE;Cosmitet Ltda.;N/A;N/A
663;664;200;Flujometro;Timeter;n.i;uco-f001;N.I;UCIN;CUBICULO 8;INVIMA 2017DM-0016940;CLASE I;DISPONIBLE;Cosmitet Ltda.;N/A;N/A
664;665;200;Flujometro;Timeter;n.i;uco-f002;N.I;UCI 1;Cubiculo 2- Bodega Uci;INVIMA 2017DM-0016940;CLASE I;DISPONIBLE;Cosmitet Ltda.;N/A;N/A
665;666;159;Flujometro;Air Imetan;fm-100;Uco-f003;N.A;UCI 1;Cubiculo 9- Bodega Uci;INVIMA 2018DM-0003366-R1;CLASE I;DISPONIBLE;Cosmitet Ltda.;N/A;N/A
666;667;191;Flujometro;Precision Medical;1mfa;uco-f004;N.A;UCI 1;Cubiculo 3- Bodega Uci;INVIMA 2013DM-0010822;CLASE I;FUERA DE SERVICIO;Cosmitet Ltda.;N/A;N/A
667;668;200;Flujometro;Timeter;n.i;Uco-f005;N.I;UCIN;CUBICULO 7;INVIMA 2017DM-0016940;CLASE I;DISPONIBLE;Cosmitet Ltda.;N/A;N/A
668;669;194;Flujometro;Timeter;0-15;Uco-f006;N.I;UCIN;cubiculo 6;INVIMA 2017DM-0016940;CLASE I;DISPONIBLE;Cosmitet Ltda.;N/A;N/A
669;670;194;Flujometro;Timeter;0-15;Uco-f007;N.I;UCIN;CUBICULO 5;INVIMA 2017DM-0016940;CLASE I;DISPONIBLE;Cosmitet Ltda.;N/A;N/A
670;671;189;Flujometro;Precision Medical;1MFA;UCO-F010;N.I;UCIN;CUBICULO 01;INVIMA 2013DM-0010822;CLASE I;DISPONIBLE;Cosmitet Ltda.;N/A;N/A
671;672;169;Flujometro;Gentec;FM197B-15L-CH;61K19090212/081;N.A;UCI 1;cubiculo 08;INVIMA 2021DM-0024519;CLASE I;DISPONIBLE;Cosmitet Ltda.;Baxter;N/A
672;673;200;Flujometro;Timeter;n.i;HOS-F026;N.I;Hospitalizacion;No especifica;INVIMA 2017DM-0016940;CLASE I;BAJA;Cosmitet Ltda.;N/A;N/A
673;674;181;Flujometro;Oxigen;0.15;UCI1-F011;N.A;UCI 1;Cubiculo 06;INVIMA 2009DM-0003227;CLASE I;DISPONIBLE;Cosmitet Ltda.;N/A;N/A
674;675;169;Flujometro;Gentec;FM197B-15L-CH;61K19090212-093;N.I;UCI 1;Cubiculo 11;INVIMA 2021DM-0024519;CLASE I;DISPONIBLE;Cosmitet Ltda.;N/A;N/A
675;676;191;Flujometro;Precision Medical;1mfa;UCI1-F012;N.I;UCI 1;cubiculo 02;INVIMA 2013DM-0010822;CLASE I;DISPONIBLE;Cosmitet Ltda.;N/A;N/A
676;677;169;Flujometro;Gentec;FM197B-15L-CH;61K-22070020/0130;N.I;UCI 1;OFICINA JEFE;INVIMA 2021DM-0024519;CLASE I;DISPONIBLE;Cosmitet Ltda.;N/A;N/A
677;678;191;Flujometro;Precision Medical;1mfa;UCI1-F001;N.I;UCI 1;Cubiculo 12;INVIMA 2013DM-0010822;CLASE I;DISPONIBLE;Cosmitet Ltda.;N/A;N/A
678;679;156;Flujometro;Air Imetan;FM-100;UCI1-F002;N.I;UCI 1;Cubiculo 14;INVIMA 2018DM-0003366-R1;CLASE I;DISPONIBLE;Cosmitet Ltda.;N/A;N/A
679;680;191;Flujometro;Precision Medical;1mfa;uci1-f003;N.I;UCI 1;cubiculo 07;INVIMA 2013DM-0010822;CLASE I;DISPONIBLE;Cosmitet Ltda.;N/A;N/A
680;681;200;Flujometro;Timeter;n.i;20-f001;N.I;UCI 1;cubiculo 04;INVIMA 2017DM-0016940;CLASE I;DISPONIBLE;Cosmitet Ltda.;N/A;N/A
681;682;191;Flujometro;Precision Medical;1mfa;uci1-f004;N.I;UCI 1;cubiculo 05;INVIMA 2013DM-0010822;CLASE I;DISPONIBLE;Cosmitet Ltda.;N/A;N/A
682;683;171;Flujometro;Gentec;Fm197b-15l-ch;61k19050170-255;N.I;UCI 1;cubiculo 03;INVIMA 2021DM-0024519;CLASE I;DISPONIBLE;Cosmitet Ltda.;N/A;N/A
683;684;169;Flujometro;Gentec;FM197B-15L-CH;61K-22070020/0136;N.I;UCI 1;OFICINA JEFE;INVIMA 2021DM-0024519;CLASE I;DISPONIBLE;Cosmitet Ltda.;N/A;N/A
684;685;169;Flujometro;Gentec;FM197B-15L-CH;61K-22070020/0131;N.I;UCI 1;OFICINA JEFE;INVIMA 2021DM-0024519;CLASE I;DISPONIBLE;Cosmitet Ltda.;N/A;N/A
685;686;176;Flujometro;Ohio;N.I;QOBQ04298;N.I;Hospitalizacion;4to piso;INVIMA 2014DM-0011333;CLASE I;DISPONIBLE;Cosmitet Ltda.;N/A;N/A
686;687;177;Flujometro;Ohio;n.i;QOBQ04320;N.I;Hospitalizacion;Stock;INVIMA 2014DM-0011333;CLASE I;DISPONIBLE;Cosmitet Ltda.;N/A;N/A
687;688;189;Flujometro;Precision Medical;1MFA;UCI1-F007;N.I;UCI 1;Cubiculo 01;INVIMA 2013DM-0010822;CLASE I;DISPONIBLE;Cosmitet Ltda.;N/A;N/A
688;689;177;Flujometro;Ohio;n.i;QOBQ08200;N.I;Hospitalizacion;Stock;INVIMA 2014DM-0011333;CLASE I;DISPONIBLE;Cosmitet Ltda.;N/A;N/A
689;690;194;Flujometro;Timeter;0-15;UR-F001;N.I;Unidad Renal;Sala de hemodialisis;INVIMA 2017DM-0016940;CLASE I;BAJA;Cosmitet Ltda.;N/A;N/A
690;691;194;Flujometro;Timeter;0-15;UR-F002;N.I;Unidad Renal;Sala de hemodialisis;INVIMA 2017DM-0016940;CLASE I;DISPONIBLE;Cosmitet Ltda.;N/A;N/A
691;692;194;Flujometro;Timeter;0-15;UR-F003;N.I;Unidad Renal;Sala de hemodialisis;INVIMA 2017DM-0016940;CLASE I;BAJA;Cosmitet Ltda.;N/A;N/A
692;693;194;Flujometro;Timeter;0-15;UR-F004;N.I;Unidad Renal;Sala de hemodialisis;INVIMA 2017DM-0016940;CLASE I;DISPONIBLE;Cosmitet Ltda.;N/A;N/A
693;694;194;Flujometro;Timeter;0-15;UR-F005;N.I;Unidad Renal;Sala de hemodialisis;INVIMA 2017DM-0016940;CLASE I;DISPONIBLE;Cosmitet Ltda.;N/A;N/A
694;695;194;Flujometro;Timeter;0-15;UR-F006;N.I;Unidad Renal;Sala de hemodialisis;INVIMA 2017DM-0016940;CLASE I;DISPONIBLE;Cosmitet Ltda.;CLASE IIA;N/A
695;696;170;Flujometro;Gentec;FM197B-15l-CH;61K19090212/105;N.I;Urgencias;Aislamiento 2;INVIMA 2021DM-0024519;CLASE I;DISPONIBLE;Cosmitet Ltda.;Cosmitet Ltda.;N/A
696;697;184;Flujometro;Oxigen;NI;URG-F016;N.I;Urgencias;Obs. camilla #1;INVIMA 2009DM-0003227;CLASE I;DISPONIBLE;Cosmitet Ltda.;N/A;N/A
697;698;169;Flujometro;Gentec;FM197B-15L-CH;61K19050170-333;N.I;UCI 1;Cubiculo 13;INVIMA 2021DM-0024519;CLASE I;DISPONIBLE;Cosmitet Ltda.;Cosmitet Ltda.;N/A
698;699;197;Flujometro;Timeter;0-15L;URG-F002;N.I;Urgencias;Sala de hidratacion;INVIMA 2017DM-0016940;CLASE I;DISPONIBLE;Cosmitet Ltda.;N/A;N/A
699;700;163;Flujometro;Generico;0-15L;URG-F003;N.A;Urgencias;Reanimacion;INVIMA 2019DM-0019944;CLASE I;DISPONIBLE;Cosmitet Ltda.;Cosmitet Ltda.;N/A
700;701;186;Flujometro;Precision Medical;0-15;URG-F012;N.A;Urgencias;Obs. camilla #8;INVIMA 2013DM-0010822;CLASE I;DISPONIBLE;Cosmitet Ltda.;Cosmitet Ltda.;N/A
701;702;157;Flujometro;Air Imetan;FM100;URG-F015;N.A;Urgencias;Obs. camilla #9;INVIMA 2018DM-0003366-R1;CLASE I;DISPONIBLE;Cosmitet Ltda.;Cosmitet Ltda.;N/A
702;703;186;Flujometro;Precision Medical;0-15;URG-F004;N.I;Urgencias;Obs. camilla #7;INVIMA 2013DM-0010822;CLASE I;DISPONIBLE;Cosmitet Ltda.;N/A;N/A
703;704;186;Flujometro;Precision Medical;0-15;URG-F013;N.A;Urgencias;Obs. camilla #2;INVIMA 2013DM-0010822;CLASE I;DISPONIBLE;Cosmitet Ltda.;Cosmitet Ltda.;N/A
704;705;170;Flujometro;Gentec;FM197B-15l-CH;61K19090200/119;N.A;Urgencias;Sala de procedimientos;INVIMA 2021DM-0024519;CLASE I;DISPONIBLE;Cosmitet Ltda.;Cosmitet Ltda.;N/A
705;706;170;Flujometro;Gentec;FM197B-15l-CH;61K19090200/096;N.I;Urgencias;Obs. camilla #11;INVIMA 2021DM-0024519;CLASE I;DISPONIBLE;Cosmitet Ltda.;N/A;N/A
706;707;170;Flujometro;Gentec;FM197B-15l-CH;61K19090200/114;N.I;Urgencias;Obs. camilla #5;INVIMA 2021DM-0024519;CLASE I;DISPONIBLE;Cosmitet Ltda.;N/A;N/A
707;708;170;Flujometro;Gentec;FM197B-15l-CH;61K19090200/067;N.A;Urgencias;Obs. camilla #6;INVIMA 2021DM-0024519;CLASE I;DISPONIBLE;Cosmitet Ltda.;N/A;N/A
708;709;186;Flujometro;Precision Medical;0-15;URG-F005;N.A;Urgencias;Obs. camilla # 3;INVIMA 2013DM-0010822;CLASE I;DISPONIBLE;Cosmitet Ltda.;Cosmitet Ltda.;N/A
709;710;194;Flujometro;Timeter;0-15;URG-F017;N.A;Urgencias;Obs. camilla #10;INVIMA 2017DM-0016940;CLASE I;DISPONIBLE;Cosmitet Ltda.;Cosmitet Ltda.;N/A
710;711;170;Flujometro;Gentec;FM197B-15l-CH;61K19090212/077 (URG-F018);N.A;Urgencias;Aislamiento;INVIMA 2021DM-0024519;CLASE I;DISPONIBLE;Cosmitet Ltda.;Cosmitet Ltda.;N/A
711;712;169;Flujometro;Gentec;FM197B-15L-CH;61K19090200/117;N.A;Urgencias;Sala de inmovilizacion;INVIMA 2021DM-0024519;CLASE I;DISPONIBLE;Cosmitet Ltda.;N/A;N/A
712;713;189;Flujometro;Precision Medical;1MFA;UCO-F009;N.I;UCI 1;Cubiculo 8- BODEGA 3 PISO;INVIMA 2013DM-0010822;CLASE I;DISPONIBLE;Cosmitet Ltda.;N/A;N/A
713;714;167;Flujometro;Gentec;FM197A-3L-CH;61K19090197;N.I;Hospitalizacion;No especifica;INVIMA 2021DM-0024519;No especifica;DISPONIBLE;No especifica;No especifica;No especifica
714;715;202;Flujometro alto flujo;No especifica;N.I;N.I.;N.I;UCI 1;CUARTO DE EQUIPOS;INVIMA 2021DM-0024519;No especifica;DISPONIBLE;Cosmitet Ltda.;Cosmitet Ltda.;N/A
715;716;202;Flujometro alto flujo;No especifica;N.I;N.I.;N.I;UCI 1;CUARTO DE EQUIPOS;INVIMA 2021DM-0024519;No especifica;DISPONIBLE;Cosmitet Ltda.;N/A;N/A
716;717;201;Flujometro alto flujo;No especifica;0-70L;uci1-f006;N.I;Terapia Respiratoria;Terapia respiratoria;INVIMA 2021DM-0024519;No especifica;DISPONIBLE;Cosmitet Ltda.;Cosmitet Ltda.;N/A
717;718;219;Fonendoscopio;Riester;Adulto;000843;N5725;UCI 1;cubiculo 1;INVIMA 2017DM-0001461-R1;CLASE I;DISPONIBLE;Cosmitet Ltda.;N/A;N/A
718;719;227;Fonendoscopio;Seca;S10;N.I;N4480;Especialistas;Consultorio #11;INVIMA 2016DM-0015647;CLASE I;DISPONIBLE;Cosmitet Ltda.;N/A;N/A
719;720;227;Fonendoscopio;Seca;S10;N.I;N1335;Especialistas;Consultorio #12;INVIMA 2016DM-0015647;CLASE I;DISPONIBLE;Cosmitet Ltda.;N/A;N/A
720;721;227;Fonendoscopio;Seca;S10;N.I;N4481;Especialistas;Consultorio #5;INVIMA 2016DM-0015647;CLASE I;DISPONIBLE;Cosmitet Ltda.;N/A;N/A
721;722;227;Fonendoscopio;Seca;S10;N.I;N4474;Especialistas;Consultorio #8;INVIMA 2016DM-0015647;CLASE I;DISPONIBLE;Cosmitet Ltda.;N/A;N/A
722;723;204;Fonendoscopio;GMD;No especifica;N.I;N.I;Especialistas;Consultorio #5;INVIMA 2015DM-0014070;CLASE I;DISPONIBLE;Cosmitet Ltda.;N/A;N/A
723;724;227;Fonendoscopio;Seca;S10;N.I;N4477;Especialistas;Consultorio #6;INVIMA 2016DM-0015647;CLASE I;DISPONIBLE;Cosmitet Ltda.;N/A;N/A
724;725;227;Fonendoscopio;Seca;S10;N.I;N4475;Especialistas;Consutorio #4;INVIMA 2016DM-0015647;CLASE I;DISPONIBLE;Cosmitet Ltda.;N/A;N/A
725;726;227;Fonendoscopio;Seca;S10;N.I;N4482;Especialistas;Consultorio #9;INVIMA 2016DM-0015647;CLASE I;DISPONIBLE;Cosmitet Ltda.;N/A;N/A
726;727;227;Fonendoscopio;Seca;S10;N.I;N.I;Especialistas;Consultorio #3;INVIMA 2016DM-0015647;CLASE I;DISPONIBLE;Cosmitet Ltda.;N/A;N/A
727;728;234;Fonendoscopio;Welch Allyn;NI;NI;N.I;Especialistas;Consultorio;INVIMA 2017DM-0017258;CLASE I;DISPONIBLE;Cosmitet Ltda.;N/A;N/A
728;729;210;Fonendoscopio;Generico;NI;NI;AF30667;Hemodinamia;Quirofano;INVIMA 2020DM-0022582;CLASE I;BAJA;Cosmitet Ltda.;N/A;N/A
729;730;205;Fonendoscopio;GMD;n.i;001731;N.A;Hospitalizacion;estacion de enfermeria #8;INVIMA 2015DM-0014070;CLASE I;DISPONIBLE;Cosmitet Ltda.;N/A;N/A
730;731;205;Fonendoscopio;GMD;n.i;001734;N.A;Hospitalizacion;estacion de enfermeria #8;INVIMA 2015DM-0014070;CLASE I;Mantenimiento;Cosmitet Ltda.;N/A;N/A
731;732;205;Fonendoscopio;GMD;n.i;0016907;N.I;Hospitalizacion;Bodega hospitalizacion;INVIMA 2015DM-0014070;CLASE I;DISPONIBLE;Cosmitet Ltda.;N/A;N/A
732;733;222;Fonendoscopio;Riester;duplex 2,0;0017015;N.I;Hospitalizacion;Estacion de enfermeria#6;INVIMA 2017DM-0001461-R1;CLASE I;DISPONIBLE;Cosmitet Ltda.;N/A;N/A
733;734;212;Fonendoscopio;Generico;No indentificado;No identificada;N.I;Especialistas;Consultorio #1;INVIMA 2020DM-0022582;CLASE I;DISPONIBLE;Cosmitet Ltda.;N/A;N/A
734;735;203;Fonendoscopio;GMD;ADULTO;17029;N.I;Hospitalizacion;Estacion de enfermeria 5 piso norte;INVIMA 2015DM-0014070;CLASE I;DISPONIBLE;Cosmitet Ltda.;N/A;N/A
735;736;205;Fonendoscopio;GMD;n.i;0016911;N.I;Hospitalizacion;Estacion de enfermeria 5 piso norte;INVIMA 2015DM-0014070;CLASE I;DISPONIBLE;Cosmitet Ltda.;N/A;N/A
736;737;205;Fonendoscopio;GMD;n.i;0017032;N.I;Hospitalizacion;estacion de enfermeria #5 sur;INVIMA 2015DM-0014070;CLASE I;DISPONIBLE;Cosmitet Ltda.;N/A;N/A
737;738;205;Fonendoscopio;GMD;n.i;17030;N.I;Hospitalizacion;estacion de enfermeria #5 sur;INVIMA 2015DM-0014070;CLASE I;DISPONIBLE;Cosmitet Ltda.;N/A;N/A
738;739;218;Fonendoscopio;No especifica;n.i;17029;N.I;Hospitalizacion;estacion de enfermeria #5;INVIMA 2020DM-0021321;CLASE I;Mantenimiento;Cosmitet Ltda.;N/A;N/A
739;740;205;Fonendoscopio;GMD;n.i;0017033;N.I;Hospitalizacion;estacion de enfermeria #4;INVIMA 2015DM-0014070;CLASE I;Mantenimiento;Cosmitet Ltda.;N/A;N/A
740;741;205;Fonendoscopio;GMD;n.i;0017066;N.I;Hospitalizacion;estacion de enfermeria #4;INVIMA 2015DM-0014070;CLASE I;Mantenimiento;Cosmitet Ltda.;N/A;N/A
741;742;215;Fonendoscopio;Littmann;n.i;0017016;N.I;Hospitalizacion;estacion de enfermeria#4;INVIMA 2016DM-0014924;CLASE I;DISPONIBLE;Cosmitet Ltda.;N/A;N/A
742;743;215;Fonendoscopio;Littmann;n.i;017048;N.I;Hospitalizacion;estacion de enfermeria#4;INVIMA 2016DM-0014924;CLASE I;Mantenimiento;Cosmitet Ltda.;N/A;N/A
743;744;236;Fonendoscopio;Welch Allyn;n.i;n.i;n1274;Hospitalizacion;bodega hospitalizacion;INVIMA 2017DM-0017258;CLASE I;Mantenimiento;Cosmitet Ltda.;N/A;N/A
744;745;235;Fonendoscopio;Welch Allyn;No especifica;No especifica;V115373;Oncologia;Oficina jefe;INVIMA 2017DM-0017258;CLASE I;DISPONIBLE;Cosmitet Ltda.;N/A;N/A
745;746;235;Fonendoscopio;Welch Allyn;No especifica;No especifica;V115370;Oncologia;Oficina jefe;INVIMA 2017DM-0017258;CLASE I;DISPONIBLE;Cosmitet Ltda.;N/A;N/A
746;747;220;Fonendoscopio;Riester;Duplex 2.0;000868;N.I;UCI 2;Cubiculo 25;INVIMA 2017DM-0001461-R1;CLASE I;DISPONIBLE;Cosmitet Ltda.;N/A;N/A
747;748;228;Fonendoscopio;Seca;S22;N6630;N6630;Biomedico;Bodega de Biomedico;INVIMA 2016DM-0015647;CLASE I;DISPONIBLE;Cosmitet Ltda.;N/A;N/A
748;749;235;Fonendoscopio;Welch Allyn;No especifica;No especifica;V114352;Partos;Consultorio;INVIMA 2017DM-0017258;CLASE I;Mantenimiento;Cosmitet Ltda.;N/A;N/A
749;750;213;Fonendoscopio;Kaishun;510;No especifica;V101860;Partos;Observacion Partos;INVIMA 2017DM-0017258;CLASE I;Mantenimiento;Cosmitet Ltda.;N/A;N/A
750;751;225;Fonendoscopio;Seca;N.I;n.i;n2298;Rehabilitacion Cardiaca;Rehabilitacion cardiaca;INVIMA 2016DM-0015647;CLASE I;Mantenimiento;Cosmitet Ltda.;N/A;N/A
751;752;211;Fonendoscopio;Generico;No especifica;No especifica;N.I;Cirugia;Sala 2;INVIMA 2020DM-0022582;CLASE I;DISPONIBLE;Cosmitet Ltda.;N/A;N/A
752;753;223;Fonendoscopio;Riester;duplex 2.0;000869;N5724;UCI 1;Cubiculo 11;INVIMA 2017DM-0001461-R1;CLASE I;DISPONIBLE;Cosmitet Ltda.;N/A;N/A
753;754;211;Fonendoscopio;Generico;No especifica;No especifica;N.I;Cirugia;Sala 2;INVIMA 2020DM-0022582;CLASE I;DISPONIBLE;Cosmitet Ltda.;N/A;N/A
754;755;230;Fonendoscopio;Tenso med;Adulto;N.I;N.I;Cirugia;Sala 1;INVIMA 2007DM-0000690;CLASE I;DISPONIBLE;Cosmitet Ltda.;N/A;N/A
755;756;214;Fonendoscopio;Littmann;CLASSIC III;J16H836739;N.I;Cirugia;Recuperacion;INVIMA 2016DM-0014924;CLASE I;DISPONIBLE;Cosmitet Ltda.;N/A;N/A
756;757;211;Fonendoscopio;Generico;No especifica;No especifica;N.I;Cirugia;Recuperacion;INVIMA 2020DM-0022582;CLASE I;DISPONIBLE;Cosmitet Ltda.;N/A;N/A
757;758;232;Fonendoscopio;Welch Allyn;Dos Servicios Ref: 5079-135;SC634856;N10960;UCI 2;Bodega UCI /21;INVIMA 2017DM-0017258;CLASE I;DISPONIBLE;Cosmitet Ltda.;N/A;N/A
758;759;232;Fonendoscopio;Welch Allyn;Dos Servicios Ref: 5079-135;SC634853;N10952;UCI 2;Bodega UCI /16;INVIMA 2017DM-0017258;CLASE I;DISPONIBLE;Cosmitet Ltda.;N/A;N/A
759;760;232;Fonendoscopio;Welch Allyn;Dos Servicios Ref: 5079-135;SC634854;N10953;UCI 2;Bodega UCI /20;INVIMA 2017DM-0017258;CLASE I;DISPONIBLE;Cosmitet Ltda.;N/A;N/A
760;761;232;Fonendoscopio;Welch Allyn;Dos Servicios Ref: 5079-135;SC634855;N10954;UCI 1;Bodega UCI /13;INVIMA 2017DM-0017258;CLASE I;DISPONIBLE;Cosmitet Ltda.;N/A;N/A
761;762;232;Fonendoscopio;Welch Allyn;Dos Servicios Ref: 5079-135;SC634858;N10955;UCI 2;Bodega UCI /30;INVIMA 2017DM-0017258;CLASE I;DISPONIBLE;Cosmitet Ltda.;N/A;N/A
762;763;232;Fonendoscopio;Welch Allyn;Dos Servicios Ref: 5079-135;SC634860;N10956;UCI 2;Bodega UCI/15;INVIMA 2017DM-0017258;CLASE I;DISPONIBLE;Cosmitet Ltda.;N/A;N/A
763;764;232;Fonendoscopio;Welch Allyn;Dos Servicios Ref: 5079-135;SC634859;N10957;UCI 1;Bodega UCI /10;INVIMA 2017DM-0017258;CLASE I;DISPONIBLE;Cosmitet Ltda.;N/A;N/A
764;765;232;Fonendoscopio;Welch Allyn;Dos Servicios Ref: 5079-135;SC634852;N10958;UCI 1;Bodega UCI / 8;INVIMA 2017DM-0017258;CLASE I;DISPONIBLE;Cosmitet Ltda.;N/A;N/A
765;766;232;Fonendoscopio;Welch Allyn;Dos Servicios Ref: 5079-135;SC634857;N10959;UCI 1;Bodega UCI /9;INVIMA 2017DM-0017258;CLASE I;DISPONIBLE;Cosmitet Ltda.;N/A;N/A
766;767;231;Fonendoscopio;Welch Allyn;Adulto;N.I;N99;Cirugia;Recuperacion;INVIMA 2017DM-0017258;CLASE I;DISPONIBLE;Cosmitet Ltda.;N/A;N/A
767;768;225;Fonendoscopio;Seca;N.I;013034;N.I;UCI 1;No especifica;INVIMA 2016DM-0015647;CLASE I;Mantenimiento;Cosmitet Ltda.;N/A;N/A
768;769;220;Fonendoscopio;Riester;Duplex 2.0;000880;N.I;UCI 2;Cubiculo 17;INVIMA 2017DM-0001461-R1;CLASE I;DISPONIBLE;Cosmitet Ltda.;N/A;N/A
769;770;224;Fonendoscopio;Seca;1840;013039;N.A;UCI 1;Cubiculo 19/no;INVIMA 2016DM-0015647;CLASE I;DISPONIBLE;Cosmitet Ltda.;N/A;N/A
770;771;220;Fonendoscopio;Riester;Duplex 2.0;000881;N.I;UCI 2;Cubiculo 22;INVIMA 2017DM-0001461-R1;CLASE I;DISPONIBLE;Cosmitet Ltda.;N/A;N/A
771;772;220;Fonendoscopio;Riester;Duplex 2.0;000883;N.I;UCI 2;Cubiculo 23;INVIMA 2017DM-0001461-R1;CLASE I;DISPONIBLE;Cosmitet Ltda.;N/A;N/A
772;773;220;Fonendoscopio;Riester;Duplex 2.0;000848;N.I;UCI 2;Cubiculo 28;INVIMA 2017DM-0001461-R1;CLASE I;DISPONIBLE;Cosmitet Ltda.;N/A;N/A
773;774;209;Fonendoscopio;Generico;N.i.;0012957;N.I;UCI 1;Cubiculo 09/no;INVIMA 2020DM-0022582;CLASE I;DISPONIBLE;Cosmitet Ltda.;N/A;N/A
774;775;226;Fonendoscopio;Seca;NI;0013026;N.I;UCI 1;Cubiculo 21/no;INVIMA 2016DM-0015647;CLASE I;DISPONIBLE;Cosmitet Ltda.;N/A;N/A
775;776;220;Fonendoscopio;Riester;Duplex 2.0;000879;N.I;UCI 2;Cubiculo 27;INVIMA 2017DM-0001461-R1;CLASE I;DISPONIBLE;Cosmitet Ltda.;N/A;N/A
776;777;220;Fonendoscopio;Riester;Duplex 2.0;000849;N.I;UCI 2;Cubiculo 26;INVIMA 2017DM-0001461-R1;CLASE I;DISPONIBLE;Cosmitet Ltda.;N/A;N/A
777;778;220;Fonendoscopio;Riester;Duplex 2.0;000867;N.I;UCI 2;Cubiculo 29;INVIMA 2017DM-0001461-R1;CLASE I;DISPONIBLE;Cosmitet Ltda.;N/A;N/A
778;779;236;Fonendoscopio;Welch Allyn;n.i;9193;N.I;UCI Pediatrica;No especifica;INVIMA 2017DM-0017258;CLASE I;Mantenimiento;Cosmitet Ltda.;N/A;N/A
779;780;236;Fonendoscopio;Welch Allyn;n.i;9194;N355;UCI Pediatrica;cuidado intermedio neonatal;INVIMA 2017DM-0017258;CLASE I;Mantenimiento;Cosmitet Ltda.;N/A;N/A
780;781;217;Fonendoscopio;No especifica;N.I;PED-FD001;N.I;UCI Pediatrica;Cubiculo de cuidado basico neonatal;INVIMA 2020DM-0021321;CLASE I;Mantenimiento;Cosmitet Ltda.;N/A;N/A
781;782;217;Fonendoscopio;No especifica;N.I;PED-FD002;N.I;UCI Pediatrica;Cubiculo de aislamiento 1;INVIMA 2020DM-0021321;CLASE I;Mantenimiento;Cosmitet Ltda.;N/A;N/A
782;783;220;Fonendoscopio;Riester;Duplex 2.0;000900;N.I;UCI 2;Cubiculo 24;INVIMA 2017DM-0001461-R1;CLASE I;DISPONIBLE;Cosmitet Ltda.;N/A;N/A
783;784;220;Fonendoscopio;Riester;Duplex 2.0;000878;N.I;UCI 2;Cubiculo 19;INVIMA 2017DM-0001461-R1;CLASE I;DISPONIBLE;Cosmitet Ltda.;N/A;N/A
784;785;227;Fonendoscopio;Seca;S10;000876;N.I;UCI 1;Trabajo limpio- Bodega Uci;INVIMA 2016DM-0015647;CLASE I;DISPONIBLE;Cosmitet Ltda.;N/A;N/A
785;786;227;Fonendoscopio;Seca;S10;000882;N.I;UCIN;Cubiculo 4;INVIMA 2016DM-0015647;CLASE I;DISPONIBLE;Cosmitet Ltda.;N/A;N/A
786;787;227;Fonendoscopio;Seca;S10;0013024;N.I;UCI 1;Cubiculo 15/ no;INVIMA 2016DM-0015647;CLASE I;DISPONIBLE;Cosmitet Ltda.;N/A;N/A
787;788;219;Fonendoscopio;Riester;Adulto;013040;N.I;UCIN;Cubiculo 7;INVIMA 2017DM-0001461-R1;CLASE I;DISPONIBLE;Cosmitet Ltda.;N/A;N/A
788;789;206;Fonendoscopio;Generico;ADULTO;000846;N.I;UCIN;Cubiculo 3;INVIMA 2020DM-0022582;CLASE I;DISPONIBLE;Cosmitet Ltda.;N/A;N/A
789;790;236;Fonendoscopio;Welch Allyn;n.i;013096;N2450;UCI 1;Cubiculo 8- Bodega Uci;INVIMA 2017DM-0017258;CLASE I;DISPONIBLE;Cosmitet Ltda.;N/A;N/A
790;791;207;Fonendoscopio;Generico;Adulto;013030;N.I;UCIN;Cubiculo 6;INVIMA 2020DM-0022582;CLASE I;DISPONIBLE;Cosmitet Ltda.;N/A;N/A
791;792;218;Fonendoscopio;No especifica;n.i;013092;N.I;UCIN;CUBICULO 8;INVIMA 2020DM-0021321;CLASE I;DISPONIBLE;Cosmitet Ltda.;N/A;N/A
792;793;221;Fonendoscopio;Riester;N.I;000850;N.I;UCIN;CUBICULO 9;INVIMA 2017DM-0001461-R1;CLASE I;DISPONIBLE;Cosmitet Ltda.;N/A;N/A
793;794;221;Fonendoscopio;Riester;N.I;000866;N.I;UCIN;CUBICULO 2;INVIMA 2017DM-0001461-R1;CLASE I;DISPONIBLE;Cosmitet Ltda.;N/A;N/A
794;795;233;Fonendoscopio;Welch Allyn;N.I;0013091;N2453;UCI 1;Trabajo limpio- Bodega Uci;INVIMA 2017DM-0017258;CLASE I;DISPONIBLE;Cosmitet Ltda.;N/A;N/A
795;796;216;Fonendoscopio;Lord;N.I;013025;N.I;UCIN;cubiculo 1;INVIMA 2009DM-0004172;CLASE I;DISPONIBLE;Cosmitet Ltda.;N/A;N/A
796;797;233;Fonendoscopio;Welch Allyn;N.I;0013023;N.I;UCI 1;Cubiculo 16/no;INVIMA 2017DM-0017258;CLASE I;DISPONIBLE;Cosmitet Ltda.;N/A;N/A
797;798;221;Fonendoscopio;Riester;N.I;013019;N.I;UCI 1;Trabajo limpio- Bodega Uci;INVIMA 2017DM-0001461-R1;CLASE I;DISPONIBLE;Cosmitet Ltda.;N/A;N/A
798;799;208;Fonendoscopio;Generico;N.I;013041;N2448;UCI 1;Cubiculo 30/no;INVIMA 2020DM-0022582;CLASE I;DISPONIBLE;Cosmitet Ltda.;N/A;N/A
799;800;236;Fonendoscopio;Welch Allyn;n.i;013042;N2449;UCI 1;Trabajo limpio- Bodega Uci;INVIMA 2017DM-0017258;CLASE I;DISPONIBLE;Cosmitet Ltda.;N/A;N/A
800;801;220;Fonendoscopio;Riester;Duplex 2.0;000845;N5719;UCI 1;Cubiculo 2;INVIMA 2017DM-0001461-R1;CLASE I;DISPONIBLE;Cosmitet Ltda.;N/A;N/A
801;802;219;Fonendoscopio;Riester;Adulto;000893;N.I;UCI 1;Cubiculo 3;INVIMA 2017DM-0001461-R1;CLASE I;DISPONIBLE;Cosmitet Ltda.;N/A;N/A
802;803;219;Fonendoscopio;Riester;Adulto;000856;N.I;UCI 1;Cubiculo 7;INVIMA 2017DM-0001461-R1;CLASE I;DISPONIBLE;Cosmitet Ltda.;N/A;N/A
803;804;219;Fonendoscopio;Riester;Adulto;000870;N.A;UCI 1;Cubiculo 14;INVIMA 2017DM-0001461-R1;CLASE I;DISPONIBLE;Cosmitet Ltda.;N/A;N/A
804;805;231;Fonendoscopio;Welch Allyn;Adulto;000871;N2451;UCIN;CUBICULO 5;INVIMA 2017DM-0017258;CLASE I;DISPONIBLE;Cosmitet Ltda.;N/A;N/A
805;806;219;Fonendoscopio;Riester;Adulto;000864;N.A;UCI 1;Cubiculo 12;INVIMA 2017DM-0001461-R1;CLASE I;DISPONIBLE;Cosmitet Ltda.;N/A;N/A
806;807;219;Fonendoscopio;Riester;Adulto;000865;N5723;UCI 1;Cubiculo 6;INVIMA 2017DM-0001461-R1;CLASE I;DISPONIBLE;Cosmitet Ltda.;N/A;N/A
807;808;219;Fonendoscopio;Riester;Adulto;000847;N.A;UCI 1;Cubiculo 5;INVIMA 2017DM-0001461-R1;CLASE I;DISPONIBLE;Cosmitet Ltda.;N/A;N/A
808;809;220;Fonendoscopio;Riester;Duplex 2.0;000884;N.I;UCI 2;Cubiculo 18;INVIMA 2017DM-0001461-R1;CLASE I;DISPONIBLE;Cosmitet Ltda.;N/A;N/A
809;810;207;Fonendoscopio;Generico;Adulto;013093;N.I;UCI 1;cubiculo 08/n0;INVIMA 2020DM-0022582;CLASE I;DISPONIBLE;Cosmitet Ltda.;N/A;N/A
810;811;207;Fonendoscopio;Generico;Adulto;0013038;N.I;UCI 1;Cubiculo 10/no;INVIMA 2020DM-0022582;CLASE I;DISPONIBLE;Cosmitet Ltda.;N/A;N/A
811;812;223;Fonendoscopio;Riester;duplex 2.0;000844;N5721;UCI 1;Cubiculo 4;INVIMA 2017DM-0001461-R1;CLASE I;DISPONIBLE;Cosmitet Ltda.;N/A;N/A
812;813;229;Fonendoscopio;Seca;S30;N.I;N8086;Urgencias;Triagge 2;INVIMA 2016DM-0015647;CLASE I;DISPONIBLE;Cosmitet Ltda.;N/A;N/A
813;814;229;Fonendoscopio;Seca;S30;N.I;N8087;Urgencias;Consultorio #3;INVIMA 2016DM-0015647;CLASE I;DISPONIBLE;Cosmitet Ltda.;N/A;N/A
814;815;229;Fonendoscopio;Seca;S30;N-I;N8088;Urgencias;Consultorio #4;INVIMA 2016DM-0015647;CLASE I;DISPONIBLE;Cosmitet Ltda.;N/A;N/A
815;816;229;Fonendoscopio;Seca;S30;N.I;N8089;Urgencias;Triage 1;INVIMA 2016DM-0015647;CLASE I;DISPONIBLE;Cosmitet Ltda.;N/A;N/A
816;817;229;Fonendoscopio;Seca;S30;N.I;N8090;Urgencias;Oficina jefe;INVIMA 2016DM-0015647;CLASE I;DISPONIBLE;Cosmitet Ltda.;N/A;N/A
817;818;229;Fonendoscopio;Seca;S30;N.I;N8091;Urgencias;obs 1;INVIMA 2016DM-0015647;CLASE I;DISPONIBLE;Cosmitet Ltda.;N/A;N/A
818;819;229;Fonendoscopio;Seca;S30;N.i;N8092;Urgencias;Consultorio #1;INVIMA 2016DM-0015647;CLASE I;DISPONIBLE;Cosmitet Ltda.;N/A;N/A
819;820;221;Fonendoscopio;Riester;N.I;N.I;N.I;Urgencias;Observacion;INVIMA 2017DM-0001461-R1;CLASE I;DISPONIBLE;Cosmitet Ltda.;N/A;N/A
820;821;220;Fonendoscopio;Riester;Duplex 2.0;N.I;N2631;Urgencias;Oficina jefe;INVIMA 2017DM-0001461-R1;CLASE I;DISPONIBLE;Cosmitet Ltda.;N/A;N/A
821;822;220;Fonendoscopio;Riester;Duplex 2.0;N.I;N2629;Urgencias;Oficina jefe;INVIMA 2017DM-0001461-R1;CLASE I;DISPONIBLE;Cosmitet Ltda.;N/A;N/A
822;823;220;Fonendoscopio;Riester;Duplex 2.0;N.I;N2628;Urgencias;Oficina jefe;INVIMA 2017DM-0001461-R1;CLASE I;DISPONIBLE;Cosmitet Ltda.;N/A;N/A
823;824;220;Fonendoscopio;Riester;Duplex 2.0;N.I;N2632;Urgencias;Oficina jefe;INVIMA 2017DM-0001461-R1;CLASE I;DISPONIBLE;Cosmitet Ltda.;N/A;N/A
824;825;220;Fonendoscopio;Riester;Duplex 2.0;N.I;N2630;Urgencias;Oficina jefe;INVIMA 2017DM-0001461-R1;CLASE I;DISPONIBLE;Cosmitet Ltda.;N/A;N/A
825;826;224;Fonendoscopio;Seca;1840;No indica;N4476;Especialistas;Consultorio #2;INVIMA 2016DM-0015647;CLASE I;DISPONIBLE;Cosmitet Ltda.;N/A;N/A
826;827;231;Fonendoscopio;Welch Allyn;Adulto;N.I;N.I;Cirugia;preparacion pacientes;INVIMA 2017DM-0017258;No especifica;DISPONIBLE;No especifica;No especifica;No especifica
827;828;237;Fonendoscopio pediatrico;Welch Allyn;pediatrico;N.I;N.I;Urgencias;Observacion;INVIMA 2017DM-0017258;CLASE I;DISPONIBLE;Cosmitet Ltda.;N/A;N/A
828;829;238;Fronto luz;Welch Allyn;49000;NI;N365;Especialistas;Consultorio #5;INVIMA 2023DM-0009826-R1;No especifica;DISPONIBLE;Cosmitet Ltda.;N/A;N/A
829;830;239;Fronto luz;Welch Allyn;49020;CRG-FL002;N8934;Cirugia;Recuperacion;INVIMA 2023DM-0009826-R1;No especifica;DISPONIBLE;Cosmitet Ltda.;N/A;N/A
830;831;238;Fronto luz;Welch Allyn;49000;No especifica;N8934;Cirugia;Recuperacion;No especifica;No especifica;DISPONIBLE;No especifica;No especifica;No especifica
831;832;240;Fuente de Luz;Conmed;LS8000;21412310;N.I;Cirugia;Cuarto de equipos;INVIMA 2016DM-0015462;No especifica;DISPONIBLE;Cosmitet Ltda.;Cosmitet Ltda.;SEMESTRAL
832;833;241;Fuente de Luz;Karl Storz;XENON 175;LC0633511;N.I;Cirugia;Cuarto de equipos;INVIMA 2018DM-0018948;No especifica;DISPONIBLE;Cosmitet Ltda.;Cosmitet Ltda.;SEMESTRAL
833;834;243;Fuente de Luz;Olympus;Evis exera III CVL-190;7457978;N810-2;Gastroscopia;Sala de procedimientos (torre 190);INVIMA 2023DM-0010442-R1;No especifica;DISPONIBLE;Cosmitet Ltda.;Biomeg;SEMESTRAL
834;835;242;Fuente de Luz;Olympus;Evis exera II CLV-180;7600375;N.I;Gastroscopia;Sala de procedimientos (torre 180);INVIMA 2023DM-0010442-R1;No especifica;DISPONIBLE;Cosmitet Ltda.;Biomeg;SEMESTRAL
835;836;244;Fuente de luz Anoscopio;Karl Storz;11301;0104048551226797;N8503-1;Gastroscopia;Sala de procedimientos;INVIMA 2018DM-0018948;No especifica;DISPONIBLE;Cosmitet Ltda.;Procaps;N/A
836;837;480;Sin Clasificar;Bionet;cardio7;T701000010;V115430;Hospitalizacion;Hospitalizacion;INVIMA 2015DM-0013224;CLASE IIA;DISPONIBLE;Cosmitet Ltda.;Cosmitet Ltda.;ANUAL
837;838;249;Glucometro;GlucoQuick;g30a;4241121400111943;N.I;Hospitalizacion;estacion de enfermeria #8;INVIMA 2021DM-0007698-R1;CLASE IIA;DISPONIBLE;Cosmitet Ltda.;Procaps;SEMESTRAL
838;839;249;Glucometro;GlucoQuick;g30a;4241120390101736;N.I;Hospitalizacion;estacion de enfermeria #5 NORTE;INVIMA 2021DM-0007698-R1;CLASE IIA;DISPONIBLE;Cosmitet Ltda.;Procaps;SEMESTRAL
839;840;249;Glucometro;GlucoQuick;g30a;4241120390101769;N.I;Hospitalizacion;estacion de enfermeria #5 SUR;INVIMA 2021DM-0007698-R1;CLASE IIA;DISPONIBLE;Cosmitet Ltda.;Procaps;SEMESTRAL
840;841;249;Glucometro;GlucoQuick;g30a;424112053025568;N.I;Hospitalizacion;estacion de enfermeria #4 Norte;INVIMA 2021DM-0007698-R1;CLASE IIA;DISPONIBLE;Cosmitet Ltda.;Procaps;SEMESTRAL
841;842;249;Glucometro;GlucoQuick;g30a;424112039010168A;N.I;Hospitalizacion;estacion de enfermeria #4 Sur;INVIMA 2021DM-0007698-R1;CLASE IIA;DISPONIBLE;Cosmitet Ltda.;Procaps;SEMESTRAL
842;843;246;Glucometro;GlucoQuick;G30A;424112053002202C;N.I;Unidad Renal;Estacion de enfermeria;INVIMA 2021DM-0007698-R1;No especifica;DISPONIBLE;Cosmitet Ltda.;Procaps;N/A
843;844;246;Glucometro;GlucoQuick;G30A;4241121400023293;N.A;Cirugia;Recuperacion;INVIMA 2021DM-0007698-R1;CLASE IIA;DISPONIBLE;Cosmitet Ltda.;Procaps;SEMESTRAL
844;845;247;Glucometro;GlucoQuick;G30a;N.I;N.A;UCI 1;Carro de paro;INVIMA 2021DM-0007698-R1;CLASE IIA;DISPONIBLE;Cosmitet Ltda.;Procaps;SEMESTRAL
845;846;245;Glucometro;GlucoQuick;630a;424112052002270;N.I;UCI 2;Carro de medicamentos;INVIMA 2021DM-0007698-R1;CLASE IIA;DISPONIBLE;Cosmitet Ltda.;Procaps;SEMESTRAL
846;847;247;Glucometro;GlucoQuick;G30a;4241121440097562;N.I;UCIN;Carro de medicamentos;INVIMA 2021DM-0007698-R1;CLASE IIA;DISPONIBLE;Proveedor;Procaps;SEMESTRAL
847;848;248;Glucometro;GlucoQuick;GS30A;424112140002352F;N.A;Urgencias;Observacion 1;INVIMA 2021DM-0007698-R1;CLASE IIA;DISPONIBLE;Proveedor;Procaps;SEMESTRAL
848;849;246;Glucometro;GlucoQuick;G30A;4241121400006755;N.A;Urgencias;Procedimientos;INVIMA 2021DM-0007698-R1;CLASE IIA;DISPONIBLE;Proveedor;Procaps;SEMESTRAL
849;850;246;Glucometro;GlucoQuick;G30A;4241122080098250;N.I;Cirugia;preparacion de pacientes;INVIMA 2021DM-0007698-R1;CLASE IIA;DISPONIBLE;Cosmitet Ltda.;Procaps;SEMESTRAL
850;851;259;Hemoglobinometro;DIASPECT;90C.0003;S10T0445;N.I;Banco de Sangre;Valoracion Entrevista;NVIMA 2010DM-0005780;No especifica;DISPONIBLE;Cosmitet Ltda.;Cosmitet Ltda.;ANUAL
851;852;259;Hemoglobinometro;DIASPECT;90C.0003;S12T2304;N.I;Banco de Sangre;Campanas;NVIMA 2010DM-0005780;No especifica;DISPONIBLE;Cosmitet Ltda.;Cosmitet Ltda.;ANUAL
852;853;259;Hemoglobinometro;DIASPECT;90C.0003;S12T0524;N.I;Banco de Sangre;Campanas;NVIMA 2010DM-0005780;No especifica;Mantenimiento;Cosmitet Ltda.;Cosmitet Ltda.;ANUAL
853;854;260;Hemoglobinometro;HEMOCUE;HB 301;1207813131;N.I;Banco de Sangre;Valoracion Entrevista;NVIMA 2010DM-0005780;No especifica;DISPONIBLE;Cosmitet Ltda.;Cosmitet Ltda.;ANUAL
854;855;259;Hemoglobinometro;DIASPECT;90C.0003;S10T0524;N.I;Banco de Sangre;Valoracion Entrevista;NVIMA 2010DM-0005780;No especifica;DISPONIBLE;Cosmitet Ltda.;Cosmitet Ltda.;N/A
855;856;252;HUB Rack;Baxter;EvoIQ HUB;SF2A21076555;N.I;Cirugia;Sala 4;INVIMA2019EBC-0020775;No especifica;DISPONIBLE;Baxter;Baxter;BIANUAL
856;857;252;HUB Rack;Baxter;EvoIQ HUB;SF2A21076557;N.I;Cirugia;Sala 1;INVIMA2019EBC-0020775;No especifica;DISPONIBLE;Baxter;Baxter;BIANUAL
857;858;252;HUB Rack;Baxter;EvoIQ HUB;SF2A21076556;N.I;Cirugia;Sala 2;INVIMA2019EBC-0020775;No especifica;DISPONIBLE;Baxter;Baxter;BIANUAL
858;859;252;HUB Rack;Baxter;EvoIQ HUB;SF2A21076554;N.I;Cirugia;Sala 4;INVIMA2019EBC-0020775;No especifica;DISPONIBLE;Baxter;Baxter;BIANUAL
859;860;252;HUB Rack;Baxter;EvoIQ HUB;SF2J21076501;N.I;UCI 2;Cubiculo 18;INVIMA2019EBC-0020775;No especifica;DISPONIBLE;Baxter;Baxter;BIANUAL
860;861;253;HUB Rack;Baxter;EvoIQ-HUB;SF2J0A043809;N.I;UCI 2;Cubiculo 19;INVIMA2019EBC-0020775;No especifica;DISPONIBLE;Baxter;Baxter;BIANUAL
861;862;253;HUB Rack;Baxter;EvoIQ-HUB;SF2J21076503;N.I;UCI 2;Cubiculo 21;INVIMA2019EBC-0020775;No especifica;DISPONIBLE;Baxter;Baxter;BIANUAL
862;863;253;HUB Rack;Baxter;EvoIQ-HUB;SF2J21076505;N.I;UCI 2;Cubiculo 30;INVIMA2019EBC-0020775;No especifica;DISPONIBLE;Baxter;Baxter;BIANUAL
863;864;253;HUB Rack;Baxter;EvoIQ-HUB;SF2J21076496;N.I;UCI 2;Cubiculo 30;INVIMA2019EBC-0020775;No especifica;DISPONIBLE;Baxter;Baxter;BIANUAL
864;865;253;HUB Rack;Baxter;EvoIQ-HUB;SF2J21076498;N.I;UCI 2;Cubiculo 28;INVIMA2019EBC-0020775;No especifica;DISPONIBLE;Baxter;Baxter;BIANUAL
865;866;251;HUB Rack;Baxter;Evo IQ HUB;SF2J21076500;N.I;UCI 2;Cubiculo 24;INVIMA2019EBC-0020775;No especifica;DISPONIBLE;Baxter;Baxter;BIANUAL
866;867;253;HUB Rack;Baxter;EvoIQ-HUB;SF2A21076580;N.I;UCI 2;Cubiculo 15;INVIMA2019EBC-0020775;No especifica;DISPONIBLE;Baxter;Baxter;BIANUAL
867;868;253;HUB Rack;Baxter;EvoIQ-HUB;SF2A21076573;N.I;UCI 2;Cubiculo 15;INVIMA2019EBC-0020775;No especifica;DISPONIBLE;Baxter;Baxter;BIANUAL
868;869;253;HUB Rack;Baxter;EvoIQ-HUB;SF2A21076579;N.I;UCI 2;Cubiculo 17;INVIMA2019EBC-0020775;No especifica;DISPONIBLE;Baxter;Baxter;BIANUAL
869;870;253;HUB Rack;Baxter;EvoIQ-HUB;SF2A21076541;N.I;UCI 2;Cubiculo 22;INVIMA2019EBC-0020775;No especifica;DISPONIBLE;Baxter;Baxter;BIANUAL
870;871;250;HUB Rack;Baxter;EVO IQ HUB;SF2A21076545;N.I;UCI 2;Cubiculo 29;INVIMA2019EBC-0020775;No especifica;DISPONIBLE;Baxter;Baxter;BIANUAL
871;872;253;HUB Rack;Baxter;EvoIQ-HUB;SF2A21076566;N.I;UCI 2;Cubiculo 30;INVIMA2019EBC-0020775;No especifica;DISPONIBLE;Baxter;Baxter;BIANUAL
872;873;253;HUB Rack;Baxter;EvoIQ-HUB;SF2A21076563;N.I;UCI 2;Cubiculo 29;INVIMA2019EBC-0020775;No especifica;DISPONIBLE;Baxter;Baxter;BIANUAL
873;874;253;HUB Rack;Baxter;EvoIQ-HUB;SF2A21076548;N.I;UCI 2;Cubiculo 30;INVIMA2019EBC-0020775;No especifica;DISPONIBLE;Baxter;Baxter;BIANUAL
874;875;257;HUB Rack;Baxter;No especifica;SF2A21076577;N.I;UCI 2;Cubiculo 24;INVIMA2019EBC-0020775;No especifica;DISPONIBLE;Baxter;Baxter;BIANUAL
875;876;253;HUB Rack;Baxter;EvoIQ-HUB;SF2A21076550;N.I;UCI 2;Cubiculo 30;INVIMA2019EBC-0020775;No especifica;DISPONIBLE;Baxter;Baxter;BIANUAL
876;877;253;HUB Rack;Baxter;EvoIQ-HUB;SF2A21076578;N.I;UCI 2;Cubiculo 22;INVIMA2019EBC-0020775;No especifica;DISPONIBLE;Baxter;Baxter;BIANUAL
877;878;250;HUB Rack;Baxter;EVO IQ HUB;SF2A21076571;N.I;UCI 2;Cubiculo 20;INVIMA2019EBC-0020775;No especifica;DISPONIBLE;Baxter;Baxter;BIANUAL
878;879;254;HUB Rack;Baxter;Evoiq HUB;SF2A21076549;N.I;Hemodinamia;Preparacion pacientes;INVIMA2019EBC-0020775;No especifica;DISPONIBLE;Baxter;Baxter;BIANUAL
879;880;254;HUB Rack;Baxter;Evoiq HUB;SF2A21076569;N.I;Hemodinamia;Quirofano;INVIMA2019EBC-0020775;No especifica;DISPONIBLE;Baxter;Baxter;BIANUAL
880;881;258;HUB Rack;Baxter;evoiq hub;sf2j21076502;N.I;UCI 1;Cubiculo 6;INVIMA2019EBC-0020775;No especifica;DISPONIBLE;Baxter;Baxter;BIANUAL
881;882;262;Hub Rack;Baxter;Evo IQ;SF2J21076540;N.I;UCI 1;Cubiculo 6 - UCIN;INVIMA2019EBC-0020775;No especifica;DISPONIBLE;Baxter;Baxter;BIANUAL
882;883;253;HUB Rack;Baxter;EvoIQ-HUB;SF2J21076519;N.I;UCI 2;Cubiculo 16;INVIMA2019EBC-0020775;No especifica;DISPONIBLE;Baxter;Baxter;ANUAL
883;884;250;HUB Rack;Baxter;EVO IQ HUB;SF2J21076494;N.I;UCIN;CUBICULO 2;INVIMA2019EBC-0020775;No especifica;DISPONIBLE;Baxter;Baxter;BIANUAL
884;885;261;Hub Rack;Baxter;EVO IQ HUB;SF2J21076491;N.I;UCI 2;Cubiculo 26;INVIMA2019EBC-0020775;No especifica;DISPONIBLE;Baxter;Baxter;BIANUAL
885;886;261;Hub Rack;Baxter;EVO IQ HUB;SF2J21076495;N.I;UCIN;CUBICULO 5;INVIMA2019EBC-0020775;No especifica;DISPONIBLE;Baxter;BAXTER;BIANUAL
886;887;261;Hub Rack;Baxter;EVO IQ HUB;SF2A21076560;N.I;UCI 2;Cubiculo 23;INVIMA2019EBC-0020775;No especifica;DISPONIBLE;Baxter;BAXTER;BIANUAL
887;888;261;Hub Rack;Baxter;EVO IQ HUB;SF2A21076552;N.I;UCI 2;Cubiculo 23;INVIMA2019EBC-0020775;No especifica;DISPONIBLE;Baxter;BAXTER;BIANUAL
888;889;258;HUB Rack;Baxter;evoiq hub;Sf2j21076535;N.I;UCIN;CUBICULO 2;INVIMA2019EBC-0020775;No especifica;DISPONIBLE;Baxter;Baxter;BIANUAL
889;890;253;HUB Rack;Baxter;EvoIQ-HUB;SF2J21076504;AB 21-019285;UCI 1;Cubiculo 14;INVIMA2019EBC-0020775;No especifica;DISPONIBLE;Baxter;Baxter;BIANUAL
890;891;253;HUB Rack;Baxter;EvoIQ-HUB;SF2J21076518;AB 21-019279;UCI 1;cubiculo 07;INVIMA2019EBC-0020775;No especifica;DISPONIBLE;Baxter;Baxter;ANUAL
891;892;253;HUB Rack;Baxter;EvoIQ-HUB;SF2J21076533;N.I;UCI 1;Cubiculo 5;INVIMA2019EBC-0020775;No especifica;DISPONIBLE;Baxter;Baxter;BIANUAL
892;893;253;HUB Rack;Baxter;EvoIQ-HUB;SF2J21076532;N.I;UCIN;CUBICULO 7;INVIMA2019EBC-0020775;No especifica;DISPONIBLE;Baxter;Baxter;BIANUAL
893;894;253;HUB Rack;Baxter;EvoIQ-HUB;SF2J21076510;N.I;UCI 1;cubiculo 02;INVIMA2019EBC-0020775;No especifica;DISPONIBLE;Baxter;Baxter;BIANUAL
894;895;253;HUB Rack;Baxter;EvoIQ-HUB;SF2J21076511;N.I;UCI 2;Cubiculo 20;INVIMA2019EBC-0020775;No especifica;DISPONIBLE;Baxter;Baxter;BIANUAL
895;896;250;HUB Rack;Baxter;EVO IQ HUB;SF2J21076492;AB:21-019271;UCI 1;Cubiculo 3;INVIMA2019EBC-0020775;No especifica;DISPONIBLE;Baxter;Baxter;BIANUAL
896;897;256;HUB Rack;Baxter;IvoIQ HUB;SF2J21076497;N.I;UCIN;CUBICULO 7;INVIMA2019EBC-0020775;No especifica;DISPONIBLE;Baxter;Baxter;BIANUAL
897;898;252;HUB Rack;Baxter;EvoIQ HUB;SF2J21076515;AB 21-019272;UCI 1;Cubiculo 11;INVIMA2019EBC-0020775;No especifica;DISPONIBLE;Baxter;Baxter;ANUAL
898;899;252;HUB Rack;Baxter;EvoIQ HUB;SF2J21076508;AB 21-019269;UCI 1;Cubiculo 3;INVIMA2019EBC-0020775;No especifica;DISPONIBLE;Baxter;Baxter;ANUAL
899;900;252;HUB Rack;Baxter;EvoIQ HUB;SF2J21076507;N.I;UCIN;CUBICULO 1;INVIMA2019EBC-0020775;No especifica;DISPONIBLE;Baxter;Baxter;BIANUAL
900;901;252;HUB Rack;Baxter;EvoIQ HUB;SF2J21076499;AB 21019280;UCI 1;cubiculo 08;INVIMA2019EBC-0020775;No especifica;DISPONIBLE;Baxter;Baxter;BIANUAL
901;902;250;HUB Rack;Baxter;EVO IQ HUB;SF2J21076493;N.I;UCI 1;Cubiculo 4;INVIMA2019EBC-0020775;No especifica;DISPONIBLE;Baxter;Baxter;BIANUAL
902;903;258;HUB Rack;Baxter;evoiq hub;sf2j21076522;N.I;UCIN;CUBICULO 8;INVIMA2019EBC-0020775;No especifica;DISPONIBLE;Baxter;Baxter;BIANUAL
903;904;258;HUB Rack;Baxter;evoiq hub;sf2j210766525;N.I;UCI 1;cubiculo 07;INVIMA2019EBC-0020775;No especifica;DISPONIBLE;Baxter;Baxter;BIANUAL
904;905;258;HUB Rack;Baxter;evoiq hub;sf2j21076529;N.I;UCI 1;cubiculo 10;INVIMA2019EBC-0020775;No especifica;DISPONIBLE;Baxter;Baxter;BIANUAL
905;906;255;HUB Rack;Baxter;Evoiq hub;SF2J21076527;N.I;UCIN;CUBICULO 3;INVIMA2019EBC-0020775;No especifica;DISPONIBLE;Baxter;Baxter;BIANUAL
906;907;252;HUB Rack;Baxter;EvoIQ HUB;SF2A21076544;AB:21-019223;Urgencias;Reanimacion;INVIMA2019EBC-0020775;No Aplica;DISPONIBLE;Baxter;Baxter;BIANUAL
907;908;265;Humidificador;Fisher & Paykel;MR850JSU;220404605256;N8071;Terapia Respiratoria;Oficina terapia respiratoria;INVIMA 2019DM-0004142-R1;No especifica;DISPONIBLE;Cosmitet Ltda.;EQUITRONIC;ANUAL
908;909;265;Humidificador;Fisher & Paykel;MR850JSU;220404605254;N8072;Terapia Respiratoria;Oficina terapia respiratoria;INVIMA 2019DM-0004142-R1;No especifica;DISPONIBLE;Cosmitet Ltda.;EQUITRONIC;ANUAL
909;910;265;Humidificador;Fisher & Paykel;MR850JSU;220404605237;N8073;Terapia Respiratoria;Oficina terapia respiratoria;INVIMA 2019DM-0004142-R1;No especifica;DISPONIBLE;Cosmitet Ltda.;EQUITRONIC;ANUAL
910;911;265;Humidificador;Fisher & Paykel;MR850JSU;220404605241;N8074;Terapia Respiratoria;Oficina terapia respiratoria;INVIMA 2019DM-0004142-R1;No especifica;DISPONIBLE;Cosmitet Ltda.;EQUITRONIC;ANUAL
911;912;263;Humidificador;Fisher & Paykel;MR810;110917024310;N.I;Terapia Respiratoria;Oficina terapia respiratoria;INVIMA 2019DM-0004142-R1;No especifica;DISPONIBLE;Cosmitet Ltda.;Cosmitet Ltda.;N/A
912;913;264;Humidificador;Fisher & Paykel;MR850;220404605237;N8073;Terapia Respiratoria;Uci neonatal;INVIMA 2019DM-0004142-R1;No especifica;Mantenimiento;Cosmitet Ltda.;Cosmitet Ltda.;N/A
913;914;267;Humidificador;JKE;SH330;330-2081322;N3186;Terapia Respiratoria;Oficina terapia respiratoria;INVIMA 2019DM-0004142-R1;No especifica;BAJA;Cosmitet Ltda.;Cosmitet Ltda.;N/A
914;915;267;Humidificador;JKE;SH330;330-2081321;N3187;UCI 1;CUARTO DE EQUIPOS;INVIMA 2019DM-0004142-R1;No especifica;BAJA;Cosmitet Ltda.;No especifica;ANUAL
915;916;266;Humidificador;Fisher & Paykel;MR85DJSU;121206164240;N.I;Biomedico;Bodega de Biomedico;INVIMA 2019DM-0004142-R1;No especifica;DISPONIBLE;Cosmitet Ltda.;No especifica;ANUAL
916;917;265;Humidificador;Fisher & Paykel;MR850JSU;080227005349;N.I;Terapia Respiratoria;Oficina terapia respiratoria;INVIMA 2019DM-0004142-R1;No especifica;DISPONIBLE;Cosmitet Ltda.;Cosmitet Ltda.;ANUAL
917;918;268;Humidificador de alto flujo;Maff Health;Alveos HF 40-0001;21041JN3201150;N3190;Terapia Respiratoria;Cuarto de equipos;INVIMA 2022EBC-0025139;No especifica;DISPONIBLE;Cosmitet Ltda.;Cosmitet Ltda.;ANUAL
918;919;268;Humidificador de alto flujo;Maff Health;Alveos HF 40-0001;21041JN3201111;N3189;Terapia Respiratoria;Cuarto de equipos;INVIMA 2022EBC-0025139;No especifica;DISPONIBLE;Cosmitet Ltda.;Cosmitet Ltda.;ANUAL
919;920;268;Humidificador de alto flujo;Maff Health;Alveos HF 40-0001;21041JN3201112;N3188;Terapia Respiratoria;Cuarto de equipos;INVIMA 2022EBC-0025139;No especifica;BAJA;Cosmitet Ltda.;Cosmitet Ltda.;ANUAL
920;921;268;Humidificador de alto flujo;Maff Health;Alveos HF 40-0001;21041JN3201115;N3191;Terapia Respiratoria;Cuarto de equipos;INVIMA 2022EBC-0025139;No especifica;DISPONIBLE;Cosmitet Ltda.;Cosmitet Ltda.;ANUAL
921;922;269;Impresora;Olympus;OEP-4;A601410;N.I;Gastroscopia;Sala de procedimientos (torre 180);No especifica;No especifica;DISPONIBLE;Cosmitet Ltda.;Biomeg;SEMESTRAL
922;923;270;Incubadora de Indicadores Biologicos;Bionova;IC10/20FR;IC1020FR1416;N166;Central de Esterilizacion;Area de empaque;2021DM-0024515;No especifica;DISPONIBLE;Cosmitet Ltda.;N/A;N/A
923;924;270;Incubadora de Indicadores Biologicos;Bionova;IC10/20FR;IC1020FR5219;N2752;Central de Esterilizacion;Area de empaque;2021DM-0024515;No especifica;DISPONIBLE;Cosmitet Ltda.;N/A;N/A
924;925;271;Incubadora de Laboratorio;LW Scientific;INCUBATOR;55433;N2496;Laboratorio;Microbiologia;INVIMA 2019DM-0019818;No especifica;FUERA DE SERVICIO;Cosmitet Ltda.;Cosmitet Ltda.;N/A
925;926;272;Incubadora de Laboratorio;Memmert;UM 200;B298-0310;AF30096;Laboratorio;Microbiologia;No especifica;No especifica;DISPONIBLE;Cosmitet Ltda.;SUKHI;ANUAL
926;927;273;Incubadora para Inmunohematologia;Bio-Rad;ID INCUBATOR 37 S I;2005242;N.I;Banco de Sangre;Inmunohematologia;No especifica;No especifica;DISPONIBLE;Biocientifica;Biocientifica;SEMESTRAL
927;928;274;Intercambiador de Temperatura;Sarns;NI;1180;30990;Cirugia;Sala 1;2014DM-0012472;No especifica;DISPONIBLE;Cosmitet Ltda.;Arrow;SEMESTRAL
928;929;275;Inyector;Medrad;MARK 7 ARTERION;203506;N.I;Hemodinamia;Quirofano;INVIMA 2009EBC-0003451;No especifica;DISPONIBLE;Cosmitet Ltda.;Tecnica electromedica;SEMESTRAL
929;930;277;Inyector;Medrad;Spectris solaris;14705;N.A;Imagenes Diagnosticas;Resonancia;INVIMA 2009EBC-0003451;No especifica;BAJA;Cosmitet Ltda.;Cosmitet Ltda.;ANUAL
930;931;276;Inyector;Medrad;Mark v provis;96468;N.I;Imagenes Diagnosticas;Tomografia;INVIMA 2009EBC-0003451;No especifica;BAJA;Cosmitet Ltda.;Cosmitet Ltda.;ANUAL
931;932;278;Lampara Cielitica;Mindray;HYLED C7;MF2-3B000084;N11624;Cirugia;Sala 3;INVIMA 2017DM-0015776;No especifica;DISPONIBLE;Cosmitet Ltda.;Cosmitet Ltda.;ANUAL
932;933;280;Lampara Cielitica;Senova;NovaLED-A121;KH20130702 P;N.I;Cirugia;Sala 5;No especifica;No especifica;DISPONIBLE;Cosmitet Ltda.;SUKHI;SEMESTRAL
933;934;278;Lampara Cielitica;Mindray;HYLED C7;No especifica;N11625;Cirugia;Sala 2;INVIMA 2017DM-0015776;No especifica;DISPONIBLE;Cosmitet Ltda.;Cosmitet Ltda.;ANUAL
934;935;280;Lampara Cielitica;Senova;NovaLED-A121;KH20140403-P;V114226;Cirugia;Sala 6;No especifica;No especifica;DISPONIBLE;Cosmitet Ltda.;SUKHI;SEMESTRAL
935;936;279;Lampara Cielitica;No especifica;No especifica;E600-ZB002;N.I;Cirugia;Sala 7;No especifica;No especifica;FUERA DE SERVICIO;Cosmitet Ltda.;Cosmitet Ltda.;ANUAL
936;937;281;Lampara Cielitica;Steris;XLED-XLDV3300SXW;204721 / 204722;n11600;Cirugia;Sala 1;No especifica;No especifica;DISPONIBLE;Cosmitet Ltda.;Surgiplast;ANUAL
937;938;281;Lampara Cielitica;Steris;XLED-XLDV3300SXW;222174 / 222175;n11599;Cirugia;Sala 4;No especifica;No especifica;DISPONIBLE;Cosmitet Ltda.;Surgiplast;ANUAL
938;939;283;Lampara Cuello de Cisne;Generico;NI;NI;N.I;Especialistas;Consultorio #6;No especifica;No especifica;DISPONIBLE;Cosmitet Ltda.;N/A;N/A
939;940;284;Lampara Cuello de Cisne;Welch Allyn;444xx;n.i;N6998;UCI Pediatrica;Cuarto de descanso medico;INVIMA 2023DM-0009826-R1;CLASE I;Mantenimiento;Cosmitet Ltda.;N/A;N/A
940;941;286;Lampara Cuello de Cisne;Welch Allyn;gs300;GS300;N3886;Urgencias;Urgencias consulta prioritaria;INVIMA 2023DM-0009826-R1;No especifica;DISPONIBLE;Cosmitet Ltda.;N/A;N/A
941;942;285;Lampara Cuello de Cisne;Welch Allyn;GS300;GS 300;N1172;Unidad Renal;Procedimientos hemodialisis;INVIMA 2023DM-0009826-R1;No especifica;DISPONIBLE;Cosmitet Ltda.;N/A;N/A
942;943;285;Lampara Cuello de Cisne;Welch Allyn;GS300;N.I;V116766;Urgencias;Reanimacion;INVIMA 2023DM-0009826-R1;CLASE I;DISPONIBLE;Cosmitet Ltda.;N/A;N/A
943;944;285;Lampara Cuello de Cisne;Welch Allyn;GS300;N.I;V10939;Laboratorio;Toma de Muestras IPS Tequendama;INVIMA 2023DM-0009826-R1;CLASE I;DISPONIBLE;Cosmitet Ltda.;N/A;N/A
944;945;282;Lampara Cuello de Cisne;Generico;Generico;V111509;V111509;Biomedico;Bodega de Biomedico;INVIMA 2023DM-0009826-R1;No especifica;DISPONIBLE;Cosmitet Ltda.;N/A;N/A
945;946;287;Lampara de Fototerapia;General Electric;Lullaby LED;SGT22390005PA;N8719;Biomedico;Bodega de Biomedico;2019EBC-0003050-R1;CLASE IIB;BAJA;Cosmitet Ltda.;G Barco;SEMESTRAL
946;947;287;Lampara de Fototerapia;General Electric;Lullaby LED;SGT22390012PA;N8720;Biomedico;Bodega de Biomedico;2019EBC-0003050-R1;CLASE IIB;BAJA;Cosmitet Ltda.;G Barco;SEMESTRAL
947;948;288;Laringoscopio;ADC;N.I;CRG-L005;N.I;Cirugia;Recuperacion;2018DM-0018133;No especifica;DISPONIBLE;Cosmitet Ltda.;N/A;N/A
948;949;290;Laringoscopio;Welch Allyn;60300;CRG-L002;N.I;Cirugia;Sala 2;2018DM-0018133;No especifica;DISPONIBLE;Cosmitet Ltda.;N/A;N/A
949;950;291;Laringoscopio;Welch Allyn;60813;CRG-L003;V115290;Cirugia;Sala 3;2018DM-0018133;No especifica;BAJA;Cosmitet Ltda.;N/A;N/A
950;951;291;Laringoscopio;Welch Allyn;60813;CRG-L004;N.I;Cirugia;Sala 4;2018DM-0018133;No especifica;DISPONIBLE;Cosmitet Ltda.;N/A;N/A
951;952;295;Laringoscopio;Welch Allyn;n.i;60813;N.I;Hospitalizacion;Carro de paro #8;2018DM-0018133;No especifica;Mantenimiento;Cosmitet Ltda.;N/A;N/A
952;953;293;Laringoscopio;Welch Allyn;6300;n.i;N.I;Hospitalizacion;cuarto de rehabilitacion;2018DM-0018133;No especifica;Mantenimiento;Cosmitet Ltda.;N/A;N/A
953;954;295;Laringoscopio;Welch Allyn;n.i;60813;N.I;Hospitalizacion;cuarto de rehabilitacion;2018DM-0018133;No especifica;Mantenimiento;Cosmitet Ltda.;N/A;N/A
954;955;291;Laringoscopio;Welch Allyn;60813;N.I.;N6843;UCI 2;No especifica;2018DM-0018133;No especifica;BAJA;Cosmitet Ltda.;Cosmitet Ltda.;N/A
955;956;291;Laringoscopio;Welch Allyn;60813;UR-001;N.I;Unidad Renal;Carro de paro;2018DM-0018133;No especifica;DISPONIBLE;Cosmitet Ltda.;N/A;N/A
956;957;291;Laringoscopio;Welch Allyn;60813;CRG-L006;N10196;Cirugia;Carro de Paro;2018DM-0018133;CLASE IIA;DISPONIBLE;Cosmitet Ltda.;N/A;N/A
957;958;290;Laringoscopio;Welch Allyn;60300;n.i;N.I;Urgencias;Reanimacion;2018DM-0018133;CLASE IIA;DISPONIBLE;Cosmitet Ltda.;N/A;N/A
958;959;290;Laringoscopio;Welch Allyn;60300;n.i;N.I;Urgencias;Reanimacion;2018DM-0018133;CLASE IIA;DISPONIBLE;Cosmitet Ltda.;N/A;N/A
959;960;289;Laringoscopio;Estainless;NI;CRG-L001;N.I;Cirugia;Sala 1;2018DM-0018133;No especifica;DISPONIBLE;Cosmitet Ltda.;N/A;N/A
960;961;294;Laringoscopio;Welch Allyn;No especifica;No especifica;No especifica;Biomedico;No especifica;2018DM-0018133;No especifica;DISPONIBLE;No especifica;No especifica;No especifica
961;962;292;Laringoscopio;Welch Allyn;60814;ONC-L01;N.I.;Oncologia;No especifica;2018DM-0018133;No especifica;DISPONIBLE;No especifica;No especifica;No especifica
962;963;296;Laser;Boston Scientific;Auriga 30;21304813;N3699;Cirugia;Cuarto de equipos;No especifica;No especifica;DISPONIBLE;Cosmitet Ltda.;Cosmitet Ltda.;ANUAL
963;964;297;Lector de tarjetas;Bio-Rad;BANJO TECHNO LYRA;4443;N.I;Banco de Sangre;Inmunohematologia;No especifica;No especifica;DISPONIBLE;Biocientifica;Biocientifica;SEMESTRAL
964;965;298;Limpiador a Vapor;Elma;Elmasteam 8 med;S1000044428;N9253;Central de Esterilizacion;Area de lavado;N.A;No Aplica;FUERA DE SERVICIO;Cosmitet Ltda.;Cosmitet Ltda.;SEMESTRAL
965;966;299;Manometro;ACARE;VSC-102;1621255;N.I;Hospitalizacion;Carro de paro 5 piso norte;No especifica;No especifica;DISPONIBLE;Cosmitet Ltda.;N/A;N/A
966;967;301;Manta Termica;Covidien;WarmTouch;SP22080210;N7996;Cirugia;Sala 1;2016DM-0000253-R1;No especifica;DISPONIBLE;Cosmitet Ltda.;SUKHI;ANUAL
967;968;301;Manta Termica;Covidien;WarmTouch;SP22080211;N7998;Cirugia;Sala 2;2016DM-0000253-R1;No especifica;DISPONIBLE;Cosmitet Ltda.;SUKHI;SEMESTRAL
968;969;301;Manta Termica;Covidien;WarmTouch;SP22080085;N7995;Cirugia;Sala 3;2016DM-0000253-R1;No especifica;DISPONIBLE;Cosmitet Ltda.;Cosmitet Ltda.;ANUAL
969;970;301;Manta Termica;Covidien;WarmTouch;SP22080084;N7997;Cirugia;Sala 4;2016DM-0000253-R1;No especifica;DISPONIBLE;Cosmitet Ltda.;SUKHI;SEMESTRAL
970;971;301;Manta Termica;Covidien;WarmTouch;SP22070031;N7682;Cirugia;Recuperacion;2016DM-0000253-R1;No especifica;DISPONIBLE;Cosmitet Ltda.;Cosmitet Ltda.;ANUAL
971;972;302;Manta Termica;Nellcor;WarmTouch;CI0613S011;N.I;Cirugia;Recuperacion;2016DM-0000253-R1;No especifica;DISPONIBLE;Cosmitet Ltda.;Cosmitet Ltda.;ANUAL
972;973;302;Manta Termica;Nellcor;WarmTouch;CI0613S012;V114121;Cirugia;Recuperacion;2016DM-0000253-R1;No especifica;DISPONIBLE;Cosmitet Ltda.;Cosmitet Ltda.;ANUAL
973;974;300;Manta Termica;Celsius medical;Calima 12;220801487;N11412;UCI 1;UCI 2;No especifica;CLASE IIA;DISPONIBLE;Cosmitet Ltda.;SUKHI;SEMESTRAL
974;975;304;Maquina de Aferesis;Trima accel;Cardian BCT;1T04751;N738;Banco de Sangre;Sala de Aferesis;2016DM-0000253-R2;No especifica;DISPONIBLE;Terumo;Terumo;SEMESTRAL
975;976;305;Maquina de Anestesia;Datex Ohmeda;Aisys;ANAR05530;N.I;Cirugia;Sala 1;2019EBC-0001418-R1;No especifica;BAJA;Cosmitet Ltda.;Cosmitet Ltda.;SEMESTRAL
976;977;307;Maquina de Anestesia;Datex Ohmeda;S/5 Aespire;AMXG01115;AF30969;Cirugia;Sala 3;2019EBC-0001418-R1;No especifica;DISPONIBLE;Cosmitet Ltda.;SUKHI;SEMESTRAL
977;978;307;Maquina de Anestesia;Datex Ohmeda;S/5 Aespire;AMXG01117;AF30984;Cirugia;Sala 2;2019EBC-0001418-R1;No especifica;DISPONIBLE;Cosmitet Ltda.;Cosmitet Ltda.;SEMESTRAL
978;979;307;Maquina de Anestesia;Datex Ohmeda;S/5 Aespire;AMXH01534;V108160;Cirugia;Sala 4;2019EBC-0001418-R1;No especifica;DISPONIBLE;Cosmitet Ltda.;Cosmitet Ltda.;SEMESTRAL
979;980;306;Maquina de Anestesia;Datex Ohmeda;Modulus;ABLL0352;N.I;Gastroscopia;Sala de procedimientos;2019EBC-0001418-R1;No especifica;BAJA;Cosmitet Ltda.;Cosmitet Ltda.;SEMESTRAL
980;981;308;Maquina de Anestesia;Mindray;Wato EX-65 PRO;AT5-29001330;N.I;Hemodinamia;Quirofano;2019EBC-0001418-R1;CLASE IIB;DISPONIBLE;Cosmitet Ltda.;Cosmitet Ltda.;SEMESTRAL
981;982;308;Maquina de Anestesia;Mindray;Wato EX-65 PRO;AT3-43004916;N11628;Cirugia;Quirofano;2019EBC-0001418-R2;CLASE IIB;DISPONIBLE;Cosmitet Ltda.;SUKHI;SEMESTRAL
982;983;309;Maquina de Dialisis Peritoneal;Baxter;HOMECHOICE CLARIA;AK060508;AB:75706;Unidad Renal;Sala de dialisis peritonial;2019EBC-0001418-R2;No especifica;DISPONIBLE;Baxter;Baxter;ANUAL
983;984;309;Maquina de Dialisis Peritoneal;Baxter;HOMECHOICE CLARIA;1904068402;AB:75793;Unidad Renal;Oficina medica;2019EBC-0001418-R3;No especifica;DISPONIBLE;Baxter;Baxter;ANUAL
984;985;310;Maquina de Hemodialisis;Baxter;AK98;1904068402;N5548 / #2;Unidad Renal;Sala de hemodialisis;2020EBC-0003819-R1;No especifica;DISPONIBLE;Baxter;Baxter;ANUAL
985;986;310;Maquina de Hemodialisis;Baxter;AK98;AK060049;N5553 / #1;Unidad Renal;Sala de hemodialisis;2020EBC-0003819-R1;No especifica;DISPONIBLE;Baxter;Baxter;ANUAL
986;987;310;Maquina de Hemodialisis;Baxter;AK98;AK059328;N.A / 12;Unidad Renal;Sala de hemodialisis;2020EBC-0003819-R1;No especifica;DISPONIBLE;Baxter;Baxter;ANUAL
987;988;310;Maquina de Hemodialisis;Baxter;AK98;AK059324;N.A / #11;Unidad Renal;Sala de hemodialisis;2020EBC-0003819-R1;No especifica;DISPONIBLE;Baxter;Baxter;ANUAL
988;989;310;Maquina de Hemodialisis;Baxter;AK98;AK060510;N.A / #7;Unidad Renal;Sala de hemodialisis;2020EBC-0003819-R1;No especifica;DISPONIBLE;Baxter;Baxter;ANUAL
989;990;310;Maquina de Hemodialisis;Baxter;AK98;20102;N.I;Unidad Renal;Sala de hemodialisis;2020EBC-0003819-R1;No especifica;DISPONIBLE;Baxter;Baxter;ANUAL
990;991;310;Maquina de Hemodialisis;Baxter;AK98;AK060513;N.I;Unidad Renal;Sala de hemodialisis;2020EBC-0003819-R1;No especifica;DISPONIBLE;Baxter;Baxter;ANUAL
991;992;310;Maquina de Hemodialisis;Baxter;AK98;AK060045;N5552 / #8;Unidad Renal;Sala de hemodialisis;2020EBC-0003819-R1;No especifica;DISPONIBLE;Baxter;Baxter;ANUAL
992;993;310;Maquina de Hemodialisis;Baxter;AK98;AK054982;N5549 / #5;Unidad Renal;Sala de hemodialisis;2020EBC-0003819-R1;No especifica;DISPONIBLE;Baxter;Baxter;ANUAL
993;994;310;Maquina de Hemodialisis;Baxter;AK98;AK060034;N5547 / #3;Unidad Renal;Sala de hemodialisis;2020EBC-0003819-R1;No especifica;DISPONIBLE;Baxter;Baxter;ANUAL
994;995;310;Maquina de Hemodialisis;Baxter;AK98;AK056076;N5546 / #10;Unidad Renal;Sala de hemodialisis;2020EBC-0003819-R1;No especifica;DISPONIBLE;Baxter;Baxter;ANUAL
995;996;310;Maquina de Hemodialisis;Baxter;AK98;AK060511;N.A / #13;Unidad Renal;Sala de hemodialisis;2020EBC-0003819-R1;No especifica;DISPONIBLE;Baxter;Baxter;N/A
996;997;310;Maquina de Hemodialisis;Baxter;AK98;AK056074;N5551 / #6;Unidad Renal;Sala de hemodialisis;2020EBC-0003819-R1;No especifica;DISPONIBLE;Baxter;Baxter;ANUAL
997;998;310;Maquina de Hemodialisis;Baxter;AK98;AK059322;N.A / #14;Unidad Renal;Sala de hemodialisis;2020EBC-0003819-R1;No especifica;DISPONIBLE;Baxter;Baxter;ANUAL
998;999;310;Maquina de Hemodialisis;Baxter;AK98;AK054486;N5550 / #4;Unidad Renal;Sala de hemodialisis;2020EBC-0003819-R1;No especifica;DISPONIBLE;Baxter;Baxter;ANUAL
999;1000;303;Maquina Extracorporea;Terumo;9000 perfusion System;144300;1015000482;Cirugia;Sala 1;INVIMA 2020EBC-0005399-R1;No especifica;DISPONIBLE;Cosmitet Ltda.;Arrow;SEMESTRAL
1000;1001;315;Marcapasos;Pace medical;EV4543;CVB1347;AF30669;Hemodinamia;Estacion de control;INVIMA V-003795;CLASE IIB;DISPONIBLE;Cosmitet Ltda.;Cosmitet Ltda.;ANUAL
1001;1002;313;Marcapasos;Medtronic;5388;PFG006527P;N.I;UCI 1;ESTACION DE ENFERMETIA;INVIMA V-003795;CLASE IIB;DISPONIBLE;Cosmitet Ltda.;Cosmitet Ltda.;ANUAL
1002;1003;313;Marcapasos;Medtronic;5388;PFG034436P;V116560;UCI 1;ESTACION DE ENFERMETIA;INVIMA V-003795;CLASE IIB;DISPONIBLE;Cosmitet Ltda.;Cosmitet Ltda.;ANUAL
1003;1004;311;Marcapasos;Mectronic;5388;pfg100244r;1017000002;UCI 1;UCI 1;No especifica;CLASE IIB;DISPONIBLE;Cosmitet Ltda.;Cosmitet Ltda.;ANUAL
1004;1005;312;Marcapasos;Mectronic;5392;DJH049486P;N8714;Cirugia;Recuperacion;INVIMA V-003795;CLASE IIB;DISPONIBLE;Cosmitet Ltda.;Cosmitet Ltda.;TRIMESTRAL
1005;1006;314;Marcapasos;Osypka;Pase 101 H;1508218;v116767;Urgencias;Reanimacion;INVIMA 2023EBC-0027844;CLASE IIB;DISPONIBLE;Cosmitet Ltda.;Cosmitet Ltda.;ANUAL
1006;1007;316;Mesa Basculante;Los pinos;systemm1;C392;N.I;Especialistas;Consultorio #13;INVIMA 2023EBC-0027845;No especifica;DISPONIBLE;Cosmitet Ltda.;Cosmitet Ltda.;SEMESTRAL
1007;1008;323;Mesa de traccion;Hillrom;No especifica;No especifica;N.I;Biomedico;No especifica;INVIMA 2023EBC-0027846;No especifica;DISPONIBLE;Cosmitet Ltda.;N/A;N/A
1008;1009;317;Mesa Ginecologica;Shampaine;2605 NLB;DB9508004;2001000033;Partos;Quirofano;No especifica;No especifica;Mantenimiento;No especifica;Cosmitet Ltda.;ANUAL
1009;1010;322;Mesa Quirurgica;Steris;Amsco 3085 SP;B401702062;N.I;Cirugia;Sala 1;INVIMA 2023EBC-0027847;No especifica;DISPONIBLE;Cosmitet Ltda.;SUKHI;ANUAL
1010;1011;320;Mesa Quirurgica;Skytron;3500B;3500B-1999-6-011;N.I;Cirugia;Cuarto de equipos;INVIMA 2023EBC-0027848;No especifica;DISPONIBLE;Cosmitet Ltda.;Cosmitet Ltda.;ANUAL
1011;1012;321;Mesa Quirurgica;Steris;Amsco 3080;ETS03060;V114227;Cirugia;Cuarto de equipos;INVIMA 2023EBC-0027849;No especifica;DISPONIBLE;Cosmitet Ltda.;Cosmitet Ltda.;ANUAL
1012;1013;319;Mesa Quirurgica;Hillrom;PST 300S;108340145;N8337;Cirugia;Sala 3;INVIMA 2023EBC-0027850;No especifica;DISPONIBLE;Cosmitet Ltda.;Baxter;ANUAL
1013;1014;318;Mesa Quirurgica;Hillrom;PST 300L;108340204;N.I;Cirugia;Sala 2;INVIMA 2023EBC-0027851;No especifica;DISPONIBLE;Cosmitet Ltda.;Baxter;ANUAL
1014;1015;318;Mesa Quirurgica;Hillrom;PST 300L;108340205;N.I;Cirugia;Sala 4;INVIMA 2023EBC-0027852;No especifica;DISPONIBLE;Cosmitet Ltda.;Baxter;ANUAL
1015;1016;324;Micromotor maxilofacial;NSK;SURGIC AP;D9405304;N2590;Central de Esterilizacion;Area de empaque;INVIMA 2023EBC-0027853;No especifica;DISPONIBLE;Cosmitet Ltda.;Cosmitet Ltda.;SEMESTRAL
1016;1017;336;Micropipeta;Thermo Fisher Scientific;10-100;DH35123;N712;Banco de Sangre;Inmunohematologia;INVIMA 2014DM-0011567;No especifica;DISPONIBLE;Cosmitet Ltda.;SUKHI;ANUAL
1017;1018;337;Micropipeta;Thermo Fisher Scientific;100-1000;DH37667;N.I;Banco de Sangre;Inmunohematologia;INVIMA 2014DM-0011567;No especifica;DISPONIBLE;Cosmitet Ltda.;SUKHI;ANUAL
1018;1019;327;Micropipeta;Bio-Rad;12,5 25, 50,;E16811291;N.I;Banco de Sangre;Inmunohematologia;INVIMA 2014DM-0011567;No especifica;DISPONIBLE;Cosmitet Ltda.;SUKHI;ANUAL
1019;1020;326;Micropipeta;BIOHIT;5-50;9096000;N.I;Laboratorio;Regionales (Microelisa);INVIMA 2014DM-0011567;No especifica;DISPONIBLE;ANNAR;SUKHI;ANUAL
1020;1021;325;Micropipeta;BIOHIT;10;AT02348;N.I;Laboratorio;Oficina jefe;INVIMA 2014DM-0011567;No especifica;DISPONIBLE;Cosmitet Ltda.;SUKHI;ANUAL
1021;1022;329;Micropipeta;Boeco;1000;ME906973;N.I.;Laboratorio;Oficina jefe;INVIMA 2014DM-0011567;No especifica;DISPONIBLE;Cosmitet Ltda.;N/A;N/A
1022;1023;328;Micropipeta;Boeco;100-1000;ME905742;N.I;Laboratorio;Quimica;INVIMA 2014DM-0011567;No especifica;DISPONIBLE;Cosmitet Ltda.;SUKHI;ANUAL
1023;1024;328;Micropipeta;Boeco;100-1000;MH923516;N1075;Laboratorio;Oficina jefe;INVIMA 2014DM-0011567;No especifica;BAJA;Cosmitet Ltda.;N/A;N/A
1024;1025;330;Micropipeta;Boeco;500;LK679499;N1076;Laboratorio;Quimica;INVIMA 2014DM-0011567;No especifica;BAJA;Cosmitet Ltda.;N/A;N/A
1025;1026;331;Micropipeta;Brand;10;08R5428;N.I;Laboratorio;Quimica;INVIMA 2014DM-0011567;No especifica;DISPONIBLE;Cosmitet Ltda.;SUKHI;ANUAL
1026;1027;331;Micropipeta;Brand;10;11S3336;N1077;Laboratorio;Quimica;INVIMA 2014DM-0011567;No especifica;DISPONIBLE;Cosmitet Ltda.;N/A;N/A
1027;1028;333;Micropipeta;Brand;5-50;18M80031;1053000012;Laboratorio;Microbiologia;INVIMA 2014DM-0011567;No especifica;DISPONIBLE;Cosmitet Ltda.;SUKHI;ANUAL
1028;1029;332;Micropipeta;Brand;100-1000;09J44538;N.I;Laboratorio;Regionales (Microelisa);INVIMA 2014DM-0011567;No especifica;DISPONIBLE;Cosmitet Ltda.;N/A;N/A
1029;1030;332;Micropipeta;Brand;100-1000;24E97388;N.I;Laboratorio;Laboratorio;INVIMA 2014DM-0011567;No especifica;DISPONIBLE;Cosmitet Ltda.;N/A;N/A
1030;1031;332;Micropipeta;Brand;100-1000;24E97387;N.I;Laboratorio;Laboratorio;INVIMA 2014DM-0011567;No especifica;DISPONIBLE;Cosmitet Ltda.;N/A;N/A
1031;1032;334;Micropipeta;FINNPIPETTE;200;N35371;1053000002;Laboratorio;Microbiologia;INVIMA 2014DM-0011567;No especifica;DISPONIBLE;Cosmitet Ltda.;SUKHI;ANUAL
1032;1033;335;Micropipeta;FINNPIPETTE;50;T07974;N.I;Laboratorio;Quimica;INVIMA 2014DM-0011567;No especifica;DISPONIBLE;Cosmitet Ltda.;SUKHI;ANUAL
1033;1034;338;Micropipeta;VITEK;145 (V1221);8026059;1053000004;Laboratorio;Microbiologia;INVIMA 2014DM-0011567;No especifica;DISPONIBLE;Cosmitet Ltda.;SUKHI;ANUAL
1034;1035;339;Micropipeta;VITEK;280 (V1222);8038407;1053000006;Laboratorio;Microbiologia;INVIMA 2014DM-0011567;No especifica;DISPONIBLE;Cosmitet Ltda.;SUKHI;ANUAL
1035;1036;342;Microscopio;REICHERT;310;50149;AF30059;Banco de Sangre;Inmunohematologia;No aplica (ACTA No. 07 Junio 10 de 2009);No Aplica;DISPONIBLE;Cosmitet Ltda.;SUKHI;ANUAL
1036;1037;340;Microscopio;Olympus;CX31RBSFA;1G14093;V109885;Laboratorio;Urgencias Microscopia;INVIMA 2014DM-0011567;No especifica;DISPONIBLE;Cosmitet Ltda.;N/A;N/A
1037;1038;340;Microscopio;Olympus;CX31RBSFA;1G14089;V109884;Laboratorio;ORINAS;INVIMA 2014DM-0011568;No especifica;DISPONIBLE;Cosmitet Ltda.;N/A;N/A
1038;1039;341;Microscopio;Olympus;CX43RF;9J52294 201909;N3079;Laboratorio;Urgencias Microscopia;INVIMA 2014DM-0011569;No especifica;DISPONIBLE;Cosmitet Ltda.;N/A;N/A
1039;1040;340;Microscopio;Olympus;CX31RBSFA;1F59766;V109883;Laboratorio;Patologia;INVIMA 2014DM-0011570;No especifica;DISPONIBLE;Cosmitet Ltda.;N/A;N/A
1040;1041;343;Microscopio Quirurgico;Carl Zeiss;S7;6628161662;N.I;Cirugia;Cuarto de equipos;INVIMA 2014DM-0011571;No especifica;DISPONIBLE;Cosmitet Ltda.;SUKHI;ANUAL
1041;1042;344;Microscopio Quirurgico;Carl Zeiss;S88;6629121065;N.I;Cirugia;Cuarto de equipos;INVIMA 2014DM-0011572;No especifica;DISPONIBLE;Cosmitet Ltda.;SUKHI;ANUAL
1042;1043;346;Modulo de inmunologia;COBAS;COBAS E601;26F0-23;N.I;Laboratorio;Inmunologia;INVIMA 2018DM-0019105;No especifica;DISPONIBLE;Cosmitet Ltda.;Roche;SEMESTRAL
1043;1044;345;Modulo de Quimica;COBAS;COBAS C 501;14D0-14;N.I;Laboratorio;Quimica;INVIMA 2018DM-0019105;No especifica;DISPONIBLE;Roche;Roche;SEMESTRAL
1044;1045;347;Monitor Fetal;BioCare;IC60;L8312015040008;V116493;Urgencias;Observacion;INVIMA 2014DM-0011575;CLASE IIA;DISPONIBLE;Cosmitet Ltda.;Cosmitet Ltda.;ANUAL
1045;1046;348;Monitor Grado Medico;Conmed;HD1080p LED;D32120300021;N.I;Cirugia;Cuarto de equipos;INVIMA 2014DM-0011576;No especifica;DISPONIBLE;Cosmitet Ltda.;No especifica;SEMESTRAL
1046;1047;352;Monitor Grado Medico;Stryker;21¨ Visionelect;SVE218J0066;N810;Gastroscopia;Sala de procedimientos (torre 190);INVIMA 2014DM-0011577;No especifica;DISPONIBLE;Cosmitet Ltda.;Biomeg;SEMESTRAL
1047;1048;351;Monitor Grado Medico;Olympus;OEV191;7615537;N.I;Gastroscopia;Sala de procedimientos (torre 180);INVIMA 2014DM-0011578;No especifica;DISPONIBLE;Cosmitet Ltda.;Biomeg;SEMESTRAL
1048;1049;350;Monitor Grado Medico;NDS;SC-WU24-A1511;19-305583;N8815-3;Gastroscopia;Sala de procedimientos;INVIMA 2014DM-0011579;No especifica;DISPONIBLE;Cosmitet Ltda.;Cosmitet Ltda.;N/A
1049;1050;349;Monitor Grado Medico;Karl Storz;SC-WU26-A1511;12-213-210;N.I;Cirugia;Cuarto de equipos;INVIMA 2014DM-0011580;No especifica;DISPONIBLE;Cosmitet Ltda.;Cosmitet Ltda.;SEMESTRAL
1050;1051;359;Monitor Multiparametrico;BioCare;IM12;C520030035;N.I;Cirugia;Sala 1;INVIMA 2010EBC-0006587;CLASE IIB;DISPONIBLE;Cosmitet Ltda.;SUKHI;SEMESTRAL
1051;1052;359;Monitor Multiparametrico;BioCare;IM12;6114110314;N.I;Cirugia;Recuperacion;INVIMA 2010EBC-0006587;CLASE IIB;DISPONIBLE;Cosmitet Ltda.;SUKHI;SEMESTRAL
1052;1053;360;Monitor Multiparametrico;BioCare;IM15;C515070046;V116821;Cirugia;Recuperacion;INVIMA 2010EBC-0006587;CLASE IIB;DISPONIBLE;Cosmitet Ltda.;SUKHI;SEMESTRAL
1053;1054;364;Monitor Multiparametrico;Edan;IM8;360001-M20507020119;N3204;Cirugia;Recuperacion;INVIMA 2021EBC-0006222-R1;CLASE IIB;DISPONIBLE;Cosmitet Ltda.;Cosmitet Ltda.;SEMESTRAL
1054;1055;354;Monitor Multiparametrico;BioCare;BM9000S;1309110520;V106758;Hospitalizacion;Carro de paro 5° Piso;INVIMA 2010EBC-0006587;CLASE IIB;DISPONIBLE;Cosmitet Ltda.;SUKHI;SEMESTRAL
1055;1056;360;Monitor Multiparametrico;BioCare;IM15;7115030182;V116019;Cirugia;Sala 2;INVIMA 2010EBC-0006587;CLASE IIB;DISPONIBLE;Cosmitet Ltda.;SUKHI;SEMESTRAL
1056;1057;359;Monitor Multiparametrico;BioCare;IM12;C516050146;N527;Cirugia;Sala 3;INVIMA 2010EBC-0006587;CLASE IIB;DISPONIBLE;Cosmitet Ltda.;SUKHI;SEMESTRAL
1057;1058;359;Monitor Multiparametrico;BioCare;IM12;C520030025;N.I;Cirugia;Recuperacion;INVIMA 2010EBC-0006587;CLASE IIB;DISPONIBLE;Cosmitet Ltda.;SUKHI;SEMESTRAL
1058;1059;360;Monitor Multiparametrico;BioCare;IM15;C515070043;V116820;Cirugia;Recuperacion;INVIMA 2010EBC-0006587;CLASE IIB;DISPONIBLE;Cosmitet Ltda.;SUKHI;SEMESTRAL
1059;1060;369;Monitor Multiparametrico;Mindray;Imec10;EX-3B012021;N.I;Cirugia;Sala 3;INVIMA 2019EBC-0003486-R1;CLASE IIB;DISPONIBLE;Cosmitet Ltda.;Cosmitet Ltda.;SEMESTRAL
1060;1061;366;Monitor Multiparametrico;General Electric;B105M;SR623030012SA;N9246;UCI 2;CUBICULO 27;2019EBC-0001978-R1;CLASE IIB;DISPONIBLE;Cosmitet Ltda.;SUKHI;SEMESTRAL
1061;1062;372;Monitor Multiparametrico;Vita life;GT-8000L;1206L036;V111955;Especialistas;Consultorio #13;INVIMA 2021EBC-0006420-R1;CLASE IIB;DISPONIBLE;Cosmitet Ltda.;SUKHI;SEMESTRAL
1062;1063;369;Monitor Multiparametrico;Mindray;Imec10;EX-42014635;V114145;Gastroscopia;Sala de procedimientos;INVIMA 2019EBC-0003486-R1;CLASE IIB;DISPONIBLE;Cosmitet Ltda.;Cosmitet Ltda.;SEMESTRAL
1063;1064;368;Monitor Multiparametrico;Mindray;IMEC 10;EX42014661;N.I;Hemodinamia;Quirofano;INVIMA 2019EBC-0003486-R1;CLASE IIB;DISPONIBLE;Cosmitet Ltda.;SUKHI;SEMESTRAL
1064;1065;356;Monitor Multiparametrico;BioCare;IM 15;C515100175;N153;Cirugia;Quirofano;INVIMA 2010EBC-0006587;CLASE IIB;DISPONIBLE;Cosmitet Ltda.;SUKHI;SEMESTRAL
1065;1066;369;Monitor Multiparametrico;Mindray;Imec10;EX42014633;V114452;Hospitalizacion;carro de paro #8;INVIMA 2019EBC-0003486-R1;CLASE IIB;DISPONIBLE;Cosmitet Ltda.;SUKHI;SEMESTRAL
1066;1067;365;Monitor Multiparametrico;Edan;im8;360001-k21200010053;N3282;Hospitalizacion;Estacion de enfermeria 4 sur;INVIMA 2021EBC-0006222-R1;CLASE IIA;DISPONIBLE;Cosmitet Ltda.;SUKHI;SEMESTRAL
1067;1068;369;Monitor Multiparametrico;Mindray;Imec10;EX36007005;V114457;Hospitalizacion;Carro de paro 5 piso norte;INVIMA 2019EBC-0003486-R1;CLASE IIA;DISPONIBLE;Cosmitet Ltda.;SUKHI;SEMESTRAL
1068;1069;359;Monitor Multiparametrico;BioCare;IM12;3413080308;V112815;Hospitalizacion;Carro de paro #6;INVIMA 2010EBC-0006587;CLASE IIB;DISPONIBLE;Cosmitet Ltda.;SUKHI;SEMESTRAL
1069;1070;367;Monitor Multiparametrico;Medrad;Veris 8600;15715;N.I;Imagenes Diagnosticas;Resonancia;INVIMA 2009EBC-0004285;CLASE IIB;DISPONIBLE;Cosmitet Ltda.;Cosmitet Ltda.;SEMESTRAL
1070;1071;366;Monitor Multiparametrico;General Electric;B105M;SR22360002SA;N8404;Imagenes Diagnosticas;Tomografia;2019EBC-0001978-R1;CLASE IIB;DISPONIBLE;Cosmitet Ltda.;Cosmitet Ltda.;SEMESTRAL
1071;1072;370;Monitor Multiparametrico;Mindray;iMEC10;Ex-42014640;V114458;Oncologia;Sala de quimioterapia;INVIMA 2019EBC-0003486-R1;CLASE IIB;DISPONIBLE;Cosmitet Ltda.;SUKHI;SEMESTRAL
1072;1073;370;Monitor Multiparametrico;Mindray;iMEC10;Ex-42014657;V114456;Oncologia;Sala de quimioterapia;INVIMA 2019EBC-0003486-R1;CLASE IIB;DISPONIBLE;Cosmitet Ltda.;SUKHI;SEMESTRAL
1073;1074;369;Monitor Multiparametrico;Mindray;Imec10;EX-42014631;V114455;Gastroscopia;Sala de procedimientos Gastroscopio;INVIMA 2019EBC-0003486-R1;CLASE IIB;DISPONIBLE;Cosmitet Ltda.;Cosmitet Ltda.;SEMESTRAL
1074;1075;364;Monitor Multiparametrico;Edan;IM8;360001-M20507020009;N3280;Hospitalizacion;Estacion de enfermeria 4 sur;INVIMA 2021EBC-0006222-R1;CLASE IIB;DISPONIBLE;Cosmitet Ltda.;SUKHI;SEMESTRAL
1075;1076;359;Monitor Multiparametrico;BioCare;IM12;C519110132;N.I;Cirugia;Recuperacion;INVIMA 2010EBC-0006587;CLASE IIB;DISPONIBLE;Cosmitet Ltda.;SUKHI;SEMESTRAL
1076;1077;362;Monitor Multiparametrico;BioCare;im12;6114100288;V115433;Rehabilitacion Cardiaca;Rehabilitacion cardiaca;INVIMA 2010EBC-0006587;CLASE IIB;DISPONIBLE;Cosmitet Ltda.;SUKHI;SEMESTRAL
1077;1078;358;Monitor Multiparametrico;BioCare;IM-15;7115030184;V116009;UCI 2;Transporte;INVIMA 2010EBC-0006587;CLASE IIB;DISPONIBLE;Cosmitet Ltda.;SUKHI;SEMESTRAL
1078;1079;353;Monitor Multiparametrico;BioCare;BM-9000S;1309090480;1041000123;UCI 1;Cubiculo 4- Bodega Uci;INVIMA 2010EBC-0006587;CLASE IIB;DISPONIBLE;Cosmitet Ltda.;Cosmitet Ltda.;SEMESTRAL
1079;1080;353;Monitor Multiparametrico;BioCare;BM-9000S;A0800892;1041000131;Hospitalizacion;Carro de paro 6to piso;INVIMA 2010EBC-0006587;CLASE IIB;BAJA;Cosmitet Ltda.;Cosmitet Ltda.;SEMESTRAL
1080;1081;357;Monitor Multiparametrico;BioCare;IM-12;C519030059;No especifica;UCI 1;Cubiculo 03;INVIMA 2010EBC-0006587;CLASE IIB;DISPONIBLE;Cosmitet Ltda.;SUKHI;SEMESTRAL
1081;1082;353;Monitor Multiparametrico;BioCare;BM-9000S;1308100361;V102675;UCI 1;CARRO DE PARO;INVIMA 2010EBC-0006587;CLASE IIB;DISPONIBLE;Cosmitet Ltda.;Cosmitet Ltda.;SEMESTRAL
1082;1083;353;Monitor Multiparametrico;BioCare;BM-9000S;1308080258;V101292;UCIN;CARRO DE PARO;INVIMA 2010EBC-0006587;CLASE IIB;DISPONIBLE;Cosmitet Ltda.;Cosmitet Ltda.;SEMESTRAL
1083;1084;356;Monitor Multiparametrico;BioCare;IM 15;7115030188;V116018;UCI 1;TRANSPORTE;INVIMA 2010EBC-0006587;CLASE IIB;DISPONIBLE;Cosmitet Ltda.;SUKHI;SEMESTRAL
1084;1085;357;Monitor Multiparametrico;BioCare;IM-12;6114110298;N.I;Cirugia;Cubiculo 5;INVIMA 2010EBC-0006587;CLASE IIB;DISPONIBLE;Cosmitet Ltda.;SUKHI;SEMESTRAL
1085;1086;353;Monitor Multiparametrico;BioCare;BM-9000S;1309110534;V106807;Cirugia;Recuperacion;INVIMA 2010EBC-0006587;CLASE IIB;BAJA;Cosmitet Ltda.;Cosmitet Ltda.;SEMESTRAL
1086;1087;353;Monitor Multiparametrico;BioCare;BM-9000S;1309110532;V105702;UCI 2;Carro de Paro;INVIMA 2010EBC-0006587;CLASE IIB;DISPONIBLE;Cosmitet Ltda.;SUKHI;SEMESTRAL
1087;1088;369;Monitor Multiparametrico;Mindray;Imec10;EX-42014625;V114453;UCI 1;Cubiculo 2- Bodega Uci;INVIMA 2019EBC-0003486-R1;CLASE IIB;DISPONIBLE;Cosmitet Ltda.;SUKHI;SEMESTRAL
1088;1089;353;Monitor Multiparametrico;BioCare;BM-9000S;1007060006;1041000122;Cirugia;Recuperacion;INVIMA 2010EBC-0006587;CLASE IIB;DISPONIBLE;Cosmitet Ltda.;SUKHI;SEMESTRAL
1089;1090;369;Monitor Multiparametrico;Mindray;Imec10;EX-38009213;N.I;Cirugia;Recuperacion;INVIMA 2019EBC-0003486-R1;CLASE IIB;DISPONIBLE;Cosmitet Ltda.;SUKHI;SEMESTRAL
1090;1091;371;Monitor Multiparametrico;Mindray;imec10;EX36006985;V112912;Cirugia;Cuarto de equipos;INVIMA 2019EBC-0003486-R1;CLASE IIB;DISPONIBLE;Cosmitet Ltda.;SUKHI;SEMESTRAL
1091;1092;360;Monitor Multiparametrico;BioCare;IM15;C515070049;V116872;Unidad Renal;Procedimientos hemodialisis;INVIMA 2010EBC-0006587;CLASE IIB;DISPONIBLE;Cosmitet Ltda.;SUKHI;SEMESTRAL
1092;1093;362;Monitor Multiparametrico;BioCare;im12;C515070048;V116873;Imagenes Diagnosticas;Carro de paro;INVIMA 2010EBC-0006587;CLASE IIB;DISPONIBLE;Cosmitet Ltda.;SUKHI;SEMESTRAL
1093;1094;371;Monitor Multiparametrico;Mindray;imec10;EX36006980;V112911;Urgencias;Aislamiento;INVIMA 2019EBC-0003486-R1;CLASE IIB;DISPONIBLE;Cosmitet Ltda.;SUKHI;SEMESTRAL
1094;1095;363;Monitor Multiparametrico;BioCare;im15;c517110394;N909;Urgencias;Aislamiento 2;INVIMA 2010EBC-0006587;CLASE IIB;DISPONIBLE;Cosmitet Ltda.;SUKHI;SEMESTRAL
1095;1096;363;Monitor Multiparametrico;BioCare;im15;C515070038;V116871;Urgencias;Obs. camilla #10;INVIMA 2010EBC-0006587;CLASE IIB;DISPONIBLE;Cosmitet Ltda.;SUKHI;SEMESTRAL
1096;1097;362;Monitor Multiparametrico;BioCare;im12;c517110386;N908;Urgencias;Obs. camilla #11;INVIMA 2010EBC-0006587;CLASE IIB;DISPONIBLE;Cosmitet Ltda.;SUKHI;SEMESTRAL
1097;1098;362;Monitor Multiparametrico;BioCare;im12;c517110381;N1104;CMB;Vacunacion;INVIMA 2010EBC-0006587;CLASE IIB;DISPONIBLE;Cosmitet Ltda.;Cosmitet Ltda.;SEMESTRAL
1098;1099;366;Monitor Multiparametrico;General Electric;B105M;SR622360003SA;N8405;Cirugia;Recuperacion;2019EBC-0001978-R1;CLASE IIB;DISPONIBLE;Cosmitet Ltda.;SUKHI;SEMESTRAL
1099;1100;359;Monitor Multiparametrico;BioCare;IM12;7115030186;V116015;UCI 1;Cubiculo 11-Bodega 3er piso;INVIMA 2010EBC-0006587;CLASE IIB;DISPONIBLE;Cosmitet Ltda.;SUKHI;SEMESTRAL
1100;1101;364;Monitor Multiparametrico;Edan;IM8;360001-M21119620007;N3279;Rehabilitacion Cardiaca;Carro de paro;INVIMA 2021EBC-0006222-R1;CLASE IIB;DISPONIBLE;Cosmitet Ltda.;SUKHI;SEMESTRAL
1101;1102;353;Monitor Multiparametrico;BioCare;BM-9000S;1309090511;N.I;UCI 1;Cubiculo 3- Bodega Uci;INVIMA 2010EBC-0006587;CLASE IIB;DISPONIBLE;Cosmitet Ltda.;Cosmitet Ltda.;SEMESTRAL
1102;1103;353;Monitor Multiparametrico;BioCare;BM-9000S;1309070319;V102732;UCI 1;Cubiculo 10- Bodega Uci;INVIMA 2010EBC-0006587;CLASE IIB;DISPONIBLE;Cosmitet Ltda.;Cosmitet Ltda.;SEMESTRAL
1103;1104;359;Monitor Multiparametrico;BioCare;IM12;7115030168;V116006;UCIN;Cubiculo 4;INVIMA 2010EBC-0006587;CLASE IIB;DISPONIBLE;Cosmitet Ltda.;SUKHI;SEMESTRAL
1104;1105;353;Monitor Multiparametrico;BioCare;BM-9000S;1308120409;N.I;UCI 1;Cubiculo 5- Bodega Uci;INVIMA 2010EBC-0006587;CLASE IIB;DISPONIBLE;Cosmitet Ltda.;Cosmitet Ltda.;SEMESTRAL
1105;1106;364;Monitor Multiparametrico;Edan;IM8;360001-M20507020040;N3278;Hospitalizacion;Carro de paro 4 piso;INVIMA 2021EBC-0006222-R1;CLASE IIB;DISPONIBLE;Cosmitet Ltda.;Cosmitet Ltda.;SEMESTRAL
1106;1107;364;Monitor Multiparametrico;Edan;IM8;360001-K21200010010;v107584;Urgencias;Observacion 3;INVIMA 2021EBC-0006222-R1;CLASE IIB;DISPONIBLE;Cosmitet Ltda.;SUKHI;SEMESTRAL
1107;1108;353;Monitor Multiparametrico;BioCare;BM-9000S;1309110528;V107133;UCI 1;Cubiculo 7- Bodega Uci;INVIMA 2010EBC-0006587;CLASE IIB;DISPONIBLE;Cosmitet Ltda.;Cosmitet Ltda.;SEMESTRAL
1108;1109;366;Monitor Multiparametrico;General Electric;B105M;SR622360004SA;N8406;Cirugia;Recuperacion;2019EBC-0001978-R1;CLASE IIB;DISPONIBLE;Cosmitet Ltda.;SUKHI;SEMESTRAL
1109;1110;362;Monitor Multiparametrico;BioCare;im12;c520070273;N.I;UCIN;CUBICULO 1;INVIMA 2010EBC-0006587;CLASE IIB;DISPONIBLE;Cosmitet Ltda.;SUKHI;SEMESTRAL
1110;1111;362;Monitor Multiparametrico;BioCare;im12;c517110380;n1103;UCIN;Cubiculo 6;INVIMA 2010EBC-0006587;CLASE IIB;DISPONIBLE;Cosmitet Ltda.;SUKHI;SEMESTRAL
1111;1112;371;Monitor Multiparametrico;Mindray;imec10;EX42014654;v114454;UCIN;cubiculo 9;INVIMA 2019EBC-0003486-R1;CLASE IIB;DISPONIBLE;Cosmitet Ltda.;SUKHI;SEMESTRAL
1112;1113;363;Monitor Multiparametrico;BioCare;im15;7115030195;v116010;Cirugia;preparacion de pacientes;INVIMA 2010EBC-0006587;CLASE IIB;DISPONIBLE;Cosmitet Ltda.;Cosmitet Ltda.;SEMESTRAL
1113;1114;363;Monitor Multiparametrico;BioCare;im15;7115030197;v116013;UCIN;CUBICULO 7;INVIMA 2010EBC-0006587;CLASE IIB;DISPONIBLE;Cosmitet Ltda.;Cosmitet Ltda.;SEMESTRAL
1114;1115;363;Monitor Multiparametrico;BioCare;im15;C517110392;N910;UCI 1;cubiculo 6- Bodega Uci;INVIMA 2010EBC-0006587;CLASE IIB;DISPONIBLE;Cosmitet Ltda.;Cosmitet Ltda.;SEMESTRAL
1115;1116;363;Monitor Multiparametrico;BioCare;im15;C517110387;N911;UCIN;CUBICULO 2;INVIMA 2010EBC-0006587;CLASE IIB;DISPONIBLE;Cosmitet Ltda.;SUKHI;SEMESTRAL
1116;1117;359;Monitor Multiparametrico;BioCare;IM12;C520030031;N.I;UCI 1;Cubiculo 12;INVIMA 2010EBC-0006587;CLASE IIB;DISPONIBLE;Cosmitet Ltda.;SUKHI;SEMESTRAL
1117;1118;359;Monitor Multiparametrico;BioCare;IM12;6114090194;N.I;UCIN;CUBICULO 8;INVIMA 2010EBC-0006587;CLASE IIB;DISPONIBLE;Cosmitet Ltda.;SUKHI;SEMESTRAL
1118;1119;359;Monitor Multiparametrico;BioCare;IM12;7115030196;V116004;UCIN;cubiculo 3;INVIMA 2010EBC-0006587;CLASE IIB;DISPONIBLE;Cosmitet Ltda.;SUKHI;SEMESTRAL
1119;1120;359;Monitor Multiparametrico;BioCare;IM12;6114110301;N.I;UCI 1;Cubiculo 11;INVIMA 2010EBC-0006587;CLASE IIB;BAJA;Cosmitet Ltda.;Cosmitet Ltda.;SEMESTRAL
1120;1121;359;Monitor Multiparametrico;BioCare;IM12;C520070268;N.I;UCI 1;Cubiculo 2;INVIMA 2010EBC-0006587;CLASE IIB;DISPONIBLE;Cosmitet Ltda.;SUKHI;SEMESTRAL
1121;1122;359;Monitor Multiparametrico;BioCare;IM12;7115030165;V116014;UCI 1;Cubiculo 13;INVIMA 2010EBC-0006587;CLASE IIB;DISPONIBLE;Cosmitet Ltda.;Cosmitet Ltda.;SEMESTRAL
1122;1123;359;Monitor Multiparametrico;BioCare;IM12;C520070270;N2549;UCI 1;Cubiculo 6;INVIMA 2010EBC-0006587;CLASE IIB;DISPONIBLE;Cosmitet Ltda.;SUKHI;SEMESTRAL
1123;1124;359;Monitor Multiparametrico;BioCare;IM12;C519030058;N2005;UCI 1;Cubiculo 7;INVIMA 2010EBC-0006587;CLASE IIB;DISPONIBLE;Cosmitet Ltda.;SUKHI;SEMESTRAL
1124;1125;361;Monitor Multiparametrico;BioCare;Im12;IM15-7115030185;V116020;UCI 1;Cubiculo 14;INVIMA 2010EBC-0006587;CLASE IIB;DISPONIBLE;Cosmitet Ltda.;SUKHI;SEMESTRAL
1125;1126;361;Monitor Multiparametrico;BioCare;Im12;7115030178;V116008;UCI 1;Cubiculo 4;INVIMA 2010EBC-0006587;CLASE IIB;DISPONIBLE;Cosmitet Ltda.;SUKHI;SEMESTRAL
1126;1127;362;Monitor Multiparametrico;BioCare;im12;7115030174;V116022;UCI 1;cubiculo 5;INVIMA 2010EBC-0006587;CLASE IIB;DISPONIBLE;Cosmitet Ltda.;SUKHI;SEMESTRAL
1127;1128;362;Monitor Multiparametrico;BioCare;im12;c520030030;N.I;UCI 1;cubiculo 10;INVIMA 2010EBC-0006587;CLASE IIB;DISPONIBLE;Cosmitet Ltda.;SUKHI;SEMESTRAL
1128;1129;356;Monitor Multiparametrico;BioCare;IM 15;7115030177;v116012;UCI 1;Cubiculo 09;INVIMA 2010EBC-0006587;CLASE IIB;DISPONIBLE;Cosmitet Ltda.;SUKHI;SEMESTRAL
1129;1130;362;Monitor Multiparametrico;BioCare;im12;c520070267;N.I;UCI 1;cubiculo 08;INVIMA 2010EBC-0006587;CLASE IIB;DISPONIBLE;Cosmitet Ltda.;SUKHI;SEMESTRAL
1130;1131;363;Monitor Multiparametrico;BioCare;im15;IM15-7115030176;v116017;UCIN;TRASNPORTE;INVIMA 2010EBC-0006587;CLASE IIB;DISPONIBLE;Cosmitet Ltda.;SUKHI;SEMESTRAL
1131;1132;363;Monitor Multiparametrico;BioCare;im15;7115030192;V116016;UCI 1;CUBICULO 1;INVIMA 2010EBC-0006587;CLASE IIB;DISPONIBLE;Cosmitet Ltda.;SUKHI;SEMESTRAL
1132;1133;369;Monitor Multiparametrico;Mindray;Imec10;EX42014649;V114451;Urgencias;Triagge 2;INVIMA 2019EBC-0003486-R1;CLASE IIB;DISPONIBLE;Cosmitet Ltda.;SUKHI;SEMESTRAL
1133;1134;355;Monitor Multiparametrico;BioCare;Bm-9000S;1309090500;V102681;Urgencias;Triagge 1;INVIMA 2010EBC-0006587;CLASE IIB;DISPONIBLE;Cosmitet Ltda.;Cosmitet Ltda.;SEMESTRAL
1134;1135;355;Monitor Multiparametrico;BioCare;Bm-9000S;A0807713;V113595;Urgencias;Obs. camilla # 1;INVIMA 2010EBC-0006587;CLASE IIB;DISPONIBLE;Cosmitet Ltda.;SUKHI;SEMESTRAL
1135;1136;355;Monitor Multiparametrico;BioCare;Bm-9000S;1309070373;V107583;Urgencias;Obs. camilla #2;INVIMA 2010EBC-0006587;CLASE IIB;DISPONIBLE;Cosmitet Ltda.;SUKHI;SEMESTRAL
1136;1137;359;Monitor Multiparametrico;BioCare;IM12;C519110114;N2108;Urgencias;Obs. camilla #7;INVIMA 2010EBC-0006587;CLASE IIB;DISPONIBLE;Cosmitet Ltda.;SUKHI;SEMESTRAL
1137;1138;359;Monitor Multiparametrico;BioCare;IM12;C519110128;AF30692;Urgencias;Obs. camilla #9;INVIMA 2010EBC-0006587;CLASE IIB;DISPONIBLE;Cosmitet Ltda.;SUKHI;SEMESTRAL
1138;1139;359;Monitor Multiparametrico;BioCare;IM12;C516070219;N2107;Urgencias;Observacion 1;INVIMA 2010EBC-0006587;CLASE IIB;DISPONIBLE;Cosmitet Ltda.;SUKHI;SEMESTRAL
1139;1140;359;Monitor Multiparametrico;BioCare;IM12;3413080303;V115817;Urgencias;Obs. camilla #8;INVIMA 2010EBC-0006587;CLASE IIB;DISPONIBLE;Cosmitet Ltda.;SUKHI;SEMESTRAL
1140;1141;369;Monitor Multiparametrico;Mindray;Imec10;EX-36006982;V113323;Urgencias;Obs. camilla #6;INVIMA 2019EBC-0003486-R1;CLASE IIB;DISPONIBLE;Cosmitet Ltda.;SUKHI;SEMESTRAL
1141;1142;355;Monitor Multiparametrico;BioCare;Bm-9000S;1309070326;AF30894;Urgencias;Obs. camilla #3;INVIMA 2010EBC-0006587;CLASE IIB;BAJA;Cosmitet Ltda.;Cosmitet Ltda.;SEMESTRAL
1142;1143;359;Monitor Multiparametrico;BioCare;IM12;C518040158;N2106;Urgencias;Obs. camilla #4;INVIMA 2010EBC-0006587;CLASE IIB;DISPONIBLE;Cosmitet Ltda.;SUKHI;SEMESTRAL
1143;1144;355;Monitor Multiparametrico;BioCare;Bm-9000S;1309090492;N.I;Urgencias;Obs. camilla #5;INVIMA 2010EBC-0006587;CLASE IIB;DISPONIBLE;Cosmitet Ltda.;Cosmitet Ltda.;SEMESTRAL
1144;1145;359;Monitor Multiparametrico;BioCare;IM12;C518100235;N2006;Urgencias;Reanimacion;INVIMA 2010EBC-0006587;CLASE IIB;DISPONIBLE;Cosmitet Ltda.;SUKHI;SEMESTRAL
1145;1146;366;Monitor Multiparametrico;General Electric;B105M;SR622360008SA;N8408;UCI 1;Cubiculo 9- Bodega Uci;2019EBC-0001978-R1;CLASE IIB;DISPONIBLE;Cosmitet Ltda.;SUKHI;SEMESTRAL
1146;1147;366;Monitor Multiparametrico;General Electric;B105M;SR22360010SA;N8410;UCI 1;Cubiculo 9- Bodega Uci;2019EBC-0001978-R1;CLASE IIB;DISPONIBLE;Cosmitet Ltda.;SUKHI;SEMESTRAL
1147;1148;366;Monitor Multiparametrico;General Electric;B105M;SR622360009SA;N8409;Hemodinamia;Preparacion pacientes;2019EBC-0001978-R1;CLASE IIB;DISPONIBLE;Cosmitet Ltda.;G Barco;SEMESTRAL
1148;1149;366;Monitor Multiparametrico;General Electric;B105M;SR623030003SA;N9238;UCI 2;Cubiculo 28;2019EBC-0001978-R1;CLASE IIB;DISPONIBLE;Cosmitet Ltda.;SUKHI;SEMESTRAL
1149;1150;366;Monitor Multiparametrico;General Electric;B105M;SR623030004SA;N9239;UCI 2;Cubiculo 15;2019EBC-0001978-R1;CLASE IIB;DISPONIBLE;Cosmitet Ltda.;SUKHI;SEMESTRAL
1150;1151;366;Monitor Multiparametrico;General Electric;B105M;SR623030005SA;N9240;UCI 2;Cubiculo 21;2019EBC-0001978-R1;CLASE IIB;DISPONIBLE;Cosmitet Ltda.;SUKHI;SEMESTRAL
1151;1152;366;Monitor Multiparametrico;General Electric;B105M;SR623030006SA;N9241;UCI 2;Cubiculo 25;2019EBC-0001978-R1;CLASE IIB;DISPONIBLE;Cosmitet Ltda.;SUKHI;SEMESTRAL
1152;1153;366;Monitor Multiparametrico;General Electric;B105M;SR623030007SA;N9249;UCI 2;Cubiculo 20;2019EBC-0001978-R1;CLASE IIB;DISPONIBLE;Cosmitet Ltda.;SUKHI;SEMESTRAL
1153;1154;366;Monitor Multiparametrico;General Electric;B105M;SR623030008SA;N9242;UCI 2;Cubiculo 19;2019EBC-0001978-R1;CLASE IIB;DISPONIBLE;Cosmitet Ltda.;SUKHI;SEMESTRAL
1154;1155;366;Monitor Multiparametrico;General Electric;B105M;SR623030009SA;N9243;UCI 2;Cubiculo 17;2019EBC-0001978-R1;CLASE IIB;DISPONIBLE;Cosmitet Ltda.;SUKHI;SEMESTRAL
1155;1156;366;Monitor Multiparametrico;General Electric;B105M;SR622360010SA;N9244;UCI 2;Cubiculo 22;2019EBC-0001978-R1;CLASE IIB;DISPONIBLE;Cosmitet Ltda.;SUKHI;SEMESTRAL
1156;1157;366;Monitor Multiparametrico;General Electric;B105M;SR623030011SA;N9245;UCI 2;Cubiculo 16;2019EBC-0001978-R1;CLASE IIB;DISPONIBLE;Cosmitet Ltda.;SUKHI;SEMESTRAL
1157;1158;366;Monitor Multiparametrico;General Electric;B105M;SR623030013SA;N9247;UCI 2;Cubiculo 23;2019EBC-0001978-R1;CLASE IIB;DISPONIBLE;Cosmitet Ltda.;SUKHI;SEMESTRAL
1158;1159;366;Monitor Multiparametrico;General Electric;B105M;SR623030014SA;N9248;UCI 2;Cubibulo 29;2019EBC-0001978-R1;CLASE IIB;DISPONIBLE;Cosmitet Ltda.;SUKHI;SEMESTRAL
1159;1160;366;Monitor Multiparametrico;General Electric;B105M;SR623030015SA;N9250;UCI 2;Cubiculo 18;2019EBC-0001978-R1;CLASE IIB;DISPONIBLE;Cosmitet Ltda.;SUKHI;SEMESTRAL
1160;1161;366;Monitor Multiparametrico;General Electric;B105M;SR623030016SA;N9251;UCI 2;Cubiculo 27;2019EBC-0001978-R1;CLASE IIB;DISPONIBLE;Cosmitet Ltda.;SUKHI;SEMESTRAL
1161;1162;366;Monitor Multiparametrico;General Electric;B105M;SR622360005SA;N8407;UCI 2;Cubiculo 30;2019EBC-0001978-R1;No especifica;DISPONIBLE;Cosmitet Ltda.;SUKHI;SEMESTRAL
1162;1163;366;Monitor Multiparametrico;General Electric;B105M;SR623030017SA;N9252;UCI 2;Cubiculo 26;2019EBC-0001978-R1;CLASE IIB;DISPONIBLE;Cosmitet Ltda.;SUKHI;SEMESTRAL
1163;1164;373;Motor electrico legend;Medtronic;MIDAS REX LEGEND;FM08250050;N.I;Central de Esterilizacion;Area de empaque;No especifica;No especifica;BAJA;Cosmitet Ltda.;Cosmitet Ltda.;SEMESTRAL
1164;1165;374;Nebulizador;Devilbiss;5650D;D3197964;N.I;Terapia Respiratoria;Consultorio;2019EBC-0001978-R2;No especifica;DISPONIBLE;Cosmitet Ltda.;Cosmitet Ltda.;ANUAL
1165;1166;376;Negatoscopio;Biopadis;Nacional;No especifica;V108445;Especialistas;Consultorio #12;No especifica;No especifica;BAJA;Cosmitet Ltda.;N/A;N/A
1166;1167;375;Negatoscopio;Biopadis;N.I;N.I;V108546;Especialistas;Consultorio #1;No especifica;No especifica;BAJA;Cosmitet Ltda.;N/A;N/A
1167;1168;375;Negatoscopio;Biopadis;N.I;N.I;V108544;Especialistas;Consultorio #4;No especifica;No especifica;BAJA;Cosmitet Ltda.;N/A;N/A
1168;1169;377;Negatoscopio;Generico;N.I;N.I;AF30465 - 1035000017;Especialistas;Consultorio #9;No especifica;No especifica;BAJA;Cosmitet Ltda.;N/A;N/A
1169;1170;378;Neumoinsuflador;Conmed;GS2000;94551LFI;N.I;Cirugia;Cuarto de equipos;INVIMA2019EBC-0020793;No especifica;DISPONIBLE;Cosmitet Ltda.;Cosmitet Ltda.;SEMESTRAL
1170;1171;379;Neumoinsuflador;Karl Storz;26 4320;NW15227-B;N.I;Cirugia;Cuarto de equipos;2019EBC-0001978-R3;No especifica;DISPONIBLE;Cosmitet Ltda.;Cosmitet Ltda.;SEMESTRAL
1171;1172;380;Neuroestimulador;Plexigon;7501-01-01 00:00:00;1040PC133;N.I;Cirugia;Recuperacion;2019EBC-0001978-R4;No especifica;DISPONIBLE;Cosmitet Ltda.;Cosmitet Ltda.;SEMESTRAL
1172;1173;390;Nevera;ELECTROLUX;EUC326NDHW;50302083;V116243;Banco de Sangre;Inmunohematologia;N.I;CLASE I;DISPONIBLE;Cosmitet Ltda.;Biomedica del Valle;CUATRIMESTRAL
1173;1174;397;Nevera;LG;GR302SH;302MR01217;2027000006;Banco de Sangre;Area de infecciosas;N.I;CLASE I;DISPONIBLE;Cosmitet Ltda.;Biomedica del Valle;CUATRIMESTRAL
1174;1175;385;Nevera;CENTRALES;N.I.;624271451;N.I;UCIN;UCIN;N.I;CLASE I;DISPONIBLE;Cosmitet Ltda.;Biomedica del Valle;CUATRIMESTRAL
1175;1176;393;Nevera;ICASA;ATE-8A;138490;2027000005;UCI 1;Estacion de enfermeria.;N.I;CLASE I;DISPONIBLE;Cosmitet Ltda.;Biomedica del Valle;CUATRIMESTRAL
1176;1177;389;Nevera;ELECTROLUX;EFUP313YSKW;50100835;V116240;Banco de Sangre;Area infecciosas;N.I;CLASE I;DISPONIBLE;Cosmitet Ltda.;Biomedica del Valle;CUATRIMESTRAL
1177;1178;403;Nevera;WHIRPOOL;WD555OL;HR20216874;V112719;Banco de Sangre;Bodega Coordinacion;N.I;CLASE I;DISPONIBLE;Cosmitet Ltda.;Biomedica del Valle;CUATRIMESTRAL
1178;1179;383;Nevera;ABBA;nwars0651p;180800527;n1764;Hospitalizacion;Cuarto de medicamentos 8vo;N.I;CLASE I;DISPONIBLE;Cosmitet Ltda.;Biomedica del Valle;CUATRIMESTRAL
1179;1180;382;Nevera;ABBA;Nvars0651p;180800529;n1766;Hospitalizacion;estacion de enfermeria 5 PISO NORTE;N.I;CLASE I;DISPONIBLE;Cosmitet Ltda.;Biomedica del valle;CUATRIMESTRAL
1180;1181;382;Nevera;ABBA;Nvars0651p;180800003;N1767;Hospitalizacion;Trabajo limpio #4;N.I;CLASE I;DISPONIBLE;Cosmitet Ltda.;Biomedica del valle;CUATRIMESTRAL
1181;1182;384;Nevera;Biored;BIORVP04G081900;BIO-R1900171;No especifica;Laboratorio;Toma de muestras Bosque;INVIMA 2019EBC-0003486-R5;CLASE I;DISPONIBLE;Cosmitet Ltda.;Biomedica del Valle;CUATRIMESTRAL
1182;1183;386;Nevera;CHALLENGER;(17 PIES NO FROST);3010031;2027000020;Laboratorio;Especiales;N.I;CLASE I;DISPONIBLE;Cosmitet Ltda.;Biomedica del Valle;CUATRIMESTRAL
1183;1184;388;Nevera;CHALLENGER;CR262;210201-03024;N.I;Laboratorio;Toma de Muestras Ferrocarriles;INVIMA 2019EBC-0003486-R7;CLASE I;DISPONIBLE;Cosmitet Ltda.;Biomedica del Valle;CUATRIMESTRAL
1184;1185;391;Nevera;Haceb;N15/NF ELEGANT;F-031063352;AF30162;Laboratorio;Microbiologia;N.I;CLASE I;DISPONIBLE;Cosmitet Ltda.;Biomedica del Valle;CUATRIMESTRAL
1185;1186;394;Nevera;INDURAMA;VFV-400;E00001700500840173;V114577;Laboratorio;Regionales (Microelisa);N.I;CLASE I;DISPONIBLE;Cosmitet Ltda.;Biomedica del Valle;CUATRIMESTRAL
1186;1187;395;Nevera;LG;720C;78309601;AF30086;Laboratorio;Almacen;N.I;CLASE I;DISPONIBLE;Cosmitet Ltda.;Biomedica del Valle;CUATRIMESTRAL
1187;1188;392;Nevera;Haceb;RS-9A;F03106025;AF30285;Oncologia;Area medicamentos;INVIMA 2019EBC-0003486-R1;CLASE I;DISPONIBLE;Cosmitet Ltda.;Biomedica del valle;CUATRIMESTRAL
1188;1189;401;Nevera;Vestfrost;MK 144 / Horizontal;20134087894;R;Partos;Consultorio;INVIMA 2019EBC-0003486-R2;CLASE I;DISPONIBLE;Cosmitet Ltda.;Biomedica del Valle;CUATRIMESTRAL
1189;1190;381;Nevera;ABBA;NVAR50651P;180800451;N1765;Hospitalizacion;PISO 6;INVIMA 2019EBC-0003486-R3;CLASE I;DISPONIBLE;Cosmitet Ltda.;Biomedica del Valle;CUATRIMESTRAL
1190;1191;387;Nevera;CHALLENGER;CR233;090523-00992;V102334;UCI 2;UCI 2;INVIMA 2019EBC-0003486-R4;CLASE I;DISPONIBLE;Cosmitet Ltda.;Biomedica del Valle;CUATRIMESTRAL
1191;1192;398;Nevera;MELING;YC130L;231200683;N11153;Laboratorio;Toma de Muestras IPS Tequendama;INVIMA 2019EBC-0003486-R6;CLASE I;DISPONIBLE;Cosmitet Ltda.;BPL;CUATRIMESTRAL
1192;1193;400;Nevera;SAMSUNG;RT6WNPP1/SCL;JJGA4GR2B50226H;V108653;Laboratorio;Hematologia Coagulacion;N.I;CLASE I;DISPONIBLE;Cosmitet Ltda.;Biomedica del Valle;CUATRIMESTRAL
1193;1194;402;Nevera;WHIRPOOL;LWT6506A;VS30551910;N.I;Laboratorio;Almacen;N.I;CLASE I;DISPONIBLE;Cosmitet Ltda.;Biomedica del Valle;CUATRIMESTRAL
1194;1195;396;Nevera;LG;GC-131S;TRGQ00015;V108282;Hemodinamia;Preparacion pacientes;INVIMA 2019EBC-0003486-R8;CLASE I;DISPONIBLE;Cosmitet Ltda.;Biomedica del valle;CUATRIMESTRAL
1195;1196;399;Nevera;PHCBI;SF-L6111W-PS;180600205;N.I;Cirugia;Cuarto de equipos;INVIMA 2019EBC-0003486-R9;CLASE I;DISPONIBLE;Baxter;Baxter;CUATRIMESTRAL
1196;1197;406;Nevera de Transporte con Termometro Digital;Biored;5 QT Cooler;BIO-E24503;N.A;Hospitalizacion;No especifica;Excluido de registro Invima;No Aplica;DISPONIBLE;Cosmitet Ltda.;N/A;N/A
1197;1198;406;Nevera de Transporte con Termometro Digital;Biored;5 QT Cooler;BIO-E24508;N.A;Hospitalizacion;No especifica;Excluido de registro Invima;No Aplica;DISPONIBLE;Cosmitet Ltda.;N/A;N/A
1198;1199;406;Nevera de Transporte con Termometro Digital;Biored;5 QT Cooler;BIO-E24504;N.A;Hospitalizacion;No especifica;Excluido de registro Invima;No Aplica;DISPONIBLE;Cosmitet Ltda.;N/A;N/A
1199;1200;406;Nevera de Transporte con Termometro Digital;Biored;5 QT Cooler;BIO-E24501;N.A;Hospitalizacion;No especifica;Excluido de registro Invima;No Aplica;DISPONIBLE;Cosmitet Ltda.;N/A;N/A
1200;1201;406;Nevera de Transporte con Termometro Digital;Biored;5 QT Cooler;BIO-E24500;N.A;Hospitalizacion;No especifica;Excluido de registro Invima;No Aplica;DISPONIBLE;Cosmitet Ltda.;N/A;N/A
1201;1202;406;Nevera de Transporte con Termometro Digital;Biored;5 QT Cooler;BIO-E24509;N.A;Hospitalizacion;No especifica;Excluido de registro Invima;No Aplica;DISPONIBLE;Cosmitet Ltda.;N/A;N/A
1202;1203;406;Nevera de Transporte con Termometro Digital;Biored;5 QT Cooler;BIO-E24505;N.A;Hospitalizacion;No especifica;Excluido de registro Invima;No Aplica;DISPONIBLE;Cosmitet Ltda.;N/A;N/A
1203;1204;406;Nevera de Transporte con Termometro Digital;Biored;5 QT Cooler;BIO-E24502;N.A;Hospitalizacion;No especifica;Excluido de registro Invima;No Aplica;DISPONIBLE;Cosmitet Ltda.;N/A;N/A
1204;1205;406;Nevera de Transporte con Termometro Digital;Biored;5 QT Cooler;BIO-E24507;N.A;Urgencias;No especifica;Excluido de registro Invima;No Aplica;DISPONIBLE;Cosmitet Ltda.;N/A;N/A
1205;1206;406;Nevera de Transporte con Termometro Digital;Biored;5 QT Cooler;BIO-E24506;N.A;Urgencias;No especifica;Excluido de registro Invima;No Aplica;DISPONIBLE;Cosmitet Ltda.;N/A;N/A
1206;1207;404;Nevera de Transporte con Termometro Digital;Biored;22 QT Cooler;NVT0002;N.A;Oncologia;---;Excluido de registro Invima;No Aplica;DISPONIBLE;Cosmitet Ltda.;N/A;N/A
1207;1208;405;Nevera de Transporte con Termometro Digital;Biored;42 QT Cooler;BIO-E24499;N.A;Laboratorio;No especifica;Excluido de registro Invima;No Aplica;DISPONIBLE;Cosmitet Ltda.;N/A;N/A
1208;1209;407;Nevera de Transporte con Termometro Digital;Estra;22 QT Cooler;NVT0001;N.I;Oncologia;Area medicamentos;Excluido de registro Invima;No Aplica;DISPONIBLE;Cosmitet Ltda.;N/A;N/A
1209;1210;409;Nevera de Transporte con Termometro Digital;No especifica;n.i.;n.i.;n.i.;Cirugia;preparacion pacientes;No especifica;No especifica;DISPONIBLE;No especifica;No especifica;No especifica
1210;1211;408;Nevera de Transporte con Termometro Digital;No especifica;N.I.;N.I.;N.I.;Cirugia;sala de cx;No especifica;No especifica;DISPONIBLE;No especifica;No especifica;No especifica
1211;1212;410;Oftalmoscopio binocular indirecto;Welch Allyn;12500;142446;N2489;Especialistas;consultorios;INVIMA 2017DM-0017337;CLASE I;DISPONIBLE;Cosmitet Ltda.;N/A;N/A
1212;1213;411;Olla esterilizadora;ALL AMERICAN;25X-1;D0029823;V115631;Laboratorio;Centrifugacion;INVIMA 2014DM-0011560;No especifica;DISPONIBLE;Cosmitet Ltda.;SUKHI;ANUAL
1213;1214;412;Planta de Osmosis;Aqua nova;No especifica;AC-410-844-224;N.I;Laboratorio;Quimica;INVIMA 2014DM-0011561;No especifica;BAJA;UNIVERSAL OSMOSIS;UNIVERSAL OSMOSIS;N/A
1214;1215;413;Planta de Osmosis Portatil;Baxter;WRO 300;WR32062;N.I;Unidad Renal;UCI;INVIMA 2014DM-0011562;No especifica;DISPONIBLE;Baxter;Baxter;ANUAL
1215;1216;413;Planta de Osmosis Portatil;Baxter;WRO 300;WR32059;N.I;Unidad Renal;UCI;INVIMA 2014DM-0011563;No especifica;DISPONIBLE;Baxter;Baxter;ANUAL
1216;1217;414;Procesador y Fuente de Luz;Pentax;EPK-15500C;B00000Z0591;N8815;Gastroscopia;Sala de procedimientos;INVIMA 2014DM-0011564;No especifica;DISPONIBLE;Cosmitet Ltda.;Cosmitet Ltda.;SEMESTRAL
1217;1218;416;Procesadora;Olympus;Evis exera III CV-190;7401827;N810;Gastroscopia;Sala de procedimientos (torre 190);INVIMA 2014DM-0011565;No especifica;DISPONIBLE;Cosmitet Ltda.;Biomeg;SEMESTRAL
1218;1219;415;Procesadora;Olympus;Evis exera II CLV-180;7600334;N.I;Gastroscopia;Sala de procedimientos (torre 180);INVIMA 2014DM-0011566;No especifica;DISPONIBLE;Cosmitet Ltda.;Biomeg;SEMESTRAL
1219;1220;417;Pulsioximetro;Edan;H100-B;316036-M14400080096;V114359;Especialistas;Backup;INVIMA 2020EBC-0005674-R1;CLASE IIB;DISPONIBLE;Cosmitet Ltda.;Cosmitet Ltda.;ANUAL
1220;1221;417;Pulsioximetro;Edan;H100-B;360101-M22314600273;N7525;Hospitalizacion;Estacion de Enfermeria;INVIMA 2020EBC-0005674-R1;CLASE IIB;DISPONIBLE;Cosmitet Ltda.;SUKHI;N/A
1221;1222;417;Pulsioximetro;Edan;H100-B;360101-M22314600272;N7524;Hospitalizacion;Estacion de enfermeria#6;INVIMA 2020EBC-0005674-R1;CLASE IIB;DISPONIBLE;Cosmitet Ltda.;N/A;N/A
1222;1223;417;Pulsioximetro;Edan;H100-B;360101-M22314600194;N7357;Hospitalizacion;Estacion de enfermeria#6;INVIMA 2020EBC-0005674-R1;CLASE IIB;DISPONIBLE;Cosmitet Ltda.;SUKHI;N/A
1223;1224;417;Pulsioximetro;Edan;H100-B;360101-M22314600193;N7356;Hospitalizacion;Estacion de enfermeria 5 piso norte;INVIMA 2020EBC-0005674-R1;CLASE IIB;DISPONIBLE;Cosmitet Ltda.;SUKHI;N/A
1224;1225;417;Pulsioximetro;Edan;H100-B;360101-M22314600296;N8677;Hospitalizacion;Estacion de enfermeria 5 piso norte;INVIMA 2020EBC-0005674-R1;CLASE IIB;DISPONIBLE;Cosmitet Ltda.;N/A;N/A
1225;1226;417;Pulsioximetro;Edan;H100-B;360101-M22314600192;N7355;Hospitalizacion;estacion de enfermeria #5 sur;INVIMA 2020EBC-0005674-R1;CLASE IIB;DISPONIBLE;Cosmitet Ltda.;SUKHI;N/A
1226;1227;417;Pulsioximetro;Edan;H100-B;360101-M22314600204;N7522;Hospitalizacion;estacion de enfermeria #5 SUR;INVIMA 2020EBC-0005674-R1;CLASE IIB;DISPONIBLE;Cosmitet Ltda.;SUKHI;N/A
1227;1228;417;Pulsioximetro;Edan;H100-B;360101-M22314600300;N8681;Hospitalizacion;estacion de enfermeria #4;INVIMA 2020EBC-0005674-R1;CLASE IIB;DISPONIBLE;Cosmitet Ltda.;N/A;N/A
1228;1229;417;Pulsioximetro;Edan;H100-B;360101-M22314600191;N7354;Hospitalizacion;estacion de enfermeria #4;INVIMA 2020EBC-0005674-R1;CLASE IIB;DISPONIBLE;Cosmitet Ltda.;SUKHI;N/A
1229;1230;417;Pulsioximetro;Edan;H100-B;360101-M22314600202;N7521;Hospitalizacion;estacion de enfermeria #4;INVIMA 2020EBC-0005674-R1;CLASE IIB;DISPONIBLE;Cosmitet Ltda.;SUKHI;N/A
1230;1231;417;Pulsioximetro;Edan;H100-B;360101-M22314600201;N7520;Hospitalizacion;estacion de enfermeria 4 piso;INVIMA 2020EBC-0005674-R1;CLASE IIB;DISPONIBLE;Cosmitet Ltda.;SUKHI;N/A
1231;1232;421;Pulsioximetro;Nellcor;N595;20132-01;V113320;Imagenes Diagnosticas;Resonancia;INVIMA 2018EBC-0017894;CLASE IIB;DISPONIBLE;Cosmitet Ltda.;N/A;N/A
1232;1233;417;Pulsioximetro;Edan;H100-B;360101-M18504510003;N1484;Partos;Observacion Partos;INVIMA 2020EBC-0005674-R1;CLASE IIB;DISPONIBLE;Cosmitet Ltda.;N/A;N/A
1233;1234;420;Pulsioximetro;Generico;Fs20A;FS2E211200700899;N.A;Urgencias;Oficina jefe;INVIMA 2018EBC-0018574;CLASE IIB;BAJA;Cosmitet Ltda.;N/A;N/A
1234;1235;417;Pulsioximetro;Edan;H100-B;360101-M24104800079;N11164;Urgencias;Oficina jefe;INVIMA 2020EBC-0005674-R1;CLASE IIB;DISPONIBLE;Cosmitet Ltda.;SUKHI;N/A
1235;1236;417;Pulsioximetro;Edan;H100-B;360101-M22314600297;N8678;Hospitalizacion;STOCK;INVIMA 2020EBC-0005674-R1;CLASE IIB;DISPONIBLE;Cosmitet Ltda.;SUKHI;ANUAL
1236;1237;417;Pulsioximetro;Edan;H100-B;360101-M22314600298;N8679;Hospitalizacion;Estacion 8vo piso;INVIMA 2020EBC-0005674-R1;CLASE IIB;FUERA DE SERVICIO;Cosmitet Ltda.;N/A;N/A
1237;1238;417;Pulsioximetro;Edan;H100-B;360101-M22314600299;N8680;Hospitalizacion;Estacion 8vo piso;INVIMA 2020EBC-0005674-R1;CLASE IIB;DISPONIBLE;Cosmitet Ltda.;N/A;N/A
1238;1239;419;Pulsioximetro;GMD;PULSAX 500E;21IM01116;N.I;Terapia Respiratoria;Terapia respiratoria;INVIMA 2018EBC-0018574;CLASE IIB;DISPONIBLE;Cosmitet Ltda.;N/A;N/A
1239;1240;422;Pulsioximetro;No especifica;No especifica;UR-P001;No especifica;Unidad Renal;Carro de paro;INVIMA 2018EBC-0018574;CLASE IIB;BAJA;Cosmitet Ltda.;N/A;N/A
1240;1241;423;Reanimador para Bebes;Fisher & Paykel;Neopuff;220426033713;N8070;Terapia Respiratoria;Oficina terapia respiratoria;2019Dm-0005158-R1;CLASE IIA;DISPONIBLE;Cosmitet Ltda.;Cosmitet Ltda.;N/A
1241;1242;424;Refrigerador de Globulos Rojos;No especifica;N.I;CRD-RF-01;V105014;Banco de Sangre;Cuarto de Refrigeracion;INVIMA 2017DM-0017119;No especifica;DISPONIBLE;Cosmitet Ltda.;Biomedica del Valle;CUATRIMESTRAL
1242;1243;473;Regulador de aire;Gentec;4000PSI;L2220601580038;N.I;Cirugia;Biomedico;2019Dm-0005158-R3;No especifica;DISPONIBLE;Cosmitet Ltda.;Cosmitet Ltda.;N/A
1243;1244;426;Regulador de Oxigeno;Air Imetan;0-4000;122421;No especifica;Biomedico;No especifica;No especifica;No especifica;Mantenimiento;No especifica;No especifica;No especifica
1244;1245;425;Regulador de Oxigeno;Air Imetan;0-15 L;8076;N.I;UCI 1;Cuarto de equipos;INVIMA 2014DM-0011354;CLASE IIA;DISPONIBLE;Cosmitet Ltda.;N/A;N/A
1245;1246;425;Regulador de Oxigeno;Air Imetan;0-15 L;7998;N.I;UCIN;UCIN;INVIMA 2014DM-0011354;CLASE IIA;DISPONIBLE;Cosmitet Ltda.;N/A;N/A
1246;1247;429;Regulador de Oxigeno;Gentec;0-15 L;7897;N.I;UCIN;UCIN;INVIMA 2014DM-0011354;CLASE IIA;DISPONIBLE;Cosmitet Ltda.;N/A;N/A
1247;1248;430;Regulador de Oxigeno;Gentec;0-15LPM;20080311-603;N.A.;Hospitalizacion;8vo Piso;INVIMA 2014DM-0011354;CLASE IIA;DISPONIBLE;Cosmitet Ltda.;N/A;N/A
1248;1249;433;Regulador de Oxigeno;Hudson RCI;2615;MHB9711-0077;N.I;Gastroscopia;Sala de procedimientos;INVIMA 2014DM-0011354;CLASE IIA;DISPONIBLE;Cosmitet Ltda.;N/A;N/A
1249;1250;434;Regulador de Oxigeno;Oxigen;N.I;1621260;N.I;Cirugia;Recuperacion;INVIMA 2014DM-0011354;CLASE IIA;DISPONIBLE;Cosmitet Ltda.;N/A;N/A
1250;1251;428;Regulador de Oxigeno;Air Imetan;R-915;031881;N.I;Hospitalizacion;4to Piso;INVIMA 2014DM-0011354;CLASE IIA;DISPONIBLE;Cosmitet Ltda.;N/A;N/A
1251;1252;434;Regulador de Oxigeno;Oxigen;N.I;1621255;N.I;Hospitalizacion;6to Piso;INVIMA 2014DM-0011354;CLASE IIA;DISPONIBLE;Cosmitet Ltda.;N/A;N/A
1252;1253;432;Regulador de Oxigeno;Harris;2898-01-01 00:00:00;82786;N.I;Unidad Renal;Procedimientos Hemodialisis;INVIMA 2014DM-0011354;CLASE IIA;DISPONIBLE;Cosmitet Ltda.;N/A;N/A
1253;1254;435;Regulador de Oxigeno;Responsive;120-1060C;3094111;N.I;Unidad Renal;Sala de dialisis peritonial;INVIMA 2014DM-0011354;CLASE IIA;DISPONIBLE;Cosmitet Ltda.;N/A;N/A
1254;1255;428;Regulador de Oxigeno;Air Imetan;R-915;100473;N.I;Imagenes Diagnosticas;resonancia;INVIMA 2014DM-0011354;CLASE IIA;DISPONIBLE;Cosmitet Ltda.;N/A;N/A
1255;1256;428;Regulador de Oxigeno;Air Imetan;R-915;No especifica;N.I;Hospitalizacion;5to Piso;INVIMA 2014DM-0011354;CLASE IIA;DISPONIBLE;Cosmitet Ltda.;N/A;N/A
1256;1257;428;Regulador de Oxigeno;Air Imetan;R-915;1735919;N.I;Cirugia;Carro de paro salas cirugia;INVIMA 2014DM-0011354;CLASE IIA;DISPONIBLE;Cosmitet Ltda.;N/A;N/A
1257;1258;431;Regulador de Oxigeno;Gentec;284MA-15LY;HEM-RG001;N.A;Hemodinamia;Hemodinamia;2017DM-0016286;CLASE IIA;DISPONIBLE;Cosmitet Ltda.;N/A;N/A
1258;1259;431;Regulador de Oxigeno;Gentec;284MA-15LY;HOS-RG001;N.A;Hospitalizacion;Hospitalizacion;2017DM-0016286;CLASE IIA;DISPONIBLE;Cosmitet Ltda.;N/A;N/A
1259;1260;427;Regulador de Oxigeno;Air Imetan;R 915 / CGA-540;236624;N.A;Urgencias;Urgencias;INVIMA 2018DM-0003367-R1;CLASE IIA;DISPONIBLE;Cosmitet Ltda.;N/A;N/A
1260;1261;427;Regulador de Oxigeno;Air Imetan;R 915 / CGA-540;236623;N.A;Urgencias;Urgencias;INVIMA 2018DM-0003367-R1;CLASE IIA;DISPONIBLE;Cosmitet Ltda.;N/A;N/A
1261;1262;431;Regulador de Oxigeno;Gentec;284MA-15LY;HOS-RG002;N.A;Hospitalizacion;Hospitalizacion;2017DM-0016286;CLASE IIA;DISPONIBLE;Cosmitet Ltda.;N/A;N/A
1262;1263;431;Regulador de Oxigeno;Gentec;284MA-15LY;HOS-RG003;N.A;Hospitalizacion;Hospitalizacion;2017DM-0016286;CLASE IIA;DISPONIBLE;Cosmitet Ltda.;N/A;N/A
1263;1264;431;Regulador de Oxigeno;Gentec;284MA-15LY;HOS-RG004;N.A;Hospitalizacion;Hospitalizacion;2017DM-0016286;CLASE IIA;DISPONIBLE;Cosmitet Ltda.;N/A;N/A
1264;1265;431;Regulador de Oxigeno;Gentec;284MA-15LY;HOS-RG005;N.A;Hospitalizacion;Hospitalizacion;2017DM-0016286;CLASE IIA;DISPONIBLE;Cosmitet Ltda.;N/A;N/A
1265;1266;431;Regulador de Oxigeno;Gentec;284MA-15LY;HOS-RG006;N.A;Hospitalizacion;Hospitalizacion;2017DM-0016286;CLASE IIA;DISPONIBLE;Cosmitet Ltda.;N/A;N/A
1266;1267;450;Regulador de Vacio;Chemetron;22-13-1208 1114;CRG-V002;N.I;Cirugia;Cuarto de equipos;INVIMA 2022DM-0024971;CLASE IIA;DISPONIBLE;Cosmitet Ltda.;N/A;N/A
1267;1268;446;Regulador de Vacio;Chemetron;22-13-1208;CRG-V001;N869;Cirugia;Cuarto de equipos;INVIMA 2022DM-0024971;CLASE IIA;DISPONIBLE;Cosmitet Ltda.;N/A;N/A
1268;1269;452;Regulador de Vacio;Gentec;882VR-300-CH-C;610200300630051;N.I;Cirugia;Cuarto de equipos;INVIMA 2017DM-0016286;CLASE IIA;DISPONIBLE;Cosmitet Ltda.;N/A;N/A
1269;1270;453;Regulador de Vacio;Gentec;882VR-300-CH-T;617-190300200-034;N.I;Cirugia;Sala 1;INVIMA 2017DM-0016286;CLASE IIA;DISPONIBLE;Cosmitet Ltda.;N/A;N/A
1270;1271;453;Regulador de Vacio;Gentec;882VR-300-CH-T;617-190300200-036;N.I;Cirugia;Sala 1;INVIMA 2017DM-0016286;CLASE IIA;DISPONIBLE;Cosmitet Ltda.;N/A;N/A
1271;1272;444;Regulador de Vacio;Chemetron;22-13-1108 0708;CRG-V004;N.I;Cirugia;Sala 2;INVIMA 2022DM-0024971;CLASE IIA;DISPONIBLE;Cosmitet Ltda.;N/A;N/A
1272;1273;448;Regulador de Vacio;Chemetron;22-13-1208 0814;CRG-V003;N.I;Cirugia;Sala 2;INVIMA 2022DM-0024971;CLASE IIA;DISPONIBLE;Cosmitet Ltda.;N/A;N/A
1273;1274;452;Regulador de Vacio;Gentec;882VR-300-CH-C;610200300630090;N.I;Cirugia;Sala 3;INVIMA 2017DM-0016286;CLASE IIA;DISPONIBLE;Cosmitet Ltda.;N/A;N/A
1274;1275;453;Regulador de Vacio;Gentec;882VR-300-CH-T;617-190300200-035;N.I;Cirugia;Sala 3;INVIMA 2017DM-0016286;CLASE IIA;DISPONIBLE;Cosmitet Ltda.;N/A;N/A
1275;1276;449;Regulador de Vacio;Chemetron;22-13-1208 0914;CRG-V006;N.I;Cirugia;Sala 4;INVIMA 2022DM-0024971;CLASE IIA;BAJA;Cosmitet Ltda.;N/A;N/A
1276;1277;468;Regulador de Vacio;Precision Medical;PM3100;113257;N.I;Gastroscopia;Sala de procedimientos;INVIMA 2009DM-0004934;No especifica;DISPONIBLE;Cosmitet Ltda.;Cosmitet Ltda.;N/A
1277;1278;472;Regulador de Vacio;Vacutron;22-13-02000-0812;PR002;N.A;Hemodinamia;procedimientos;INVIMA 2022DM-0024971;No especifica;DISPONIBLE;Cosmitet Ltda.;Cosmitet Ltda.;N/A
1278;1279;463;Regulador de Vacio;Ohio;1226;gfhs40549;N.I;UCI 1;Cubiculo 14/no;INVIMA 2022DM-0024971;No especifica;DISPONIBLE;Cosmitet Ltda.;N/A;N/A
1279;1280;459;Regulador de Vacio;Gentec;882vr-760-ch-c;61k191103120031;N.I;UCIN;CUARTO DE TERAPIA RESPIRAORIA;INVIMA 2017DM-0016286;CLASE IIA;DISPONIBLE;Cosmitet Ltda.;N/A;N/A
1280;1281;459;Regulador de Vacio;Gentec;882vr-760-ch-c;61k191103120018;N.I;Hospitalizacion;bodega hospitalizacion;INVIMA 2017DM-0016286;CLASE IIA;DISPONIBLE;Cosmitet Ltda.;N/A;N/A
1281;1282;459;Regulador de Vacio;Gentec;882vr-760-ch-c;61k191103120015;N.I;Hospitalizacion;bodega hospitalizacion;INVIMA 2017DM-0016286;CLASE IIA;DISPONIBLE;Cosmitet Ltda.;N/A;N/A
1282;1283;455;Regulador de Vacio;Gentec;882VR-760-CH-C;61K201000610066;N.I;UCI 1;Cubiculo 09;INVIMA 2017DM-0016286;CLASE IIA;DISPONIBLE;Cosmitet Ltda.;N/A;N/A
1283;1284;455;Regulador de Vacio;Gentec;882VR-760-CH-C;61K201000610068;N.I;UCI 2;Cubiculo 24;INVIMA 2017DM-0016286;CLASE IIA;DISPONIBLE;Cosmitet Ltda.;N/A;N/A
1284;1285;455;Regulador de Vacio;Gentec;882VR-760-CH-C;61K201000610067;N.I;UCI 1;Cubiculo 07;INVIMA 2017DM-0016286;CLASE IIA;DISPONIBLE;Cosmitet Ltda.;N/A;N/A
1285;1286;455;Regulador de Vacio;Gentec;882VR-760-CH-C;61K201000610042;N.I;UCI 1;Cubiculo 10;INVIMA 2017DM-0016286;CLASE IIA;DISPONIBLE;Cosmitet Ltda.;N/A;N/A
1286;1287;455;Regulador de Vacio;Gentec;882VR-760-CH-C;61K201000610039;N.I;UCI 1;CUBICULO 7/14;INVIMA 2017DM-0016286;CLASE IIA;DISPONIBLE;Cosmitet Ltda.;N/A;N/A
1287;1288;461;Regulador de Vacio;Gentec;Continuous;61K201000480376 (IMG-RV001);N.A;Imagenes Diagnosticas;Resonancia;INVIMA 2017DM-0016286;CLASE IIA;DISPONIBLE;Cosmitet Ltda.;N/A;ANUAL
1288;1289;455;Regulador de Vacio;Gentec;882VR-760-CH-C;61K201000480382 (IMG-RV002);N.I;Imagenes Diagnosticas;Tomografia;INVIMA 2017DM-0016286;CLASE IIA;DISPONIBLE;Cosmitet Ltda.;N/A;N/A
1289;1290;442;Regulador de Vacio;Chemetron;22-13-0200-0812;Uci1-rv002;N.I;UCI 1;Cubiculo 2/no;INVIMA 2022DM-0024971;CLASE IIA;DISPONIBLE;Cosmitet Ltda.;N/A;N/A
1290;1291;441;Regulador de Vacio;Chemetron;22-13-0200 0812;PAR-V002;N.I;Partos;Observacion Partos;INVIMA 2022DM-0024971;CLASE IIA;Mantenimiento;Cosmitet Ltda.;N/A;N/A
1291;1292;441;Regulador de Vacio;Chemetron;22-13-0200 0812;PAR-V003;N.I;Partos;Observacion Partos;INVIMA 2022DM-0024971;CLASE IIA;Mantenimiento;Cosmitet Ltda.;N/A;N/A
1292;1293;459;Regulador de Vacio;Gentec;882vr-760-ch-c;61k191103120021;N.I;Hospitalizacion;bodega hospitalizacion;INVIMA 2017DM-0016286;CLASE IIA;DISPONIBLE;Cosmitet Ltda.;N/A;N/A
1293;1294;459;Regulador de Vacio;Gentec;882vr-760-ch-c;61k191103120022;N.I;UCIN;CUARTO DE TERAPIA RESPIRAORIA;INVIMA 2017DM-0016286;CLASE IIA;DISPONIBLE;Cosmitet Ltda.;N/A;N/A
1294;1295;441;Regulador de Vacio;Chemetron;22-13-0200 0812;UCI2-RV002;N.I;UCI 1;Cubiculo 22/no;INVIMA 2022DM-0024971;CLASE IIA;DISPONIBLE;Cosmitet Ltda.;N/A;N/A
1295;1296;457;Regulador de Vacio;Gentec;882VR760CHC;61K201000610069;N.I;UCI 1;Cubiculo 5;INVIMA 2017DM-0016286;CLASE IIA;DISPONIBLE;Cosmitet Ltda.;N/A;N/A
1296;1297;443;Regulador de Vacio;Chemetron;22-13-1108;UCI2-RV001;N.I;UCI 1;Cubiculo 23/no;INVIMA 2022DM-0024971;CLASE IIA;DISPONIBLE;Cosmitet Ltda.;N/A;N/A
1297;1298;439;Regulador de Vacio;Chemetron;22-13-0100 0812;UCI2-RV005;N.I;UCI 1;Cubiculo 25/no;INVIMA 2022DM-0024971;CLASE IIA;DISPONIBLE;Cosmitet Ltda.;N/A;N/A
1298;1299;462;Regulador de Vacio;Ohio;1224;GFHS02838;N.I;UCI 1;Cubiculo 21/no;INVIMA 2022DM-0024971;No especifica;DISPONIBLE;Cosmitet Ltda.;N/A;N/A
1299;1300;443;Regulador de Vacio;Chemetron;22-13-1108;UCIN-VC02;N.I;UCI 1;Cubiculo 15/no;INVIMA 2022DM-0024971;CLASE IIA;DISPONIBLE;Cosmitet Ltda.;N/A;N/A
1300;1301;445;Regulador de Vacio;Chemetron;22-13-1109;UCIN-VC01;N.I;UCI 1;Cubiculo 17/no;INVIMA 2022DM-0024971;CLASE IIA;DISPONIBLE;Cosmitet Ltda.;N/A;N/A
1301;1302;466;Regulador de Vacio;Ohio;N.I;UCIN-VC04;N.I;UCI 1;Cubiculo 18/no;INVIMA 2022DM-0024971;No especifica;DISPONIBLE;Cosmitet Ltda.;N/A;N/A
1302;1303;468;Regulador de Vacio;Precision Medical;PM3100;50041;N.I;UCI 1;Cubiculo 15;INVIMA 2009DM-0004934;No especifica;DISPONIBLE;Cosmitet Ltda.;N/A;N/A
1303;1304;453;Regulador de Vacio;Gentec;882VR-300-CH-T;617-190300200-030;N.I;UCIN;CUBICULO 1;INVIMA 2017DM-0016286;CLASE IIA;DISPONIBLE;Cosmitet Ltda.;N/A;N/A
1304;1305;453;Regulador de Vacio;Gentec;882VR-300-CH-T;617-190300200-031;N.I;UCI 2;Cubiculo 19;INVIMA 2017DM-0016286;CLASE IIA;DISPONIBLE;Cosmitet Ltda.;N/A;N/A
1305;1306;465;Regulador de Vacio;Ohio;246020;GFHR41108;N.I;UCI 1;Cubiculo 27/no;INVIMA 2022DM-0024971;No especifica;DISPONIBLE;Cosmitet Ltda.;N/A;N/A
1306;1307;449;Regulador de Vacio;Chemetron;22-13-1208 0914;Ped-rv002;N.I;UCI 1;Hospitalizacion (prestamo);INVIMA 2022DM-0024971;CLASE IIA;BAJA;Cosmitet Ltda.;N/A;N/A
1307;1308;470;Regulador de Vacio;Precision Medical;pm3100;62660;N.I;Cirugia;Recuperacion;INVIMA 2009DM-0004934;No especifica;BAJA;Cosmitet Ltda.;N/A;N/A
1308;1309;470;Regulador de Vacio;Precision Medical;pm3100;87802;V99070;Cirugia;Recuperacion;INVIMA 2009DM-0004934;No especifica;DISPONIBLE;Cosmitet Ltda.;N/A;N/A
1309;1310;441;Regulador de Vacio;Chemetron;22-13-0200 0812;PED-RV001;N.A;UCI 1;Cubiculo 3- Bodega Uci;INVIMA 2022DM-0024971;CLASE IIA;DISPONIBLE;Cosmitet Ltda.;N/A;N/A
1310;1311;443;Regulador de Vacio;Chemetron;22-13-1108;VAC1203;N.I;UCIN;Cubiculo 4;INVIMA 2022DM-0024971;CLASE IIA;DISPONIBLE;Cosmitet Ltda.;N/A;N/A
1311;1312;467;Regulador de Vacio;Precision Medical;PM3000;13879;N.I;UCI Pediatrica;Cubiculo de cuidado basico neonatal;INVIMA 2009DM-0004934;No especifica;Mantenimiento;Cosmitet Ltda.;N/A;N/A
1312;1313;470;Regulador de Vacio;Precision Medical;pm3100;087794;N99072;UCI Pediatrica;Uci neonatal;INVIMA 2009DM-0004934;No especifica;DISPONIBLE;Cosmitet Ltda.;N/A;N/A
1313;1314;470;Regulador de Vacio;Precision Medical;pm3100;87803;N.I;UCI Pediatrica;Uci neonatal;INVIMA 2009DM-0004934;No especifica;Mantenimiento;Cosmitet Ltda.;N/A;N/A
1314;1315;441;Regulador de Vacio;Chemetron;22-13-0200 0812;PED-RV003;V115813;Cirugia;Recuperacion;INVIMA 2022DM-0024971;CLASE IIA;DISPONIBLE;Cosmitet Ltda.;N/A;N/A
1315;1316;447;Regulador de Vacio;Chemetron;22-13-1208 0214;PED-RV004;N.I;Cirugia;Recuperacion;INVIMA 2022DM-0024971;CLASE IIA;DISPONIBLE;Cosmitet Ltda.;N/A;N/A
1316;1317;464;Regulador de Vacio;Ohio;225-2531-800;N.i;N.I;UCI 1;cubiculo 13/no;INVIMA 2022DM-0024971;CLASE IIA;DISPONIBLE;Cosmitet Ltda.;N/A;N/A
1317;1318;458;Regulador de Vacio;Gentec;882vr-300-ch-c;617-190300200-028;N.I;UCI 1;Cubiculo 6/4;INVIMA 2017DM-0016286;CLASE IIA;DISPONIBLE;Cosmitet Ltda.;N/A;N/A
1318;1319;453;Regulador de Vacio;Gentec;882VR-300-CH-T;617-190300200-027;N.I;UCI 1;Cubiculo 11;INVIMA 2017DM-0016286;CLASE IIA;DISPONIBLE;Cosmitet Ltda.;N/A;N/A
1319;1320;458;Regulador de Vacio;Gentec;882vr-300-ch-c;61k211000870446;N.I;UCI 1;cubiculo 9 /13;INVIMA 2017DM-0016286;CLASE IIA;DISPONIBLE;Cosmitet Ltda.;N/A;N/A
1320;1321;458;Regulador de Vacio;Gentec;882vr-300-ch-c;61K201000480123;N.I;UCI 2;Cubiculo 16;INVIMA 2017DM-0016286;CLASE IIA;DISPONIBLE;Cosmitet Ltda.;N/A;N/A
1321;1322;458;Regulador de Vacio;Gentec;882vr-300-ch-c;61K201000480311;N.I;UCI 2;Cubiculo 28/18;INVIMA 2017DM-0016286;CLASE IIA;DISPONIBLE;Cosmitet Ltda.;N/A;N/A
1322;1323;458;Regulador de Vacio;Gentec;882vr-300-ch-c;uco-rv001;N.I;UCIN;Cubiculo 5;INVIMA 2017DM-0016286;CLASE IIA;DISPONIBLE;Cosmitet Ltda.;N/A;N/A
1323;1324;456;Regulador de Vacio;Gentec;882VR-760-CH-c;61k191103120034;N.I;UCI 1;Cubiculo 3;INVIMA 2017DM-0016286;CLASE IIA;DISPONIBLE;Cosmitet Ltda.;N/A;N/A
1324;1325;453;Regulador de Vacio;Gentec;882VR-300-CH-T;617-190300200-029;N.I;UCI 1;Cubiculo 6;INVIMA 2017DM-0016286;CLASE IIA;DISPONIBLE;Cosmitet Ltda.;N/A;N/A
1325;1326;450;Regulador de Vacio;Chemetron;22-13-1208 1114;CRG-V005 ( RGV2513 );N.I;Cirugia;Cuarto de equipos;INVIMA 2022DM-0024971;CLASE IIA;BAJA;Cosmitet Ltda.;N/A;N/A
1326;1327;455;Regulador de Vacio;Gentec;882VR-760-CH-C;61K201000480079;N.I;UCI 1;CUBICULO 8 /12;INVIMA 2017DM-0016286;CLASE IIA;DISPONIBLE;Cosmitet Ltda.;N/A;N/A
1327;1328;455;Regulador de Vacio;Gentec;882VR-760-CH-C;61K201000480081;N.I;UCI 2;Cubiculo 30/22;INVIMA 2017DM-0016286;CLASE IIA;DISPONIBLE;Cosmitet Ltda.;N/A;N/A
1328;1329;463;Regulador de Vacio;Ohio;1226;UCI1-RV005;N.I;UCI 1;Cubiculo 4/no;INVIMA 2016DM-0014504;No especifica;DISPONIBLE;Cosmitet Ltda.;N/A;N/A
1329;1330;440;Regulador de Vacio;Chemetron;22-13-0100-1211;N.I.;N.I;UCIN;CUBICULO 2;INVIMA 2022DM-0024971;CLASE IIA;DISPONIBLE;Cosmitet Ltda.;N/A;N/A
1330;1331;438;Regulador de Vacio;Chemetron;22-13-01-00 1211;EA130454;N.I;UCIN;CUBICULO 3;INVIMA 2022DM-0024971;CLASE IIA;DISPONIBLE;Cosmitet Ltda.;N/A;N/A
1331;1332;463;Regulador de Vacio;Ohio;1226;GFHS40534;N.I;UCI 1;Cubiculo 29/no;INVIMA 2016DM-0014504;No especifica;DISPONIBLE;Cosmitet Ltda.;N/A;N/A
1332;1333;453;Regulador de Vacio;Gentec;882VR-300-CH-T;617-190300200-025;N.I;UCI 1;CUBICULO 1;INVIMA 2017DM-0016286;CLASE IIA;DISPONIBLE;Cosmitet Ltda.;N/A;N/A
1333;1334;441;Regulador de Vacio;Chemetron;22-13-0200 0812;uci1-rv006;N.I;UCI 1;cubiculo 3;INVIMA 2022DM-0024971;CLASE IIA;DISPONIBLE;Cosmitet Ltda.;N/A;N/A
1334;1335;453;Regulador de Vacio;Gentec;882VR-300-CH-T;61K230602850156;N.I;UCI 2;Oficina jefe/30;INVIMA 2017DM-0016286;CLASE IIA;DISPONIBLE;Cosmitet Ltda.;N/A;N/A
1335;1336;453;Regulador de Vacio;Gentec;882VR-300-CH-T;61K230602850149;N.I;UCI 2;Oficina jefe /28;INVIMA 2017DM-0016286;CLASE IIA;DISPONIBLE;Cosmitet Ltda.;N/A;N/A
1336;1337;453;Regulador de Vacio;Gentec;882VR-300-CH-T;61K201105300110;N.I;UCI 2;Oficina jefe/23;INVIMA 2017DM-0016286;CLASE IIA;DISPONIBLE;Cosmitet Ltda.;N/A;N/A
1337;1338;453;Regulador de Vacio;Gentec;882VR-300-CH-T;61K230602850145;N.I;UCI 2;Oficina jefe/25;INVIMA 2017DM-0016286;CLASE IIA;DISPONIBLE;Cosmitet Ltda.;N/A;N/A
1338;1339;453;Regulador de Vacio;Gentec;882VR-300-CH-T;61K230602850097;N.I;UCI 2;Oficina jefe/24;INVIMA 2017DM-0016286;CLASE IIA;DISPONIBLE;Cosmitet Ltda.;N/A;N/A
1339;1340;453;Regulador de Vacio;Gentec;882VR-300-CH-T;61K230602850150;N.I;UCI 2;Oficina jefe/29;INVIMA 2017DM-0016286;CLASE IIA;DISPONIBLE;Cosmitet Ltda.;N/A;N/A
1340;1341;453;Regulador de Vacio;Gentec;882VR-300-CH-T;61K230602850148;N.I;UCI 2;Oficina jefe/27;INVIMA 2017DM-0016286;CLASE IIA;DISPONIBLE;Cosmitet Ltda.;N/A;N/A
1341;1342;453;Regulador de Vacio;Gentec;882VR-300-CH-T;61K230602850147;N.I;UCI 2;Oficina jefe/26;INVIMA 2017DM-0016286;CLASE IIA;DISPONIBLE;Cosmitet Ltda.;N/A;N/A
1342;1343;453;Regulador de Vacio;Gentec;882VR-300-CH-T;617-190300200-033;N.I;UCI 1;Cubiculo 8;INVIMA 2017DM-0016286;CLASE IIA;DISPONIBLE;Cosmitet Ltda.;N/A;N/A
1343;1344;436;Regulador de Vacio;Acare;VRA-301;300VRA-002014;N.I;UCIN;Cubiculo 20/6;INVIMA 2022DM-0024971;No especifica;BAJA;Cosmitet Ltda.;N/A;N/A
1344;1345;441;Regulador de Vacio;Chemetron;22-13-0200 0812;URG-RV001;N.A;Hospitalizacion;habitacion 408;INVIMA 2022DM-0024971;CLASE IIA;DISPONIBLE;Cosmitet Ltda.;N/A;N/A
1345;1346;471;Regulador de Vacio;Vacutron;22-13-0200 0812;URG-RV002;N.A;Urgencias;Reanimacion;INVIMA 2022DM-0024971;CLASE IIA;DISPONIBLE;Cosmitet Ltda.;N/A;N/A
1346;1347;436;Regulador de Vacio;Acare;VRA-301;300VRA-003073;N.I;UCIN;Cubiculo 26/7;INVIMA 2022DM-0024971;No especifica;DISPONIBLE;Cosmitet Ltda.;N/A;N/A
1347;1348;451;Regulador de Vacio;Chemetron;222130200012;URG-RV003;N.I;Urgencias;Obs. camilla #3;INVIMA 2022DM-0024971;CLASE IIA;DISPONIBLE;Cosmitet Ltda.;N/A;N/A
1348;1349;460;Regulador de Vacio;Gentec;88VR-760-CH-C;61K211000880314;N.I;Unidad Renal;Sala de hemodialisis;INVIMA 2017DM-0016286;CLASE IIA;DISPONIBLE;Cosmitet Ltda.;N/A;N/A
1349;1350;460;Regulador de Vacio;Gentec;88VR-760-CH-C;61K211000880284;N.I;Unidad Renal;Sala de hemodialisis;INVIMA 2017DM-0016286;CLASE IIA;DISPONIBLE;Cosmitet Ltda.;N/A;N/A
1350;1351;460;Regulador de Vacio;Gentec;88VR-760-CH-C;61K211000880212;N.I;Unidad Renal;Sala de hemodialisis;INVIMA 2017DM-0016286;CLASE IIA;DISPONIBLE;Cosmitet Ltda.;N/A;N/A
1351;1352;460;Regulador de Vacio;Gentec;88VR-760-CH-C;61K211000880285;N.I;Unidad Renal;Sala de hemodialisis;INVIMA 2017DM-0016286;CLASE IIA;DISPONIBLE;Cosmitet Ltda.;N/A;N/A
1352;1353;437;Regulador de Vacio;Bourdon Haenni;n.i;Uci1-rv001;N.I;UCI 1;Cubiculo 02;INVIMA 2022DM-0024971;No especifica;BAJA;Cosmitet Ltda.;N/A;N/A
1353;1354;458;Regulador de Vacio;Gentec;882vr-300-ch-c;61k211000870421;N.I;UCI 1;Cubiculo 1- Bodega Uci /2;INVIMA 2017DM-0016286;CLASE IIA;DISPONIBLE;Cosmitet Ltda.;N/A;N/A
1354;1355;443;Regulador de Vacio;Chemetron;22-13-1108;UCIN-VC03;N.A;UCI 1;Hospitalizacion (prestamo);INVIMA 2022DM-0024971;CLASE IIA;DISPONIBLE;Cosmitet Ltda.;N/A;N/A
1355;1356;441;Regulador de Vacio;Chemetron;22-13-0200 0812;PR003;N.I;UCI 1;Hospitalizacion (prestamo);INVIMA 2022DM-0024971;CLASE IIA;DISPONIBLE;Cosmitet Ltda.;N/A;N/A
1356;1357;455;Regulador de Vacio;Gentec;882VR-760-CH-C;61K191103120013;N.I;UCI 2;Cubiculo 8- Bodega Uci/20;INVIMA 2017DM-0016286;CLASE IIA;DISPONIBLE;Cosmitet Ltda.;N/A;N/A
1357;1358;468;Regulador de Vacio;Precision Medical;PM3100;087803;N.I;UCI 1;Cubiculo 7- Bodega Uci;INVIMA 2009DM-0004934;No especifica;DISPONIBLE;Cosmitet Ltda.;N/A;N/A
1358;1359;453;Regulador de Vacio;Gentec;882VR-300-CH-T;617-190300200-032;N.I;UCI 2;Cubiculo 5- Bodega Uci/21;INVIMA 2017DM-0016286;CLASE IIA;DISPONIBLE;Cosmitet Ltda.;N/A;N/A
1359;1360;454;Regulador de Vacio;Gentec;882VR-760-00-A;61K201000480083;N.I;UCI 2;Cubiculo 5- Bodega Uci / 17;INVIMA 2017DM-0016286;CLASE IIA;DISPONIBLE;Cosmitet Ltda.;N/A;N/A
1360;1361;469;Regulador de Vacio;Precision Medical;Pm3100;087795;N.I;UCI 1;Cubiculo 2- Bodega Uci;INVIMA 2009DM-0004934;No especifica;BAJA;Cosmitet Ltda.;N/A;N/A
1361;1362;452;Regulador de Vacio;Gentec;882VR-300-CH-C;61k211000870419;N.I;Urgencias;No especifica;INVIMA 2017DM-0016286;CLASE IIA;DISPONIBLE;Cosmitet Ltda.;N/A;ANUAL
1362;1363;452;Regulador de Vacio;Gentec;882VR-300-CH-C;61k211000870420;N.I;Urgencias;No especifica;INVIMA 2017DM-0016286;CLASE IIA;DISPONIBLE;Cosmitet Ltda.;N/A;ANUAL
1363;1364;452;Regulador de Vacio;Gentec;882VR-300-CH-C;61k211000870469;N.I;UCI 2;No especifica;INVIMA 2017DM-0016286;CLASE IIA;DISPONIBLE;Cosmitet Ltda.;N/A;ANUAL
1364;1365;474;Resonador;Siemens;MAGNETOM LUMINA;196273;N3000;Imagenes Diagnosticas;Resonancia;INVIMA 2017DM-0016234;No especifica;DISPONIBLE;Cosmitet Ltda.;Siemens;TRIMESTRAL
1365;1366;475;Rinolaringoscopio;Machida;ENT-4L;87730n;N.I;Especialistas;Consultorio #5;INVIMA 2022DM-0024972;No especifica;DISPONIBLE;Cosmitet Ltda.;N/A;SEMESTRAL
1366;1367;477;Selladora;Terumo;T-SEAL II;201905150;N.I;Banco de Sangre;Separacion de Componentes;INVIMA 2022DM-0024973;No especifica;DISPONIBLE;Cosmitet Ltda.;Terumo;ANUAL
1367;1368;476;Selladora;Hawo;HD650 D;486242;N.I;Central de Esterilizacion;Area de empaque;INVIMA 2022DM-0024974;No especifica;DISPONIBLE;Cosmitet Ltda.;Cosmitet Ltda.;SEMESTRAL
1368;1369;478;Separador automatico de componentes;Terumo;ARCHIMEDE;SSA-UB0006;N.I;Banco de Sangre;Separacion de Componentes;INVIMA 2022DM-0024975;No especifica;DISPONIBLE;Terumo;Terumo;ANUAL
1369;1370;479;Shaver;Stryker;1168778;313400673;N.I;Cirugia;Cuarto de equipos;INVIMA 2023EBC-0008976-R1;CLASE IIB;DISPONIBLE;Cosmitet Ltda.;Cosmitet Ltda.;SEMESTRAL
1370;1371;479;Shaver;Stryker;1168778;20933;1077000001;Cirugia;Cuarto de equipos;INVIMA 2023EBC-0008976-R1;CLASE IIB;DISPONIBLE;Cosmitet Ltda.;Cosmitet Ltda.;SEMESTRAL
1371;1372;482;Sistema de Deteccion Microbiana;bioMerieux;BACT/ALERT 3D;804CR3028;N.I;Laboratorio;Microbiologia;INVIMA 2022DM-0024971;No especifica;DISPONIBLE;Biomerieux;Biomerieux;ANUAL
1372;1373;481;Sistema Vac;BIOART;TPN PRO;I041032Ae;N.A;Hospitalizacion;Habitacion 518;INVIMA 2016DM-0015604;No especifica;Mantenimiento;Bioart;Bioart;N/A
1373;1374;481;Sistema Vac;BIOART;TPN PRO;Io41026AE;N.A;Hospitalizacion;Habitacion #401;No especifica;No especifica;Mantenimiento;Bioart;Bioart;N/A
1374;1375;481;Sistema Vac;BIOART;TPN PRO;Io41014AE;N.A;Hospitalizacion;Habitacion #401;No especifica;No especifica;Mantenimiento;Bioart;Bioart;N/A
1375;1376;481;Sistema Vac;BIOART;TPN PRO;io40965ae;N.A;Hospitalizacion;habitacion 420;No especifica;No especifica;Mantenimiento;Bioart;BIOART;N/A
1376;1377;487;Succionador;Thomas;1130-067B;109700001672;AF30963;Cirugia;Carro de paro Recuperacion;INVIMA 2016DM-0015608;CLASE IIA;BAJA;Cosmitet Ltda.;Cosmitet Ltda.;ANUAL
1377;1378;492;Succionador;Thomas;915CA18-911;3020002631;AF30519;Gastroscopia;Sala de procedimientos;INVIMA 2016DM-0015608;CLASE IIA;DISPONIBLE;Cosmitet Ltda.;Cosmitet Ltda.;ANUAL
1378;1379;483;Succionador;CA MI;New aspiret;166649;N8346;Imagenes Diagnosticas;Carro de paro;INVIMA 2014DM-0011987;CLASE IIA;DISPONIBLE;Tecnica electromedica;Cosmitet Ltda.;ANUAL
1379;1380;490;Succionador;Thomas;1630GL;51400011982;V115371;Oncologia;Sala de quimioterapia;INVIMA 2016DM-0015608;CLASE IIA;DISPONIBLE;Cosmitet Ltda.;Cosmitet Ltda.;ANUAL
1380;1381;489;Succionador;Thomas;1630 GL;31100011097;V108999;Urgencias;Reanimacion;INVIMA 2016DM-0015608;CLASE IIA;BAJA;Cosmitet Ltda.;Cosmitet Ltda.;ANUAL
1381;1382;491;Succionador;Thomas;1630gl;61300011864;V114719;Rehabilitacion Cardiaca;carro de paro;INVIMA 2016DM-0015608;CLASE IIA;DISPONIBLE;Cosmitet Ltda.;Cosmitet Ltda.;ANUAL
1382;1383;484;Succionador;Schuco;s130;70100065850;1015000163;UCIN;CARRO DE PARO;2009DM-0004924;CLASE IIA;DISPONIBLE;Cosmitet Ltda.;SUKHI;ANUAL
1383;1384;490;Succionador;Thomas;1630GL;501100011406;N.I;UCI 1;Carro de paro;INVIMA 2016DM-0015608;CLASE IIA;BAJA;Cosmitet Ltda.;N/A;ANUAL
1384;1385;488;Succionador;Thomas;1615;3160008006;N316;Unidad Renal;Sala de hemodialisis;INVIMA 2016DM-0015608;CLASE IIA;DISPONIBLE;Cosmitet Ltda.;Cosmitet Ltda.;ANUAL
1385;1386;486;Succionador;Smaf;SXT-5A;L17.22.119;N9319;Hospitalizacion;4 piso - carro de paro;INVIMA 2017DM-0001310-R1;CLASE IIA;DISPONIBLE;Cosmitet Ltda.;Cosmitet Ltda.;ANUAL
1386;1387;486;Succionador;Smaf;SXT-5A;L17.22.073;N9320;Hospitalizacion;4 piso bodega de equipos;INVIMA 2017DM-0001310-R1;CLASE IIA;DISPONIBLE;Cosmitet Ltda.;Cosmitet Ltda.;ANUAL
1387;1388;486;Succionador;Smaf;SXT-5A;L17.22.132;N9321;Hospitalizacion;5 piso norte - carro de paro;INVIMA 2017DM-0001310-R1;CLASE IIA;DISPONIBLE;Cosmitet Ltda.;Cosmitet Ltda.;ANUAL
1388;1389;486;Succionador;Smaf;SXT-5A;L17.22.076;N9322;Hospitalizacion;8 piso - carro de paro;INVIMA 2017DM-0001310-R1;CLASE IIA;DISPONIBLE;Cosmitet Ltda.;Cosmitet Ltda.;ANUAL
1389;1390;486;Succionador;Smaf;SXT-5A;L17.22.077;N9323;UCI 2;Deposito de equipos;INVIMA 2017DM-0001310-R1;CLASE IIA;DISPONIBLE;Cosmitet Ltda.;SUKHI;ANUAL
1390;1391;485;Succionador;Schuco;s130a;SU15D00292;V116964;Cirugia;Carro de paro salas cirugia;2009DM-0004924;CLASE IIA;DISPONIBLE;Cosmitet Ltda.;Cosmitet Ltda.;ANUAL
1391;1392;490;Succionador;Thomas;1630GL;020500000211;AF31422;UCI 1;Coordinacion uci;INVIMA 2016DM-0015608;CLASE IIA;DISPONIBLE;Cosmitet Ltda.;Cosmitet Ltda.;ANUAL
1392;1393;490;Succionador;Thomas;1630GL;010900002097;V108073;Urgencias;reanimacion;INVIMA 2016DM-0015608;CLASE IIA;DISPONIBLE;Cosmitet Ltda.;Cosmitet Ltda.;ANUAL
1393;1394;493;Tallimetro;Seca;206;tad-004;n.i.;Especialistas;Consultorio #3;CERTIFICACION No. 2019002604;No especifica;Mantenimiento;No especifica;No especifica;No especifica
1394;1395;493;Tallimetro;Seca;206;tad-007;n.i.;Especialistas;Consultorio #8;CERTIFICACION No. 2019002604;No especifica;Mantenimiento;No especifica;No especifica;No especifica
1395;1396;493;Tallimetro;Seca;206;n.i.;No especifica;Especialistas;Consultorio #2;CERTIFICACION No. 2019002604;No especifica;Mantenimiento;No especifica;No especifica;No especifica
1396;1397;493;Tallimetro;Seca;206;TAD-008;n.i.;Especialistas;consultorio #1;CERTIFICACION No. 2019002604;No especifica;DISPONIBLE;Cosmitet Ltda.;No especifica;No especifica
1397;1398;493;Tallimetro;Seca;206;n.i.;No especifica;Especialistas;Consutorio #4;CERTIFICACION No. 2019002604;No especifica;Mantenimiento;No especifica;No especifica;No especifica
1398;1399;494;Tens;Intelect;2124799;S326828;AF 31357;UCI 1;CUARTO DE EQUIPOS FT;INVIMA 2015DM-0012950;No especifica;DISPONIBLE;Cosmitet Ltda.;N/A;ANUAL
1399;1400;516;Tensiometro;Welch Allyn;SHOCK RESISTANT;100922132333;V111607;Banco de Sangre;VALORACION ENTREVISTA;INVIMA2018DM-0018127;CLASE IIA;DISPONIBLE;Cosmitet Ltda.;Cosmitet Ltda.;ANUAL
1400;1401;502;Tensiometro;Riester;Big ben / Pared;210944042;N4427;Especialistas;Consultorio #11;INVIMA 2017DM-0001457-R1;CLASE IIA;DISPONIBLE;Cosmitet Ltda.;SUKHI;ANUAL
1401;1402;502;Tensiometro;Riester;Big ben / Pared;2109044045;N4424;Especialistas;Consultorio #12;INVIMA 2017DM-0001457-R1;CLASE IIA;DISPONIBLE;Cosmitet Ltda.;sukhi;ANUAL
1402;1403;502;Tensiometro;Riester;Big ben / Pared;210944081;N4422;Especialistas;Consultorio #3;INVIMA 2017DM-0001457-R1;CLASE IIA;DISPONIBLE;Cosmitet Ltda.;sukhi;ANUAL
1403;1404;500;Tensiometro;Hillrom;Shock resistant;014023;V109101;Especialistas;Consultorio #8;INVIMA2018DM-0018127;CLASE IIA;DISPONIBLE;Cosmitet Ltda.;Cosmitet Ltda.;ANUAL
1404;1405;519;Tensiometro;Welch Allyn;Shock resistant;070413143162;N.I;Especialistas;Consultorio #13;INVIMA2018DM-0018127;CLASE IIA;DISPONIBLE;Cosmitet Ltda.;sukhi;ANUAL
1405;1406;495;Tensiometro;ADC;Manual;6184173;N.A.;Especialistas;consultorio #1;INVIMA 2024DM-0029069;CLASE IIA;DISPONIBLE;Cosmitet Ltda.;Cosmitet Ltda.;ANUAL
1406;1407;497;Tensiometro;ALPK2;1969;329002;V107193;Especialistas;Consultorio #6;INVIMA 2018DM-0018548;CLASE IIA;DISPONIBLE;Cosmitet Ltda.;Cosmitet Ltda.;ANUAL
1407;1408;519;Tensiometro;Welch Allyn;Shock resistant;14080612348;N.I;Especialistas;Consultorio #5;INVIMA2018DM-0018127;CLASE IIA;Mantenimiento;Cosmitet Ltda.;Cosmitet Ltda.;ANUAL
1408;1409;502;Tensiometro;Riester;Big ben / Pared;210944089;N4425;Especialistas;Consultorio #2;INVIMA 2017DM-0001457-R1;CLASE IIA;DISPONIBLE;Cosmitet Ltda.;sukhi;ANUAL
1409;1410;502;Tensiometro;Riester;Big ben / Pared;210944052;N4423;Especialistas;Consultorio #4;INVIMA 2017DM-0001457-R1;CLASE IIA;DISPONIBLE;Cosmitet Ltda.;sukhi;ANUAL
1410;1411;502;Tensiometro;Riester;Big ben / Pared;210944070;N4426;Especialistas;Consultorio #9;INVIMA 2017DM-0001457-R1;CLASE IIA;DISPONIBLE;Cosmitet Ltda.;Cosmitet Ltda.;ANUAL
1411;1412;510;Tensiometro;Welch Allyn;DS-44;100722150943;N.I;Especialistas;Consultorio #5;INVIMA2018DM-0018127;CLASE IIA;DISPONIBLE;Cosmitet Ltda.;Cosmitet Ltda.;ANUAL
1412;1413;517;Tensiometro;Welch Allyn;Shock Resistant;160818064929;N.I;Hospitalizacion;estacion de enfermeria #8;INVIMA2018DM-0018127;CLASE IIA;DISPONIBLE;Cosmitet Ltda.;Cosmitet Ltda.;ANUAL
1413;1414;517;Tensiometro;Welch Allyn;Shock Resistant;211123133228;N7371;Hospitalizacion;estacion de enfermeria #8;INVIMA2018DM-0018127;CLASE IIA;DISPONIBLE;Cosmitet Ltda.;Cosmitet Ltda.;ANUAL
1414;1415;521;Tensiometro;Welch Allyn;tycos;180729003209;N.I;Hospitalizacion;Bodega hospitalizacion;INVIMA2018DM-0018127;CLASE IIA;DISPONIBLE;Cosmitet Ltda.;sukhi;ANUAL
1415;1416;521;Tensiometro;Welch Allyn;tycos;160222210517;N.I;Hospitalizacion;Estacion de enfermeria#6;INVIMA2018DM-0018127;CLASE IIA;DISPONIBLE;Cosmitet Ltda.;Cosmitet Ltda.;ANUAL
1416;1417;521;Tensiometro;Welch Allyn;tycos;121120223334;N.I;Hospitalizacion;Bodega enfermeria;INVIMA2018DM-0018127;CLASE IIA;DISPONIBLE;Cosmitet Ltda.;Cosmitet Ltda.;ANUAL
1417;1418;519;Tensiometro;Welch Allyn;Shock resistant;211123144949;N7368;Hospitalizacion;Estacion de enfermeria 5 piso norte;INVIMA2018DM-0018127;CLASE IIA;DISPONIBLE;Cosmitet Ltda.;Cosmitet Ltda.;ANUAL
1418;1419;519;Tensiometro;Welch Allyn;Shock resistant;160519201118;N.I;Hospitalizacion;estacion de enfermeria #5 sur;INVIMA2018DM-0018127;CLASE IIA;DISPONIBLE;Cosmitet Ltda.;Cosmitet Ltda.;ANUAL
1419;1420;519;Tensiometro;Welch Allyn;Shock resistant;2110111511228;N7034;Hospitalizacion;estacion de enfermeria #5;INVIMA2018DM-0018127;CLASE IIA;DISPONIBLE;Cosmitet Ltda.;Cosmitet Ltda.;ANUAL
1420;1421;501;Tensiometro;Lord;n.i;1108399;N.I;Hospitalizacion;estacion de enfermeria #5 sur;INVIMA 2009DM-0004179;CLASE IIA;DISPONIBLE;Cosmitet Ltda.;Cosmitet Ltda.;ANUAL
1421;1422;501;Tensiometro;Lord;n.i;1131595;N.I;Hospitalizacion;bodega hospitalizacion;INVIMA 2009DM-0004179;CLASE IIA;DISPONIBLE;Cosmitet Ltda.;Cosmitet Ltda.;ANUAL
1422;1423;519;Tensiometro;Welch Allyn;Shock resistant;211011164448;n7035;Hospitalizacion;estacion de enfermeria 5 PISO norte;INVIMA2018DM-0018127;CLASE IIA;DISPONIBLE;Cosmitet Ltda.;Cosmitet Ltda.;ANUAL
1423;1424;519;Tensiometro;Welch Allyn;Shock resistant;211016133927;N7372;Hospitalizacion;estacion de enfermeria #4;INVIMA2018DM-0018127;CLASE IIA;DISPONIBLE;Cosmitet Ltda.;Cosmitet Ltda.;ANUAL
1424;1425;519;Tensiometro;Welch Allyn;Shock resistant;160523140728;N312;Hospitalizacion;estacion de enfermeria #4;INVIMA2018DM-0018127;CLASE IIA;DISPONIBLE;Cosmitet Ltda.;Sukhi;ANUAL
1425;1426;519;Tensiometro;Welch Allyn;Shock resistant;210122101357;N.I;Hospitalizacion;estacion de enfermeria#4;INVIMA2018DM-0018127;CLASE IIA;DISPONIBLE;Cosmitet Ltda.;Cosmitet Ltda.;ANUAL
1426;1427;519;Tensiometro;Welch Allyn;Shock resistant;160818065619;N.I;Hospitalizacion;estacion de enfermeria#4;INVIMA2018DM-0018127;CLASE IIA;DISPONIBLE;Cosmitet Ltda.;Cosmitet Ltda.;ANUAL
1427;1428;519;Tensiometro;Welch Allyn;Shock resistant;211123145428;N7367;Hospitalizacion;estacion de enfermeria #4;INVIMA2018DM-0018127;CLASE IIA;DISPONIBLE;Cosmitet Ltda.;Cosmitet Ltda.;ANUAL
1428;1429;520;Tensiometro;Welch Allyn;shock resistant;211123144607;N7369;Hospitalizacion;bodega hospitalizacion;INVIMA2018DM-0018127;CLASE IIA;DISPONIBLE;Cosmitet Ltda.;Cosmitet Ltda.;ANUAL
1429;1430;522;Tensiometro;taiyu;n.i;AD0338-19;N.I;Hospitalizacion;bodega hospitalizacion;INVIMA2018DM-0018127;CLASE IIA;DISPONIBLE;Cosmitet Ltda.;Cosmitet Ltda.;ANUAL
1430;1431;520;Tensiometro;Welch Allyn;shock resistant;211123144529;N7370;Hospitalizacion;bodega hospitalizacion;INVIMA2018DM-0018127;CLASE IIA;DISPONIBLE;Cosmitet Ltda.;Cosmitet Ltda.;ANUAL
1431;1432;520;Tensiometro;Welch Allyn;shock resistant;200311064227;N.I;Hospitalizacion;bodega hospitalizacion;INVIMA2018DM-0018127;CLASE IIA;DISPONIBLE;Cosmitet Ltda.;Cosmitet Ltda.;ANUAL
1432;1433;498;Tensiometro;GMD;GMD20;1874145;n.i.;Hospitalizacion;bodega hospitalizacion;INVIMA 2020DM-0021211;CLASE IIA;DISPONIBLE;Cosmitet Ltda.;Cosmitet Ltda.;ANUAL
1433;1434;511;Tensiometro;Welch Allyn;DS44;181025201717;N.I;Partos;Observacion Partos;INVIMA2018DM-0018127;CLASE IIA;Mantenimiento;Cosmitet Ltda.;Cosmitet Ltda.;ANUAL
1434;1435;511;Tensiometro;Welch Allyn;DS44;181025235118;N.I;Stock;Biomedico;INVIMA2018DM-0018127;CLASE IIA;FUERA DE SERVICIO;Cosmitet Ltda.;Cosmitet Ltda.;ANUAL
1435;1436;499;Tensiometro;GMD;gmd-bpm-1490-c;ba2778171203857d;N1831;Rehabilitacion Cardiaca;Rehabilitacion cardiaca;INVIMA 2020DM-0021211;CLASE IIA;BAJA;Cosmitet Ltda.;Cosmitet Ltda.;ANUAL
1436;1437;520;Tensiometro;Welch Allyn;shock resistant;190624162217;N.I;Rehabilitacion Cardiaca;Rehabilitacion cardiaca;INVIMA2018DM-0018127;CLASE IIA;DISPONIBLE;Cosmitet Ltda.;Cosmitet Ltda.;ANUAL
1437;1438;512;Tensiometro;Welch Allyn;Ds44;190624144439;N2550;Urgencias;Oficina jefe;INVIMA2018DM-0018127;CLASE IIA;DISPONIBLE;Cosmitet Ltda.;Cosmitet Ltda.;ANUAL
1438;1439;507;Tensiometro;Welch Allyn;7670-10-01 00:00:00;200303093515;N7358;Hospitalizacion;Carro de paro 5 piso norte;INVIMA2018DM-0018127;CLASE IIA;DISPONIBLE;Cosmitet Ltda.;Cosmitet Ltda.;ANUAL
1439;1440;515;Tensiometro;Welch Allyn;Pared;140409025315;V114412;Urgencias;Triagge 1;INVIMA2018DM-0018127;CLASE IIA;DISPONIBLE;Cosmitet Ltda.;Cosmitet Ltda.;ANUAL
1440;1441;512;Tensiometro;Welch Allyn;Ds44;190626072637;N2550;Urgencias;Oficina jefe;INVIMA2018DM-0018127;CLASE IIA;DISPONIBLE;Cosmitet Ltda.;Cosmitet Ltda.;ANUAL
1441;1442;496;Tensiometro;ADC;Pared;020421;AF30824;Urgencias;Sala de procedimientos;INVIMA 2024DM-0029069;CLASE IIA;DISPONIBLE;Cosmitet Ltda.;sukhi;ANUAL
1442;1443;496;Tensiometro;ADC;Pared;021659;AF30808;Urgencias;Consultorio #3;INVIMA 2024DM-0029069;CLASE IIA;DISPONIBLE;Cosmitet Ltda.;sukhi;ANUAL
1443;1444;496;Tensiometro;ADC;Pared;020712;AF30728;Urgencias;Consultorio #4;INVIMA 2024DM-0029069;CLASE IIA;DISPONIBLE;Cosmitet Ltda.;Cosmitet Ltda.;ANUAL
1444;1445;505;Tensiometro;Tenso Med;Pared;Urg-TN008;N1742;Urgencias;Consultorio #1;INVIMA 2017DM-0016250;CLASE IIA;DISPONIBLE;Cosmitet Ltda.;sukhi;ANUAL
1445;1446;505;Tensiometro;Tenso Med;Pared;Urg-TN007;N1741;Urgencias;Triagge 2;INVIMA 2017DM-0016250;CLASE IIA;DISPONIBLE;Cosmitet Ltda.;sukhi;ANUAL
1446;1447;518;Tensiometro;Welch Allyn;Shock Resistant DS44;120703105714;N.I;Urgencias;Observacion;INVIMA2018DM-0018127;CLASE IIA;DISPONIBLE;Cosmitet Ltda.;Cosmitet Ltda.;ANUAL
1447;1448;505;Tensiometro;Tenso Med;Pared;Urg-TN002;N1740;Urgencias;Oficina jefe;INVIMA 2017DM-0016250;CLASE IIA;DISPONIBLE;Cosmitet Ltda.;sukhi;ANUAL
1448;1449;527;Tensiometro Digital;Omron;Hem-7114;20140431376LF;V115256;Hospitalizacion;estacion de enfermeria;INVIMA 2024DM-0011412-R1;CLASE IIA;BAJA;Cosmitet Ltda.;Cosmitet Ltda.;ANUAL
1449;1450;526;Tensiometro Digital;Omron;HEM-7113;20110900943LF;V111605;Banco de Sangre;Carro Campana;INVIMA 2024DM-0011412-R1;CLASE IIA;DISPONIBLE;Cosmitet Ltda.;Cosmitet Ltda.;ANUAL
1450;1451;526;Tensiometro Digital;Omron;HEM-7113;20110900941LF;V112334;Banco de Sangre;Carro Campana;INVIMA 2024DM-0011412-R1;CLASE IIA;DISPONIBLE;Cosmitet Ltda.;Cosmitet Ltda.;ANUAL
1451;1452;525;Tensiometro Digital;Lord;LD-578;1557801821;N.I;Banco de Sangre;banco de sangre;INVIMA 2009DM-0004953;CLASE IIA;DISPONIBLE;Cosmitet Ltda.;Cosmitet Ltda.;ANUAL
1452;1453;527;Tensiometro Digital;Omron;Hem-7114;20140431372LF;V115258;Hospitalizacion;estacion de enfermeria #5 sur;INVIMA 2024DM-0011412-R1;CLASE IIA;DISPONIBLE;Cosmitet Ltda.;Cosmitet Ltda.;ANUAL
1453;1454;524;Tensiometro Digital;HomeLife;BP-1305;180926710322;N.I;Terapia Respiratoria;Especialistas consultorio 3;INVIMA 2017DM-0016556;CLASE IIA;DISPONIBLE;Cosmitet Ltda.;Cosmitet Ltda.;ANUAL
1454;1455;528;Tensiometro Pediatrico;Welch Allyn;DS44;110228115701;N.I;Especialistas;Consultorio #3;INVIMA2018DM-0018127;No especifica;DISPONIBLE;Cosmitet Ltda.;sukhi;ANUAL
1455;1456;529;Tensiometro Pediatrico;Welch Allyn;SUPER SHOCK RESISTANT;140815171348;N.I;Urgencias;Consultorio #3;INVIMA2018DM-0018127;CLASE IIA;DISPONIBLE;Cosmitet Ltda.;Cosmitet Ltda.;ANUAL
1456;1457;540;Termohigrometro;KTJ;TA218B;N.I.;N.I.;Especialistas;Almacenamiento;N.A;No especifica;DISPONIBLE;No especifica;No especifica;No especifica
1457;1458;549;Termohigrometro;Kex Germany;SH-109;THR-00761;N.I;Banco de Sangre;Separacion de Componentes;N.A;No especifica;DISPONIBLE;Cosmitet Ltda.;N/A;N/A
1458;1459;549;Termohigrometro;Kex Germany;SH-109;TH-1710;N692;Banco de Sangre;Puerta 1;N.A;No especifica;DISPONIBLE;Cosmitet Ltda.;N/A;N/A
1459;1460;549;Termohigrometro;Kex Germany;SH-109;201503-1;N.I;Banco de Sangre;Puerta 2;N.A;No especifica;DISPONIBLE;Cosmitet Ltda.;N/A;N/A
1460;1461;544;Termohigrometro;KTJ;TA318;TH-1820;N884;Banco de Sangre;Sala de Donacion;N.A;No especifica;DISPONIBLE;Cosmitet Ltda.;N/A;N/A
1461;1462;539;Termohigrometro;KTJ;TA218;201310-4;N.I;Banco de Sangre;Inmunohematologia;N.A;No especifica;DISPONIBLE;Cosmitet Ltda.;N/A;N/A
1462;1463;560;Termohigrometro;elitech;GSP-6;EFG216107314;N7526;Laboratorio;Almacen;N.A;No especifica;DISPONIBLE;Cosmitet Ltda.;N/A;N/A
1463;1464;540;Termohigrometro;KTJ;TA218B;TH19005;N.A;Banco de Sangre;Valoracion Entrevista;N.A;No especifica;DISPONIBLE;Cosmitet Ltda.;N/A;N/A
1464;1465;558;Termohigrometro;No especifica;ANALOGO;THRD010;N.I;Biomedico;Biomedico;N.A;No especifica;DISPONIBLE;Cosmitet Ltda.;N/A;N/A
1465;1466;531;Termohigrometro;Brixco;PLUS;201211-1;V107821;Banco de Sangre;Area infecciosas;N.A;No especifica;DISPONIBLE;Cosmitet Ltda.;N/A;N/A
1466;1467;549;Termohigrometro;Kex Germany;SH-109;2050;N.I;Banco de Sangre;Carro Campana;N.A;No especifica;DISPONIBLE;Cosmitet Ltda.;N/A;N/A
1467;1468;541;Termohigrometro;KTJ;TA218D;TH089;N.A;Banco de Sangre;Aferesis;N.A;No especifica;DISPONIBLE;Cosmitet Ltda.;N/A;N/A
1468;1469;544;Termohigrometro;KTJ;TA318;TH-1339;N.A;Banco de Sangre;No especifica;N.A;No Aplica;Mantenimiento;Cosmitet Ltda.;N/A;N/A
1469;1470;544;Termohigrometro;KTJ;TA318;20230008;N.A;Central de Gases;PLANTA DE AIRE MEDICINAL;N.A;No Aplica;DISPONIBLE;Cosmitet Ltda.;N/A;N/A
1470;1471;544;Termohigrometro;KTJ;TA318;TM0908;N.A;Hospitalizacion;Trabajo limpio 4 piso;N.A;No Aplica;DISPONIBLE;Cosmitet Ltda.;N/A;N/A
1471;1472;544;Termohigrometro;KTJ;TA318;N.I;N.I;Hospitalizacion;Carro de medicamentos 4 piso norte;N.A;No especifica;DISPONIBLE;Cosmitet Ltda.;N/A;N/A
1472;1473;530;Termohigrometro;Brixco;Analogo;TC002;N.I;Central de Esterilizacion;Area de preparacion;N.A;No especifica;DISPONIBLE;Cosmitet Ltda.;N/A;N/A
1473;1474;540;Termohigrometro;KTJ;TA218B;THCE001;N.I;Cirugia;sala 4;N.A;No especifica;DISPONIBLE;Cosmitet Ltda.;N/A;N/A
1474;1475;544;Termohigrometro;KTJ;TA318;THC-00116;N.I;Central de Esterilizacion;Area de esterilizacion;N.A;No especifica;DISPONIBLE;Cosmitet Ltda.;N/A;N/A
1475;1476;544;Termohigrometro;KTJ;TA318;250554;N.I;Cirugia;Recuperacion;N.A;No especifica;Mantenimiento;Cosmitet Ltda.;N/A;N/A
1476;1477;544;Termohigrometro;KTJ;TA318;CRG-TH02;N.I;Cirugia;Sala 1;N.A;No especifica;DISPONIBLE;Cosmitet Ltda.;N/A;N/A
1477;1478;542;Termohigrometro;KTJ;TA316;THUCI201;N.A;UCI 1;ARCHIVO;N.A;No especifica;DISPONIBLE;Cosmitet Ltda.;N/A;N/A
1478;1479;543;Termohigrometro;KTJ;TA317;TM0998;N.A;Insumos Altocosto;ARCHIVO;N.A;No especifica;DISPONIBLE;Cosmitet Ltda.;N/A;N/A
1479;1480;544;Termohigrometro;KTJ;TA318;AR01;N.A;Archivo;ARCHIVO;N.A;No especifica;DISPONIBLE;Cosmitet Ltda.;N/A;N/A
1480;1481;544;Termohigrometro;KTJ;TA318;AR02;N.I;Archivo;ARCHIVO;N.A;No especifica;DISPONIBLE;Cosmitet Ltda.;N/A;N/A
1481;1482;544;Termohigrometro;KTJ;TA318;CRG-TH03;N.I;Cirugia;Sala 3;N.A;No especifica;DISPONIBLE;Cosmitet Ltda.;N/A;N/A
1482;1483;544;Termohigrometro;KTJ;TA318;CRG-TH01;N.I;Cirugia;Sala 5;N.A;No especifica;DISPONIBLE;Cosmitet Ltda.;N/A;N/A
1483;1484;544;Termohigrometro;KTJ;TA318;TM1022;N.A;Hospitalizacion;Cuarto de insumos 8vo;N.A;No Aplica;DISPONIBLE;Cosmitet Ltda.;N/A;N/A
1484;1485;540;Termohigrometro;KTJ;TA218B;LCRD001;N.A;Laboratorio;Armario Insumos;N.A;No especifica;DISPONIBLE;Cosmitet Ltda.;Cosmitet Ltda.;N/A
1485;1486;540;Termohigrometro;KTJ;TA218B;GAS-TH001;N.A;Gastroscopia;Armario Insumos;N.A;No especifica;DISPONIBLE;Cosmitet Ltda.;Cosmitet Ltda.;N/A
1486;1487;544;Termohigrometro;KTJ;TA318;TM0815;N.A;Hemodinamia;Preparacion pacientes;N.A;No especifica;DISPONIBLE;Cosmitet Ltda.;Cosmitet Ltda.;N/A
1487;1488;544;Termohigrometro;KTJ;TA318;TM0864;N.A;Hemodinamia;Quirofano (Medicamentos);N.A;No especifica;DISPONIBLE;Cosmitet Ltda.;Cosmitet Ltda.;N/A
1488;1489;544;Termohigrometro;KTJ;TA318;TM0904;N.A;Hemodinamia;Quirofano;N.A;No especifica;DISPONIBLE;Cosmitet Ltda.;N/A;N/A
1489;1490;544;Termohigrometro;KTJ;TA318;2019;N.A;Hemodinamia;Preparacion pacientes;N.A;No especifica;DISPONIBLE;Cosmitet Ltda.;Cosmitet Ltda.;N/A
1490;1491;540;Termohigrometro;KTJ;TA218B;TH19003;N.A;Hemodinamia;Carro de paro;N.A;No especifica;DISPONIBLE;Cosmitet Ltda.;Cosmitet Ltda.;N/A
1491;1492;554;Termohigrometro;Kex Germany;sh-109;201502-5;N.I;Hospitalizacion;carro de paro #8;N.A;No especifica;DISPONIBLE;Cosmitet Ltda.;N/A;N/A
1492;1493;548;Termohigrometro;KTJ;ta318;th2202;N.I;Hospitalizacion;Cuarto de medicamentos 8vo;N.A;No especifica;DISPONIBLE;Cosmitet Ltda.;N/A;N/A
1493;1494;548;Termohigrometro;KTJ;ta318;th2204;N.I;Hospitalizacion;Carro de paro 4 piso;N.A;No especifica;BAJA;Cosmitet Ltda.;N/A;N/A
1494;1495;546;Termohigrometro;KTJ;Ta318;Th-00085;N.I;Hospitalizacion;Carro de paro #5;N.A;No especifica;DISPONIBLE;Cosmitet Ltda.;N/A;N/A
1495;1496;547;Termohigrometro;KTJ;ta218b;th19008;N.I;Hospitalizacion;estacion de enfermeria #5 carronde medicamentos;N.A;No especifica;DISPONIBLE;Cosmitet Ltda.;N/A;N/A
1496;1497;548;Termohigrometro;KTJ;ta318;th2205;N.I;Hospitalizacion;Carro de medicamentos #5;N.A;No especifica;DISPONIBLE;Cosmitet Ltda.;N/A;N/A
1497;1498;554;Termohigrometro;Kex Germany;sh-109;201502-1;N.I;Hospitalizacion;Trabajo limpio #4;N.A;No especifica;DISPONIBLE;Cosmitet Ltda.;N/A;N/A
1498;1499;554;Termohigrometro;Kex Germany;sh-109;201502-7;N.I;Hospitalizacion;Carro de paro #4;N.A;No especifica;DISPONIBLE;Cosmitet Ltda.;N/A;N/A
1499;1500;554;Termohigrometro;Kex Germany;sh-109;201508-3;N.A;Hospitalizacion;estacion de enfermeria#4 N;N.A;No especifica;BAJA;Cosmitet Ltda.;N/A;N/A
1500;1501;548;Termohigrometro;KTJ;ta318;thr-0043;N.I;Hospitalizacion;Carro de medicamentos #5;N.A;No especifica;Mantenimiento;Cosmitet Ltda.;N/A;N/A
1501;1502;545;Termohigrometro;KTJ;Ta218b;IMG-TH001;N.A;Imagenes Diagnosticas;Resonancia;N.A;No Aplica;DISPONIBLE;Cosmitet Ltda.;N/A;N/A
1502;1503;545;Termohigrometro;KTJ;Ta218b;IMG-TH002;N.I;Imagenes Diagnosticas;Tomografia;N.A;No especifica;DISPONIBLE;Cosmitet Ltda.;N/A;N/A
1503;1504;549;Termohigrometro;Kex Germany;SH-109;201115-2;N.A;Laboratorio;Oficina jefe;N.A;No especifica;BAJA;Cosmitet Ltda.;N/A;N/A
1504;1505;549;Termohigrometro;Kex Germany;SH-109;260815-14;N.A;Laboratorio;Almacen;N.A;No especifica;DISPONIBLE;Cosmitet Ltda.;N/A;N/A
1505;1506;549;Termohigrometro;Kex Germany;SH-109;201115-4;N.A;Laboratorio;Microbiologia;N.A;No especifica;DISPONIBLE;Cosmitet Ltda.;N/A;N/A
1506;1507;549;Termohigrometro;Kex Germany;SH-109;THR-00854;N.A;Laboratorio;Regionales (Microelisa);N.A;No especifica;DISPONIBLE;Cosmitet Ltda.;N/A;N/A
1507;1508;544;Termohigrometro;KTJ;TA318;TH2309-03;N.I;Laboratorio;Hematologia-insumos;N.A;No especifica;Mantenimiento;No especifica;No especifica;No especifica
1508;1509;544;Termohigrometro;KTJ;TA318;TH2309-04;N.I;Urgencias;Cuarto pediatrico;N.A;No especifica;DISPONIBLE;Cosmitet Ltda.;N/A;N/A
1509;1510;544;Termohigrometro;KTJ;TA318;TH2309-06;N.I;Urgencias;urgencias-insumos;N.A;No especifica;DISPONIBLE;Cosmitet Ltda.;N/A;N/A
1510;1511;544;Termohigrometro;KTJ;TA318;TH2309-01;N.I;Laboratorio;Microbiologia-insumos;N.A;No especifica;DISPONIBLE;Cosmitet Ltda.;N/A;N/A
1511;1512;544;Termohigrometro;KTJ;TA318;TH2309-05;N.I;Laboratorio;QX-insumos;N.A;No especifica;DISPONIBLE;Cosmitet Ltda.;N/A;N/A
1512;1513;537;Termohigrometro;KTJ;TA 318;TH 2309-02;N.A;Laboratorio;Microbiologia;N.A;No especifica;DISPONIBLE;Cosmitet Ltda.;N/A;N/A
1513;1514;537;Termohigrometro;KTJ;TA 318;TH 2309-04;N.A;Laboratorio;Almacen;N.A;No especifica;DISPONIBLE;Cosmitet Ltda.;N/A;N/A
1514;1515;544;Termohigrometro;KTJ;TA318;TH 2309-03;N.A;Laboratorio;Urgencias Microscopia;N.A;No especifica;DISPONIBLE;Cosmitet Ltda.;N/A;N/A
1515;1516;537;Termohigrometro;KTJ;TA 318;THC-00119;N.I;Hospitalizacion;hospitalizacion;N.A;No Aplica;DISPONIBLE;No especifica;No especifica;No especifica
1516;1517;537;Termohigrometro;KTJ;TA 318;TH 2309-06;N.A;Laboratorio;Hematologia - Coagulacion;N.A;No especifica;DISPONIBLE;Cosmitet Ltda.;N/A;N/A
1517;1518;537;Termohigrometro;KTJ;TA 318;TH 2309-05;N.A;Laboratorio;Quimica;N.A;No especifica;DISPONIBLE;Cosmitet Ltda.;N/A;N/A
1518;1519;537;Termohigrometro;KTJ;TA 318;TM1044;N.I;Laboratorio;Toma de Muestras IPS Tequendama;N.A;No Aplica;DISPONIBLE;Cosmitet Ltda.;N/A;N/A
1519;1520;537;Termohigrometro;KTJ;TA 318;20230041;N.A;Laboratorio;Toma de Muestras IPS Tequendama;N.A;No Aplica;DISPONIBLE;Cosmitet Ltda.;N/A;N/A
1520;1521;537;Termohigrometro;KTJ;TA 318;TH2309-02;N.A;Laboratorio;Microbiologia-insumos;N.A;No Aplica;DISPONIBLE;Cosmitet Ltda.;N/A;N/A
1521;1522;537;Termohigrometro;KTJ;TA 318;20230043;N.A;Central de Gases;MANIFOULD;N.A;No Aplica;DISPONIBLE;Cosmitet Ltda.;N/A;N/A
1522;1523;540;Termohigrometro;KTJ;TA218B;TH19001;N.A;Laboratorio;Toma de Muestras;N.A;No especifica;DISPONIBLE;Cosmitet Ltda.;N/A;N/A
1523;1524;540;Termohigrometro;KTJ;TA218B;TH19002;N.A;Laboratorio;Toma de Muestras;N.A;No especifica;DISPONIBLE;Cosmitet Ltda.;N/A;N/A
1524;1525;541;Termohigrometro;KTJ;TA218D;USC-001;N.A;Laboratorio;Laboratorio;N.A;No especifica;DISPONIBLE;Cosmitet Ltda.;N/A;N/A
1525;1526;544;Termohigrometro;KTJ;TA318;Onc-T001;N.A;Oncologia;Area medicamentos;N.A;No Aplica;DISPONIBLE;Cosmitet Ltda.;N/A;N/A
1526;1527;553;Termohigrometro;Kex Germany;TH109;Onc-T002;V115871;Oncologia;Area medicamentos;N.A;No Aplica;DISPONIBLE;Cosmitet Ltda.;N/A;N/A
1527;1528;551;Termohigrometro;Kex Germany;SH109;TP001;N.I;Biomedico;Biomedico Metrologia;N.A;No especifica;DISPONIBLE;Cosmitet Ltda.;N/A;N/A
1528;1529;551;Termohigrometro;Kex Germany;SH109;PAR-TH02;N.I;Partos;Observacion Partos;N.A;No especifica;Mantenimiento;Cosmitet Ltda.;N/A;N/A
1529;1530;544;Termohigrometro;KTJ;TA318;TH2309-07;N.I;UCI 1;CUARTO DE INSUMOS;N.A;No especifica;DISPONIBLE;Cosmitet Ltda.;N/A;N/A
1530;1531;551;Termohigrometro;Kex Germany;SH109;TH-022;N1048;Biomedico;Biomedico Metrologia;N.A;No especifica;DISPONIBLE;Cosmitet Ltda.;N/A;N/A
1531;1532;532;Termohigrometro;Generico;309;KEX-S2017;N.I;Biomedico;Biomedico Metrologia;N.A;No especifica;DISPONIBLE;Cosmitet Ltda.;N/A;N/A
1532;1533;554;Termohigrometro;Kex Germany;sh-109;kex-s2016-10-01t;N.I;Rehabilitacion Cardiaca;carro de paro;N.A;No especifica;DISPONIBLE;Cosmitet Ltda.;N/A;N/A
1533;1534;549;Termohigrometro;Kex Germany;SH-109;UCI2-TH002;N.I;UCI 2;Carro de paro;N.A;No especifica;DISPONIBLE;Cosmitet Ltda.;N/A;N/A
1534;1535;550;Termohigrometro;Kex Germany;SH-110;THR0025;N.I;UCI 2;Carro de medicamentos;N.A;No especifica;DISPONIBLE;Cosmitet Ltda.;N/A;N/A
1535;1536;540;Termohigrometro;KTJ;TA218B;TH19004;N.I;Biomedico;Biomedico Metrologia;N.A;No especifica;DISPONIBLE;Cosmitet Ltda.;N/A;N/A
1536;1537;544;Termohigrometro;KTJ;TA318;N.I;N.I;UCI 2;Cuarto limpio;N.A;No especifica;DISPONIBLE;Cosmitet Ltda.;N/A;N/A
1537;1538;549;Termohigrometro;Kex Germany;SH-109;TH003;N.I;Biomedico;Biomedico Metrologia;N.A;No especifica;DISPONIBLE;Cosmitet Ltda.;N/A;N/A
1538;1539;544;Termohigrometro;KTJ;TA318;TM0319;N.I;UCIN;CARRO DE PARO;N.A;No especifica;DISPONIBLE;Cosmitet Ltda.;N/A;N/A
1539;1540;556;Termohigrometro;Kex Germany;sh109;201505;N.I;Biomedico;Biomedico metrologia;N.A;No Aplica;DISPONIBLE;Cosmitet Ltda.;N/A;N/A
1540;1541;554;Termohigrometro;Kex Germany;sh-109;201502-4;N.I;Biomedico;Biomedico Metrologia;N.A;No Aplica;DISPONIBLE;Cosmitet Ltda.;N/A;N/A
1541;1542;554;Termohigrometro;Kex Germany;sh-109;20150429-3;N.I;Biomedico;Mantenimiento biomedico;N.A;No especifica;DISPONIBLE;Cosmitet Ltda.;N/A;N/A
1542;1543;548;Termohigrometro;KTJ;ta318;th2309-08;N.I;UCIN;Carro de medicamentos;N.A;No especifica;DISPONIBLE;Cosmitet Ltda.;N/A;N/A
1543;1544;536;Termohigrometro;KTJ;TA 218D;20190429;N.I;UCI 1;Carro de medicamentos;N.A;No especifica;DISPONIBLE;Cosmitet Ltda.;N/A;N/A
1544;1545;549;Termohigrometro;Kex Germany;SH-109;1856;N.I;UCIN;Trabajo limpio;N.A;No especifica;DISPONIBLE;Cosmitet Ltda.;N/A;N/A
1545;1546;549;Termohigrometro;Kex Germany;SH-109;THR-020;N.I;UCIN;Trabajo limpio;N.A;No especifica;DISPONIBLE;Cosmitet Ltda.;N/A;N/A
1546;1547;557;Termohigrometro;MEDICAL TECHPRO;HTC-2;THU2102;N.A;UCIN;NEVERA DE MEDICAMENTOS;N.A;No especifica;DISPONIBLE;Cosmitet Ltda.;N/A;N/A
1547;1548;549;Termohigrometro;Kex Germany;SH-109;TH006;N.I;UCI 1;NEVERA DE MEDICAMENTOS;N.A;No especifica;DISPONIBLE;Cosmitet Ltda.;N/A;N/A
1548;1549;549;Termohigrometro;Kex Germany;SH-109;TH005;N.I;UCI 1;CARRO DE MEDICAMENTOS 1;N.A;No especifica;DISPONIBLE;Cosmitet Ltda.;Cosmitet Ltda.;N/A
1549;1550;559;Termohigrometro;No especifica;N.I.;N.I.;N.I;UCI 1;CARRO DE MEDICAMENTOS 2;N.A;No especifica;DISPONIBLE;Cosmitet Ltda.;N/A;N/A
1550;1551;549;Termohigrometro;Kex Germany;SH-109;1855;N.I;UCI 1;Carro de paro;N.A;No especifica;DISPONIBLE;Cosmitet Ltda.;Cosmitet Ltda.;N/A
1551;1552;544;Termohigrometro;KTJ;TA318;1786;N.I;Unidad Renal;Deposito de Insumos;N.A;No especifica;DISPONIBLE;Cosmitet Ltda.;N/A;N/A
1552;1553;533;Termohigrometro;Generico;DC103;20230259;N.A;Urgencias;CURACIONES;N.A;No especifica;DISPONIBLE;Cosmitet Ltda.;N/A;N/A
1553;1554;533;Termohigrometro;Generico;DC103;20230255;N.A;Imagenes Diagnosticas;Imagenes;N.A;No especifica;DISPONIBLE;Cosmitet Ltda.;N/A;N/A
1554;1555;534;Termohigrometro;Generico;DC104;TM1011;N.A;Biomedico;Imagenes;N.A;No especifica;DISPONIBLE;Cosmitet Ltda.;N/A;N/A
1555;1556;533;Termohigrometro;Generico;DC103;20230288;N.A;Imagenes Diagnosticas;Imagenes;N.A;No especifica;DISPONIBLE;Cosmitet Ltda.;N/A;N/A
1556;1557;533;Termohigrometro;Generico;DC103;20230274;N.I;UCI 1;UCI 1;N.A;No especifica;DISPONIBLE;Cosmitet Ltda.;N/A;N/A
1557;1558;533;Termohigrometro;Generico;DC103;20230264;N.I;UCI 2;UCI 2;N.A;No especifica;DISPONIBLE;Cosmitet Ltda.;N/A;N/A
1558;1559;533;Termohigrometro;Generico;DC103;20230228;N.A;UCI 1;UCI 1;N.A;No especifica;DISPONIBLE;Cosmitet Ltda.;N/A;N/A
1559;1560;544;Termohigrometro;KTJ;TA318;152509-2;N.A;Oncologia;Sala de quimioterapia;N.A;No Aplica;DISPONIBLE;Cosmitet Ltda.;N/A;N/A
1560;1561;552;Termohigrometro;Kex Germany;Sh-109;THE-00112;N.A;Unidad Renal;Sala de hemodialisis;N.A;No especifica;DISPONIBLE;Cosmitet Ltda.;N/A;N/A
1561;1562;544;Termohigrometro;KTJ;TA318;TM1012;N.I;Central de Esterilizacion;Area de lavado;N.A;No especifica;DISPONIBLE;Cosmitet Ltda.;N/A;N/A
1562;1563;535;Termohigrometro;KTJ;TA 218B;THCMB01;N.A;Laboratorio;Toma de Muestras Bosque;N.A;No especifica;DISPONIBLE;Cosmitet Ltda.;N/A;N/A
1563;1564;537;Termohigrometro;KTJ;TA 318;TH2211-01;N.A;Laboratorio;Toma de Muestras Ferrocarriles;N.A;No especifica;DISPONIBLE;Cosmitet Ltda.;N/A;N/A
1564;1565;537;Termohigrometro;KTJ;TA 318;TM0980;N.A;Laboratorio;Toma de Muestras Ferrocarriles;N.A;No especifica;DISPONIBLE;Cosmitet Ltda.;No especifica;N/A
1565;1566;549;Termohigrometro;Kex Germany;SH-109;6042352;N.A;Urgencias;Reanimacion;N.A;No Aplica;DISPONIBLE;Cosmitet Ltda.;N/A;N/A
1566;1567;544;Termohigrometro;KTJ;TA318;TH2309-11;N.I;Cirugia;Stock Cirugia;N.A;No especifica;DISPONIBLE;Cosmitet Ltda.;N/A;N/A
1567;1568;544;Termohigrometro;KTJ;TA318;TH2309-14;N.I;Cirugia;Stock Cirugia;N.A;No especifica;DISPONIBLE;Cosmitet Ltda.;N/A;N/A
1568;1569;544;Termohigrometro;KTJ;TA318;TH2309-13;N.I;Cirugia;SALA 6;N.A;No especifica;DISPONIBLE;Cosmitet Ltda.;N/A;N/A
1569;1570;544;Termohigrometro;KTJ;TA318;TH2309-09;N.I;Cirugia;Stock Cirugia;N.A;No especifica;DISPONIBLE;Cosmitet Ltda.;N/A;N/A
1570;1571;544;Termohigrometro;KTJ;TA318;TH2309-15;N.I;Cirugia;Stock Cirugia;N.A;No especifica;DISPONIBLE;Cosmitet Ltda.;N/A;N/A
1571;1572;544;Termohigrometro;KTJ;TA318;TH2203;N.I;Hospitalizacion;Carro de paro 5 piso norte;N.A;No especifica;DISPONIBLE;Cosmitet Ltda.;N/A;N/A
1572;1573;544;Termohigrometro;KTJ;TA318;TM1021;N.A;Hospitalizacion;No especifica;N.A;No Aplica;Mantenimiento;Cosmitet Ltda.;N/A;N/A
1573;1574;538;Termohigrometro;KTJ;TA-318;TH2309-12;N.I;Cirugia;Recuperacion;N.A;No especifica;DISPONIBLE;Cosmitet Ltda.;N/A;N/A
1574;1575;549;Termohigrometro;Kex Germany;SH-109;THUR-001;N.A;Urgencias;Sala de procedimientos;N.A;No Aplica;DISPONIBLE;Cosmitet Ltda.;N/A;N/A
1575;1576;549;Termohigrometro;Kex Germany;SH-109;URG-001;N.A;Urgencias;Bodega coordinacion;N.A;No Aplica;DISPONIBLE;Cosmitet Ltda.;N/A;N/A
1576;1577;544;Termohigrometro;KTJ;TA318;TH2309-10;N.A;Urgencias;Observacion (trabajo limpio);N.A;No Aplica;DISPONIBLE;Cosmitet Ltda.;N/A;N/A
1577;1578;549;Termohigrometro;Kex Germany;SH-109;N.I;N.I;Urgencias;Observacion (Almacenamiento de insumos);N.A;No Aplica;DISPONIBLE;Cosmitet Ltda.;N/A;N/A
1578;1579;551;Termohigrometro;Kex Germany;SH109;TP002;N.A;Imagenes Diagnosticas;Carro de paro;N.A;No especifica;DISPONIBLE;Cosmitet Ltda.;N/A;N/A
1579;1580;544;Termohigrometro;KTJ;TA318;No especifica;N.I;Unidad Renal;Oficina Jefe;N.A;No especifica;DISPONIBLE;Cosmitet Ltda.;N/A;N/A
1580;1581;538;Termohigrometro;KTJ;TA-318;TM-1021;N.I;Cirugia;Carro de paro salas cirugia;N.A;No especifica;DISPONIBLE;Cosmitet Ltda.;N/A;N/A
1581;1582;538;Termohigrometro;KTJ;TA-318;TM-1040;N.I;Cirugia;Sala 2;N.A;No especifica;DISPONIBLE;Cosmitet Ltda.;N/A;N/A
1582;1583;541;Termohigrometro;KTJ;TA218D;KTJ-N2015-10-01T;NI;Banco de Sangre;Bodega coordinacion;N.A;No especifica;DISPONIBLE;Cosmitet Ltda.;N/A;N/A
1583;1584;544;Termohigrometro;KTJ;TA318;TH2201;N.A;Hospitalizacion;Nrvera 8vo piso;N.A;No especifica;DISPONIBLE;Cosmitet Ltda.;N/A;N/A
1584;1585;561;Termometro Analogo;ARTHERMO;Analogo;TE008;N.I;Laboratorio;Nevera challenger;No especifica;No especifica;DISPONIBLE;Cosmitet Ltda.;N/A;N/A
1585;1586;579;Termometro con Sonda;VICI;TM803;BIO-E24499;N.A;Oncologia;---;No especifica;No Aplica;DISPONIBLE;No especifica;No especifica;No especifica
1586;1587;578;Termometro con Sonda;Kex Germany;RT-803E;ONC-T003;N.I;Oncologia;Area medicamentos;No especifica;No Aplica;DISPONIBLE;Cosmitet Ltda.;No especifica;No especifica
1587;1588;580;Termometro de piel;Alfa Safe;TRDR004;EX09221;N.I;Banco de Sangre;Valoracion Entrevista;No especifica;No especifica;DISPONIBLE;Cosmitet Ltda.;N/A;N/A
1588;1589;572;Termometro Digital;No especifica;No especifica;THR-011316;N.I;UCI 1;No especifica;No especifica;No Aplica;Mantenimiento;Cosmitet Ltda.;N/A;N/A
1589;1590;568;Termometro Digital;Kex Germany;RT-803E;2129;N.I;UCI 1;CUARTO DE EQUIPOS;No especifica;No especifica;DISPONIBLE;Cosmitet Ltda.;N/A;N/A
1590;1591;568;Termometro Digital;Kex Germany;RT-803E;TM002;N.I;UCI 2;Trabajo limpio;No especifica;No especifica;DISPONIBLE;Cosmitet Ltda.;N/A;N/A
1591;1592;573;Termometro Digital;No especifica;RT-803E;2121;N.I;Gastroscopia;Sala de procedimientos;No especifica;No especifica;BAJA;Cosmitet Ltda.;Cosmitet Ltda.;N/A
1592;1593;563;Termometro Digital;Brixco;NI;8767;N.A;Hemodinamia;Nevera de medicamentos;No especifica;No especifica;DISPONIBLE;Cosmitet Ltda.;Cosmitet Ltda.;N/A
1593;1594;563;Termometro Digital;Brixco;NI;tmh001;N.A;Hemodinamia;Nevera de medicamentos;No especifica;No especifica;DISPONIBLE;Cosmitet Ltda.;N/A;N/A
1594;1595;567;Termometro Digital;Generico;n.i;thr-011314;N.I;Hospitalizacion;Trabajo limpio #7;No especifica;No especifica;DISPONIBLE;Cosmitet Ltda.;N/A;N/A
1595;1596;562;Termometro Digital;ANSENY;TPM-10;THR-011313;N.I;UCI 1;Cuarto de equipos;No especifica;No especifica;DISPONIBLE;Cosmitet Ltda.;N/A;N/A
1596;1597;570;Termometro Digital;No especifica;DIGITAL;TMB001;N.I;Biomedico;BIOMEDICO;No especifica;No especifica;DISPONIBLE;Cosmitet Ltda.;No especifica;No especifica
1597;1598;565;Termometro Digital;FRIDGE FREZER;DIGITAL;T1175;N.I;Laboratorio;Nevera challenger;No especifica;No especifica;DISPONIBLE;Cosmitet Ltda.;N/A;N/A
1598;1599;568;Termometro Digital;Kex Germany;RT-803E;TE001;N.I;Laboratorio;Nevera samsung;No especifica;No especifica;DISPONIBLE;Cosmitet Ltda.;N/A;N/A
1599;1600;568;Termometro Digital;Kex Germany;RT-803E;TE002;N.I;Laboratorio;Regionales (Microelisa);No especifica;No especifica;DISPONIBLE;Cosmitet Ltda.;N/A;N/A
1600;1601;568;Termometro Digital;Kex Germany;RT-803E;TE006;N.I;Laboratorio;Nevera Haceb;No especifica;No especifica;DISPONIBLE;Cosmitet Ltda.;N/A;N/A
1601;1602;568;Termometro Digital;Kex Germany;RT-803E;0301TN-01LB;N.I;Laboratorio;Almacen;No especifica;No especifica;DISPONIBLE;Cosmitet Ltda.;N/A;N/A
1602;1603;569;Termometro Digital;No especifica;803;No especifica;N.I;Partos;Observacion Partos;No especifica;No especifica;Mantenimiento;Cosmitet Ltda.;N/A;N/A
1603;1604;562;Termometro Digital;ANSENY;TPM-10;THR-011317;N.I;UCI 2;Trabajo limpio;No especifica;CLASE IIA;DISPONIBLE;Cosmitet Ltda.;N/A;N/A
1604;1605;562;Termometro Digital;ANSENY;TPM-10;THR-011315;N.I;UCIN;UCIN;No especifica;No especifica;DISPONIBLE;Cosmitet Ltda.;N/A;N/A
1605;1606;573;Termometro Digital;No especifica;RT-803E;N.I;N.I;UCIN;UCIN;No especifica;No especifica;DISPONIBLE;Cosmitet Ltda.;N/A;N/A
1606;1607;566;Termometro Digital;Generico;Digital;CRG-TH-002;N.I;Cirugia;Recuperacion;No especifica;No especifica;DISPONIBLE;Cosmitet Ltda.;Cosmitet Ltda.;N/A
1607;1608;566;Termometro Digital;Generico;Digital;CRG-TH-001;N.I;Cirugia;Recuperacion;No especifica;No especifica;DISPONIBLE;Cosmitet Ltda.;Cosmitet Ltda.;N/A
1608;1609;564;Termometro Digital;Estra;generico;THR-011964;N.I;Urgencias;Sala de procedimientos;No especifica;No Aplica;DISPONIBLE;Cosmitet Ltda.;N/A;N/A
1609;1610;568;Termometro Digital;Kex Germany;RT-803E;N.I;N.I;Unidad Renal;Estacion de Enfermeria;No especifica;No especifica;DISPONIBLE;Cosmitet Ltda.;N/A;N/A
1610;1611;573;Termometro Digital;No especifica;RT-803E;THR-0061;N.I;Unidad Renal;Estacion de Enfermeria;No especifica;No especifica;DISPONIBLE;Cosmitet Ltda.;N/A;N/A
1611;1612;562;Termometro Digital;ANSENY;TPM-10;Thr-011319;N.I;UCI 1;Cuarto terapia- BODEGA 3 PISO;INVIMA 2017DM-0016409;No especifica;DISPONIBLE;Cosmitet Ltda.;N/A;N/A
1612;1613;575;Termometro Infrarrojo;INFRARED;AET-R1B1;7217;N.I;Banco de Sangre;Valoracion Entrevista;No especifica;No especifica;DISPONIBLE;Cosmitet Ltda.;N/A;N/A
1613;1614;581;Termometro nevera;Kex Germany;rt-803e;2107;N.I;Hospitalizacion;Cuarto de medicamentos;INVIMA2018DM-0018130;No especifica;DISPONIBLE;Cosmitet Ltda.;N/A;N/A
1614;1615;576;Termometro Punzon;Brixco;4112;0320116TC;N.I;Banco de Sangre;separacion de componentes;No especifica;No especifica;DISPONIBLE;Cosmitet Ltda.;N/A;N/A
1615;1616;577;Termometro Punzon;Winters;punzon;TML002;N.A;Laboratorio;Regionales (Microelisa);No especifica;No especifica;DISPONIBLE;Cosmitet Ltda.;N/A;N/A
1616;1617;582;Tomografo;Toshiba;Activion 16;1CC09Z2587;V106014;Imagenes Diagnosticas;Tomografia;INVIMA 2018EBC-0019097;No especifica;DISPONIBLE;Cosmitet Ltda.;Top medical;CUATRIMESTRAL
1617;1618;583;Torniquete Electronico;Zimmer;A.T.S. 2000;N.I;N934;Cirugia;Cuarto de equipos;INVIMA 2009DM-0003829;No especifica;DISPONIBLE;Cosmitet Ltda.;SUKHI;SEMESTRAL
1618;1619;584;Torre de laparoscopia;Conmed;BRD8503GD;030-03112021;N.I;Cirugia;Cuarto de equipos;INVIMA 2009DM-0003830;No especifica;DISPONIBLE;Cosmitet Ltda.;Cosmitet Ltda.;SEMESTRAL
1619;1620;585;Torre de laparoscopia;Karl Storz;N.E;09-141451;N.I;Cirugia;Cuarto de equipos;INVIMA 2023DM-0027827;No especifica;DISPONIBLE;Cosmitet Ltda.;Cosmitet Ltda.;ANUAL
1620;1621;587;Ultrasonido;Mettler Electronics;ME715;124A3260;N.I;Terapia Respiratoria;Oficina terapia respiratoria;INVIMA 2010DM-0005878;No especifica;DISPONIBLE;Cosmitet Ltda.;Cosmitet Ltda.;ANUAL
1621;1622;586;Ultrasonido;Bard;site-rite 8;DYCUAD513;N9464;UCI 1;CUARTO DE EQUIPOS;INVIMA 2014DM-0012064;No especifica;DISPONIBLE;Cosmitet Ltda.;Cosmitet Ltda.;ANUAL
1622;1623;588;Unidad Odontologica Portatil;KROMADENT;MP-250;8836;V101579;Cirugia;Cuarto de equipos;INVIMA 2014DM-0012065;No especifica;DISPONIBLE;Cosmitet Ltda.;Cosmitet Ltda.;ANUAL
1623;1624;589;Ureteroscopio;Karl Storz;flex 2s;11278 AU1;N.I;Cirugia;Cuarto de equipos;INVIMA 2017DM-0016030;No especifica;DISPONIBLE;Dr. Fernadez;N/A;N/A
1624;1625;593;Vaporizador;General Electric;TEC 850 CEV;CQBA06583;N.I;Cirugia;Sala 4;INVIMA 2014DM-0012067;No especifica;DISPONIBLE;Cosmitet Ltda.;BAXTER;ANUAL
1625;1626;590;Vaporizador;Datex Ohmeda;ISOTEC5;BCYE02730;N.I;Cirugia;Sala 1;INVIMA 2014DM-0012068;No especifica;DISPONIBLE;Baxter;Baxter;ANUAL
1626;1627;591;Vaporizador;Draguer;S-2000;ASKF-1566;N.I;Cirugia;Cuarto de equipos;INVIMA 2014DM-0012069;No especifica;DISPONIBLE;Baxter;Baxter;ANUAL
1627;1628;591;Vaporizador;Draguer;S-2000;ASKF-1565;N.I;Cirugia;Cuarto de equipos;INVIMA 2014DM-0012070;No especifica;DISPONIBLE;Baxter;Baxter;ANUAL
1628;1629;592;Vaporizador;Draguer;SEV;SQBA06584;N.I;Cirugia;Sala 4;INVIMA 2014DM-0012071;No especifica;DISPONIBLE;Cosmitet Ltda.;BAXTER;ANUAL
1629;1630;593;Vaporizador;General Electric;TEC 850 CEV;CQVA06569;N.I;Cirugia;Sala 3;INVIMA 2014DM-0012072;No especifica;DISPONIBLE;Cosmitet Ltda.;BAXTER;ANUAL
1630;1631;590;Vaporizador;Datex Ohmeda;ISOTEC5;VCYE02586;N.I;Cirugia;Sala 3;INVIMA 2014DM-0012073;No especifica;DISPONIBLE;Cosmitet Ltda.;BAXTER;ANUAL
1631;1632;598;Ventilador Mecanico;Puritan Bennett;840;3512134731 / #1;V111249;UCI 1;UCI 2 - Cubiculo 25;INVIMA 2019EBC-0001832-R1;CLASE IIB;DISPONIBLE;Cosmitet Ltda.;Cosmitet Ltda.;SEMESTRAL
1632;1633;597;Ventilador Mecanico;Newport;E360;N15360229140 / #2;V115918;UCI 1;UCI 2 - Cubiculo 15;INVIMA 2019EBC-0001832-R1;CLASE IIB;DISPONIBLE;Cosmitet Ltda.;Cosmitet Ltda.;SEMESTRAL
1633;1634;598;Ventilador Mecanico;Puritan Bennett;840;3512134780 / #4;V111248;UCI 1;UCI 1 / Cubiculo 4;INVIMA 2019EBC-0001832-R1;CLASE IIB;DISPONIBLE;Cosmitet Ltda.;Cosmitet Ltda.;SEMESTRAL
1634;1635;597;Ventilador Mecanico;Newport;E360;N14360626485 / #5;V115421;UCI 1;UCI 1 - Cubiculo 10;INVIMA 2019EBC-0001832-R1;CLASE IIB;DISPONIBLE;Cosmitet Ltda.;SUKHI;SEMESTRAL
1635;1636;598;Ventilador Mecanico;Puritan Bennett;840;3512134757 / #6;V110932;UCI 1;UCI 2 - Cubiculo 18;INVIMA 2019EBC-0001832-R1;CLASE IIB;DISPONIBLE;Cosmitet Ltda.;Cosmitet Ltda.;SEMESTRAL
1636;1637;597;Ventilador Mecanico;Newport;E360;N14360626488 / #7;V115420;UCI 1;Bodega biomedico;INVIMA 2019EBC-0001832-R1;CLASE IIB;FUERA DE SERVICIO;Cosmitet Ltda.;Cosmitet Ltda.;SEMESTRAL
1637;1638;598;Ventilador Mecanico;Puritan Bennett;840;3512172306 / #8;N1538;UCI 1;UCI 1 - Cubiculo 11;INVIMA 2019EBC-0001832-R1;CLASE IIB;DISPONIBLE;Cosmitet Ltda.;Cosmitet Ltda.;SEMESTRAL
1638;1639;598;Ventilador Mecanico;Puritan Bennett;840;3512134768 / #9;V113069;UCI 1;UCI 2 . Cubiculo 16;INVIMA 2019EBC-0001832-R1;CLASE IIB;DISPONIBLE;Cosmitet Ltda.;Cosmitet Ltda.;SEMESTRAL
1639;1640;598;Ventilador Mecanico;Puritan Bennett;840;3512172313 / #11;N1540;UCI 1;UCI 2 - Cubiculo 28;INVIMA 2019EBC-0001832-R1;CLASE IIB;DISPONIBLE;Cosmitet Ltda.;Cosmitet Ltda.;SEMESTRAL
1640;1641;598;Ventilador Mecanico;Puritan Bennett;840;3512172323 / #12;N1537;UCI 1;UCI 2- Cubiculo 27;INVIMA 2019EBC-0001832-R1;CLASE IIB;DISPONIBLE;Cosmitet Ltda.;Cosmitet Ltda.;SEMESTRAL
1641;1642;598;Ventilador Mecanico;Puritan Bennett;840;3512140637 / #13;V113316;UCI 1;UCI 2 - Cubiculo 19;INVIMA 2019EBC-0001832-R1;CLASE IIB;DISPONIBLE;Cosmitet Ltda.;Cosmitet Ltda.;SEMESTRAL
1642;1643;594;Ventilador Mecanico;Drager;Evita XL;LUF860/ #14;V115527;UCI 1;UCO - Cubiculo 9;INVIMA 2008EBC-0002635;CLASE IIB;FUERA DE SERVICIO;Cosmitet Ltda.;Cosmitet Ltda.;SEMESTRAL
1643;1644;597;Ventilador Mecanico;Newport;E360;N15360128895 / #16;V115916;UCI 1;UCI 1 - Cubiculo 1;INVIMA 2019EBC-0001832-R1;CLASE IIB;DISPONIBLE;Cosmitet Ltda.;Cosmitet Ltda.;SEMESTRAL
1644;1645;598;Ventilador Mecanico;Puritan Bennett;840;3512134761 / #17;V110931;UCI 1;UCI 2 - Cubiculo 21;INVIMA 2019EBC-0001832-R1;CLASE IIB;DISPONIBLE;Cosmitet Ltda.;Cosmitet Ltda.;SEMESTRAL
1645;1646;598;Ventilador Mecanico;Puritan Bennett;840;3512133660 / #18;V110930;UCI 1;UCI 2 - Cubiculo 25;INVIMA 2019EBC-0001832-R1;CLASE IIB;DISPONIBLE;Cosmitet Ltda.;Cosmitet Ltda.;SEMESTRAL
1646;1647;598;Ventilador Mecanico;Puritan Bennett;840;3512172307 / #19;N1539;UCI 1;UCI 1 - Cubiculo 2;INVIMA 2019EBC-0001832-R1;CLASE IIB;DISPONIBLE;Cosmitet Ltda.;Cosmitet Ltda.;SEMESTRAL
1647;1648;601;Ventilador Mecanico de transporte;Puritan Bennett;/;40966J2292 / #20;N687;UCI 1;UCIN;INVIMA 2019EBC-0001832-R1;CLASE IIB;DISPONIBLE;Cosmitet Ltda.;Cosmitet Ltda.;SEMESTRAL
1648;1649;598;Ventilador Mecanico;Puritan Bennett;840;3512134741 / #21;V111690;UCI 1;UCI 1- CUBICULO 9;INVIMA 2019EBC-0001832-R1;CLASE IIB;DISPONIBLE;Cosmitet Ltda.;Cosmitet Ltda.;SEMESTRAL
1649;1650;597;Ventilador Mecanico;Newport;E360;N15360128897 / #22;V115917;UCI 1;Bodega biomedico;INVIMA 2019EBC-0001832-R1;CLASE IIB;FUERA DE SERVICIO;Cosmitet Ltda.;Cosmitet Ltda.;SEMESTRAL
1650;1651;597;Ventilador Mecanico;Newport;E360;A184436521 / #23;N.I;UCI 1;UCI - Cubiculo 14;INVIMA 2019EBC-0001832-R1;CLASE IIB;DISPONIBLE;Cosmitet Ltda.;SUKHI;SEMESTRAL
1651;1652;598;Ventilador Mecanico;Puritan Bennett;840;3512134755 / #24;V111689;UCI 1;UCI 2 - Cubiculo 30;INVIMA 2019EBC-0001832-R1;CLASE IIB;DISPONIBLE;Cosmitet Ltda.;Cosmitet Ltda.;SEMESTRAL
1652;1653;596;Ventilador Mecanico;General Electric;Engstron;CBCU00229 / #25;V116301;UCI 1;CUBCULO -27;INVIMA 2010EBC-0006333;CLASE IIB;DISPONIBLE;Cosmitet Ltda.;Cosmitet Ltda.;SEMESTRAL
1653;1654;596;Ventilador Mecanico;General Electric;Engstron;CBCU00230 / #27;V116302;Urgencias;Reanimacion;INVIMA 2010EBC-0006333;CLASE IIB;DISPONIBLE;Cosmitet Ltda.;Cosmitet Ltda.;SEMESTRAL
1654;1655;597;Ventilador Mecanico;Newport;E360;N14360626626 / #30;V115403;UCI 1;UCI 2 - Cubiculo 22;INVIMA 2019EBC-0001832-R1;CLASE IIB;FUERA DE SERVICIO;Cosmitet Ltda.;Cosmitet Ltda.;SEMESTRAL
1655;1656;597;Ventilador Mecanico;Newport;E360;N14260626487 / #32;V115423;UCI 1;uci 1 (cubiculo 8);INVIMA 2019EBC-0001832-R1;CLASE IIB;DISPONIBLE;Cosmitet Ltda.;SUKHI;SEMESTRAL
1656;1657;598;Ventilador Mecanico;Puritan Bennett;840;3512140652 / #34;V113315;UCI 1;UCI 1 - Cubiculo 13;INVIMA 2019EBC-0001832-R1;CLASE IIB;DISPONIBLE;Cosmitet Ltda.;Cosmitet Ltda.;SEMESTRAL
1657;1658;597;Ventilador Mecanico;Newport;E360;N15360229142 / #36;V115919;UCI 1;UCI 2 - Cubiculo 24;INVIMA 2019EBC-0001832-R1;CLASE IIB;DISPONIBLE;Cosmitet Ltda.;SUKHI;SEMESTRAL
1658;1659;600;Ventilador Mecanico;Tecme;Neumovent Graph;100911011070A1V / #42;2025000105;UCI 1;UCI 1 - Cubiculo 09;INVIMA 2009EBC-0004138;CLASE IIB;DISPONIBLE;Cosmitet Ltda.;Cosmitet Ltda.;SEMESTRAL
1659;1660;598;Ventilador Mecanico;Puritan Bennett;840;3512210979 / #43;N3298;UCI 1;UCI 2 - Cubiculo 17;INVIMA 2019EBC-0001832-R1;CLASE IIB;DISPONIBLE;Cosmitet Ltda.;Cosmitet Ltda.;SEMESTRAL
1660;1661;598;Ventilador Mecanico;Puritan Bennett;840;3513201148 / #44;N3299;UCI 1;UCI 1 - Cubiculo 6;INVIMA 2019EBC-0001832-R1;CLASE IIB;DISPONIBLE;Cosmitet Ltda.;Cosmitet Ltda.;SEMESTRAL
1661;1662;600;Ventilador Mecanico;Tecme;Neumovent Graph;080810651070 A1V / #46;1045000046;UCI 1;UCI 2 - Cubiculo 23;INVIMA 2009EBC-0004138;CLASE IIB;DISPONIBLE;Cosmitet Ltda.;SUKHI;SEMESTRAL
1662;1663;595;Ventilador Mecanico;Drager;Savina 300;Asek-0170 / #47;V112882;Terapia Respiratoria;UCI 2 - Cubiculo 26;INVIMA 2020EBC-0006726-R1;CLASE IIB;DISPONIBLE;Cosmitet Ltda.;Cosmitet Ltda.;SEMESTRAL
1663;1664;598;Ventilador Mecanico;Puritan Bennett;840;3512135591 / #49;V1133117;UCI 1;Bodega biomedico;INVIMA 2019EBC-0001832-R1;CLASE IIB;DISPONIBLE;Cosmitet Ltda.;Cosmitet Ltda.;SEMESTRAL
1664;1665;598;Ventilador Mecanico;Puritan Bennett;840;3512135578 / #50;V113070;UCI 1;Bodega biomedico;INVIMA 2019EBC-0001832-R1;CLASE IIB;FUERA DE SERVICIO;Cosmitet Ltda.;Cosmitet Ltda.;SEMESTRAL
1665;1666;598;Ventilador Mecanico;Puritan Bennett;840;3513201149 / #52;N3300;UCI 1;UCI2;INVIMA 2019EBC-0001832-R1;CLASE IIB;DISPONIBLE;Cosmitet Ltda.;Cosmitet Ltda.;SEMESTRAL
1666;1667;599;Ventilador Mecanico;Puritan Bennett;980;35B2008785 / #53;N3301;UCI 1;UCI 2 - Cubiculo 20;INVIMA 2019EBC-0001832-R1;CLASE IIB;DISPONIBLE;Cosmitet Ltda.;Cosmitet Ltda.;SEMESTRAL
1667;1668;598;Ventilador Mecanico;Puritan Bennett;840;3512172315 / #10;N1536;UCI 1;UCI 2 / Cubiculo 26;INVIMA 2019EBC-0001832-R1;CLASE IIB;DISPONIBLE;Cosmitet Ltda.;Cosmitet Ltda.;SEMESTRAL
1668;1669;602;Videocolonoscopio;Olympus;CF-HQ190L;2410639;N.I;Gastroscopia;Sala de procedimientos;INVIMA 2023DM-0010441-R1;CLASE IIA;BAJA;Cosmitet Ltda.;Biomeg;SEMESTRAL
1669;1670;603;Videocolonoscopio;Pentax;EC38-I10CL;C0002Z0459;N.I;Gastroscopia;Sala de procedimientos;INVIMA 2008DM-0002552;CLASE IIA;DISPONIBLE;Cosmitet Ltda.;Cosmitet Ltda.;SEMESTRAL
1670;1671;604;Videoduodenoscopio;Olympus;TJF-Q180V;2304109;N.I;Gastroscopia;Sala de procedimientos;INVIMA 2017DM-0017138;CLASE IIA;DISPONIBLE;Cosmitet Ltda.;Biomeg;SEMESTRAL
1671;1672;605;Videogastroscopio;Olympus;GIF-1TH190;2400246;N.I;Gastroscopia;Sala de procedimientos;INVIMA 2023DM-0027502;CLASE IIA;DISPONIBLE;Cosmitet Ltda.;Biomeg;SEMESTRAL
1672;1673;606;Videogastroscopio;Pentax;EG29-I10C;C0008Z1402;N.I;Gastroscopia;Sala de procedimientos;INVIMA 2008DM-0002625;CLASE IIA;DISPONIBLE;Cosmitet Ltda.;Cosmitet Ltda.;N/A
1673;1674;607;Videolaringoscopio;Medtronic;Mc GRATH;157801;N.I;Cirugia;Cirugia;INVIMA 2023DM-0009646-R1;CLASE IIA;DISPONIBLE;Cosmitet Ltda.;N/A;N/A
1674;1675;608;Vitrector;Alcon;Constelation Vision System;1801545301X;V100770;Cirugia;Cuarto de equipos;INVIMA 2019EBC-0003112-R1;No especifica;DISPONIBLE;Cosmitet Ltda.;Cosmitet Ltda.;N/A
1675;;43;Bascula Analoga;Medic;N.I;BA-004;N3509;Hospitalizacion;HOSPITALIZACION;INVIMA 2013DM-0010061;CLASE I;DISPONIBLE;Cosmitet Ltda.;SUKHI;ANUAL
1676;;45;Bascula Analoga;Seca;762;5762271154967;N549;Urgencias;Consultorio;INVIMA2013DM-0010000;CLASE I;DISPONIBLE;Cosmitet Ltda.;Cosmitet Ltda.;ANUAL
1677;;45;Bascula Analoga;Seca;762;10000000750070;N7649;Urgencias;Consultorio;INVIMA2013DM-0010001;CLASE I;DISPONIBLE;Cosmitet Ltda.;Cosmitet Ltda.;ANUAL
1678;;76;Cama Hospitalaria;MB;mb11-2;7842;V107724;Hospitalizacion;Habitacion 605;INVIMA 2024DM-0012181-R2;CLASE I;DISPONIBLE;Cosmitet Ltda.;Cosmitet Ltda.;ANUAL
1679;;79;Cama Hospitalaria;Mafet;ta23-2603-002;N.I;N2730;Hospitalizacion;Hospitalizacion;INVIMA 2024DM-0012181-R1;CLASE I;DISPONIBLE;Cosmitet Ltda.;sukhi;SEMESTRAL
1680;;81;Cama Hospitalaria;Mafet;ta23-series;No especifica;V109615;Hospitalizacion;Hospitalizacion;INVIMA 2024DM-0012033-R1;CLASE I;DISPONIBLE;Cosmitet Ltda.;Cosmitet Ltda.;ANUAL
1681;;417;Pulsioximetro;Edan;H100-B;360101-M24104800078;N11163;Urgencias;Oficina jefe;INVIMA 2020EBC-0005674-R2;CLASE IIB;DISPONIBLE;Cosmitet Ltda.;SUKHI;N/A
1682;;418;Pulsioximetro;Edan;H100B;316036-M14400080085;V114711;Consulta Especialista;COLSULTA ESPECIALISTA;INVIMA 2020EBC-0005674-R1;CLASE IIB;DISPONIBLE;Cosmitet Ltda.;N/A;N/A
1683;;102;Congelador;Midea;MD 40L308;540-AA077M01-A825-0810002;N.I.;Unidad Transfusional;unidad transfucional;No especifica;No especifica;Mantenimiento;No especifica;No especifica;No especifica
1684;;490;Succionador;Thomas;1630GL;2050006218;1015001064;UCIN;CUBICULO 1;INVIMA 2016DM-0015608;CLASE IIA;DISPONIBLE;Cosmitet Ltda.;SUKHI;ANUAL
1685;;508;Tensiometro;Welch Allyn;901092;210306045118;N3798;Biomedico;Biomedico;INVIMA2018DM-0018127;CLASE IIA;DISPONIBLE;Cosmitet Ltda.;Cosmitet Ltda.;ANUAL
1686;;508;Tensiometro;Welch Allyn;901092;210306050517;N3799;Biomedico;Biomedico;INVIMA2018DM-0018127;CLASE IIA;DISPONIBLE;Cosmitet Ltda.;Cosmitet Ltda.;ANUAL
1687;;513;Tensiometro;Welch Allyn;N.A.;111114205153;N.A.;Biomedico;Biomedico;INVIMA2018DM-0018128;CLASE IIA;DISPONIBLE;Cosmitet Ltda.;SUKhi;ANUAL
1688;;513;Tensiometro;Welch Allyn;N.A.;180419073328;N.A.;Biomedico;Biomedico;INVIMA2018DM-0018128;CLASE IIA;DISPONIBLE;Cosmitet Ltda.;SUKhi;ANUAL
1689;;514;Tensiometro;Welch Allyn;No especifica;70413143162;AF30532;Biomedico;Biomedico;INVIMA2018DM-0018128;CLASE IIA;DISPONIBLE;Cosmitet Ltda.;Cosmitet Ltda.;ANUAL
1690;;509;Tensiometro;Welch Allyn;Adulto;210417104938;n4459;Biomedico;Biomedico;INVIMA2018DM-0018127;CLASE IIA;DISPONIBLE;Cosmitet Ltda.;Cosmitet Ltda.;ANUAL
1691;;504;Tensiometro;Seca;Pediatrico;6004000000178;N642;Biomedico;MTO BIOMEDICO;INVIMA 2016DM-0015648;CLASE IIA;DISPONIBLE;Cosmitet Ltda.;Sukhi;ANUAL
1692;;516;Tensiometro;Welch Allyn;SHOCK RESISTANT;210816065959;N9300;Biomedico;MTO BIOMEDICO;INVIMA2018DM-0018127;CLASE IIA;DISPONIBLE;Cosmitet Ltda.;Sukhi;ANUAL
1693;;516;Tensiometro;Welch Allyn;SHOCK RESISTANT;210816072038;N9307;Biomedico;MTO BIOMEDICO;INVIMA2018DM-0018128;CLASE IIA;DISPONIBLE;Cosmitet Ltda.;Sukhi;ANUAL
1694;;516;Tensiometro;Welch Allyn;SHOCK RESISTANT;120524062703;N.I;Biomedico;MTO BIOMEDICO;INVIMA2018DM-0018127;CLASE IIA;DISPONIBLE;Cosmitet Ltda.;Sukhi;ANUAL
1695;;516;Tensiometro;Welch Allyn;SHOCK RESISTANT;70302101653;N.I;Biomedico;MTO BIOMEDICO;INVIMA2018DM-0018127;CLASE IIA;DISPONIBLE;Cosmitet Ltda.;Sukhi;ANUAL
1696;;503;Tensiometro;Seca;N.I;6004000000131;N666;Biomedico;MTO BIOMEDICO;INVIMA 2016DM-0015648;CLASE IIA;DISPONIBLE;Cosmitet Ltda.;Sukhi;ANUAL
1697;;503;Tensiometro;Seca;N.I;6004000000375;N661;Biomedico;MTO BIOMEDICO;INVIMA 2016DM-0015648;CLASE IIA;DISPONIBLE;Cosmitet Ltda.;Sukhi;ANUAL
1698;;501;Tensiometro;Lord;n.i;1108391;V116831;Hospitalizacion;Bodega hospitalizacion;INVIMA 2009DM-0004179;CLASE IIA;DISPONIBLE;Cosmitet Ltda.;Cosmitet Ltda.;ANUAL
1699;;498;Tensiometro;GMD;GMD20;n.i.;V113266;Hospitalizacion;bodega hospitalizacion;INVIMA 2020DM-0021211;CLASE IIA;DISPONIBLE;Cosmitet Ltda.;Cosmitet Ltda.;ANUAL
1700;;506;Tensiometro;Welch Allyn;297;150807111345;N10962;Urgencias;Consultorio #1;INVIMA2018DM-0018127;CLASE IIA;DISPONIBLE;Cosmitet Ltda.;sukhi;ANUAL
1701;;523;Tensiometro Digital;HomeLife;BF-5100;200542789;N2020;Biomedico;Biomedico;INVIMA 2017DM-0016556;CLASE IIA;DISPONIBLE;Cosmitet Ltda.;sukhi;ANUAL
1702;;555;Termohigrometro;Kex Germany;sh-110;20150429-4;N.I;Biomedico;Mantenimiento biomedico;N.A;No especifica;BAJA;Cosmitet Ltda.;N/A;N/A
1703;;571;Termometro Digital;No especifica;Digital;CRD5;N.I;Biomedico;mto biomedico;No especifica;No especifica;DISPONIBLE;Cosmitet Ltda.;N/A;No especifica
1704;;574;Termometro Infrarrojo;BENETECH;GM531;N.I;N.I;Laboratorio;Coordinacion laboratorio;No especifica;No especifica;Mantenimiento;No especifica;N/A;N/A
1705;;600;Ventilador Mecanico;Tecme;Neumovent Graph;200848561083A1V;N.A;Biomedico;Biomedico;INVIMA 2009EBC-0004139;CLASE IIB;DISPONIBLE;Cosmitet Ltda.;SUKHI;SEMESTRAL
